<?xml version="1.0" encoding="utf-8"?>
<Project>
	<TemplateObjectList>
		<TemplateObject objectName="self" id="0" isTemp="false"/>
		<TemplateObject objectName="target" id="1" isTemp="false"/>
	</TemplateObjectList>
	<RefParamList>
		<Vector3i name="_TargetDir" x="0" y="0" z="0" refParamName="" useRefParam="false"/>
		<Vector3i name="_TargetPos" x="0" y="0" z="0" refParamName="" useRefParam="false"/>
	</RefParamList>
	<Action tag="" length="9.000" loop="false">
		<Track trackName="SetObjectDirectionTick0" eventType="SetObjectDirectionTick" guid="2b767094-bee5-4ffd-807c-e2759b06b84e" enabled="true" refParamName="" useRefParam="false" r="0.000" g="0.433" b="1.000" execOnForceStopped="false" execOnActionCompleted="false" stopAfterLastEvent="true">
			<Event eventName="SetObjectDirectionTick" time="0.000" isDuration="false">
				<TemplateObject name="targetId" objectName="self" id="0" isTemp="false" refParamName="" useRefParam="false"/>
				<int name="rotationY" value="0" refParamName="" useRefParam="false"/>
				<bool name="bFlipByCamera" value="true" refParamName="" useRefParam="false"/>
			</Event>
		</Track>
	</Action>
</Project>

