<?xml version="1.0" encoding="utf-8"?>
<Project>
	<TemplateObjectList>
		<TemplateObject objectName="self" id="0" isTemp="false"/>
		<TemplateObject objectName="target" id="1" isTemp="false"/>
		<TemplateObject objectName="bullet" id="2" isTemp="true"/>
		<TemplateObject objectName="bullet1" id="3" isTemp="true"/>
	</TemplateObjectList>
	<RefParamList>
		<String name="BulletPrefab" value="" refParamName="" useRefParam="false"/>
		<Vector3i name="_TargetDir" x="0" y="0" z="0" refParamName="" useRefParam="false"/>
		<Vector3i name="_TargetPos" x="0" y="0" z="0" refParamName="" useRefParam="false"/>
	</RefParamList>
	<Action tag="" length="1.000" loop="false">
		<Track trackName="SpawnObjectDuration0" eventType="SpawnObjectDuration" guid="c890e4ed-8300-4e21-8d66-757283ec3cc0" enabled="true" refParamName="" useRefParam="false" r="0.000" g="0.433" b="1.000" execOnForceStopped="false" execOnActionCompleted="false" stopAfterLastEvent="true">
			<Event eventName="SpawnObjectDuration" time="0.000" length="1.000" isDuration="true">
				<TemplateObject name="targetId" objectName="bullet" id="2" isTemp="true" refParamName="" useRefParam="false"/>
				<TemplateObject name="parentId" objectName="None" id="-1" isTemp="false" refParamName="" useRefParam="false"/>
				<TemplateObject name="objectSpaceId" objectName="self" id="0" isTemp="false" refParamName="" useRefParam="false"/>
				<bool name="bTargetPosition" value="false" refParamName="" useRefParam="false"/>
				<Vector3i name="targetPosition" x="0" y="0" z="0" refParamName="" useRefParam="false"/>
				<String name="prefabName" value="prefab_characters/commonempty" refParamName="" useRefParam="false"/>
				<bool name="bMoveCollision" value="false" refParamName="" useRefParam="false"/>
				<bool name="recreateExisting" value="true" refParamName="" useRefParam="false"/>
				<bool name="superTranslation" value="false" refParamName="" useRefParam="false"/>
				<bool name="modifyTranslation" value="true" refParamName="" useRefParam="false"/>
				<Vector3i name="translation" x="0" y="1380" z="0" refParamName="" useRefParam="false"/>
				<bool name="bHeroEffect" value="false" refParamName="" useRefParam="false"/>
				<bool name="bUseIndicatorDir" value="false" refParamName="" useRefParam="false"/>
				<bool name="modifyDirection" value="true" refParamName="" useRefParam="false"/>
				<Enum name="modifyDirUsage" value="0" refParamName="" useRefParam="false">
					<uint name="当[参考对象]有值时不使用"/>
					<uint name="作为本物体朝向"/>
					<uint name="本物体朝向它"/>
					<uint name=""/>
				</Enum>
				<Vector3i name="direction" x="0" y="0" z="0" refParamName="" useRefParam="false"/>
				<bool name="bRotation" value="false" refParamName="" useRefParam="false"/>
				<int name="yRotation" value="0" refParamName="" useRefParam="false"/>
				<bool name="bUseRecordPos" value="false" refParamName="" useRefParam="false"/>
				<bool name="bUseRecordDir" value="false" refParamName="" useRefParam="false"/>
				<bool name="bChangeMaterialWithParent" value="false" refParamName="" useRefParam="false"/>
				<TemplateObject name="materialParentActorId" objectName="self" id="0" isTemp="false" refParamName="" useRefParam="false"/>
				<bool name="modifyScaling" value="true" refParamName="" useRefParam="false"/>
				<Vector3 name="scaling" x="1.000" y="1.000" z="1.000" refParamName="" useRefParam="false"/>
				<bool name="enableLayer" value="false" refParamName="" useRefParam="false"/>
				<int name="layer" value="0" refParamName="" useRefParam="false"/>
				<bool name="enableTag" value="false" refParamName="" useRefParam="false"/>
				<String name="tag" value="" refParamName="" useRefParam="false"/>
				<bool name="applyActionSpeedToAnimation" value="true" refParamName="" useRefParam="false"/>
				<bool name="applyActionSpeedToParticle" value="true" refParamName="" useRefParam="false"/>
				<int name="sightRadius" value="0" refParamName="" useRefParam="false"/>
				<bool name="bSameVisibleAsAttacker" value="false" refParamName="" useRefParam="false"/>
				<bool name="bUseSkinAdvance" value="false" refParamName="" useRefParam="false"/>
				<bool name="bVisibleByFow" value="true" refParamName="" useRefParam="false"/>
				<TemplateObject name="visionActorId" objectName="self" id="0" isTemp="false" refParamName="" useRefParam="false"/>
				<bool name="bRefreshVision" value="false" refParamName="" useRefParam="false"/>
				<bool name="bInvisibleBullet" value="false" refParamName="" useRefParam="false"/>
				<bool name="bLayOnNavMesh" value="false" refParamName="" useRefParam="false"/>
				<bool name="bForbidTargetOutOfNavmeshConvexHull" value="false" refParamName="" useRefParam="false"/>
				<bool name="bRealTimeSight" value="false" refParamName="" useRefParam="false"/>
				<bool name="bEnableAnimation" value="false" refParamName="" useRefParam="false"/>
				<bool name="bOpenSight" value="false" refParamName="" useRefParam="false"/>
				<bool name="bForbidBulletInObstacle" value="false" refParamName="" useRefParam="false"/>
				<bool name="bBlockObj" value="false" refParamName="" useRefParam="false"/>
				<bool name="bUseSkin" value="false" refParamName="" useRefParam="false"/>
				<bool name="bRecordObjPosition" value="false" refParamName="" useRefParam="false"/>
				<TemplateObject name="recordTargeID" objectName="None" id="-1" isTemp="false" refParamName="" useRefParam="false"/>
			</Event>
		</Track>
		<Track trackName="TriggerParticle6" eventType="TriggerParticle" guid="d1939f1f-84aa-46f2-9322-abcc2231ad1a" enabled="true" refParamName="" useRefParam="false" r="0.000" g="1.000" b="0.833" execOnForceStopped="false" execOnActionCompleted="false" stopAfterLastEvent="true">
			<Event eventName="TriggerParticle" time="0.000" length="1.000" isDuration="true">
				<TemplateObject name="targetId" objectName="bullet" id="2" isTemp="false" refParamName="" useRefParam="false"/>
				<TemplateObject name="objectSpaceId" objectName="None" id="-1" isTemp="false" refParamName="" useRefParam="false"/>
				<String name="parentResourceName" value="" refParamName="" useRefParam="false"/>
				<String name="resourceName" value="Prefab_Skill_Effects/Hero_Skill_Effects/532_Genius/53202/genius_bullet_normal" refParamName="" useRefParam="false"/>
				<String name="resourceName2" value="" refParamName="" useRefParam="false"/>
				<String name="resourceName3" value="" refParamName="" useRefParam="false"/>
				<String name="bindPointName" value="" refParamName="" useRefParam="false"/>
				<bool name="dontShowIfNoBindPoint" value="false" refParamName="" useRefParam="false"/>
				<Vector3 name="bindPosOffset" x="0.000" y="0.000" z="0.000" refParamName="" useRefParam="false"/>
				<bool name="bBindPosOffsetInWorldSpace" value="false" refParamName="" useRefParam="false"/>
				<EulerAngle name="bindRotOffset" x="0.000" y="0.000" z="0.000" refParamName="" useRefParam="false"/>
				<Vector3 name="scaling" x="1.000" y="1.000" z="1.000" refParamName="" useRefParam="false"/>
				<bool name="bUseRealScaling" value="false" refParamName="" useRefParam="false"/>
				<bool name="bEnableOptCull" value="true" refParamName="" useRefParam="false"/>
				<bool name="bHeroEffect" value="false" refParamName="" useRefParam="false"/>
				<bool name="bBulletPos" value="false" refParamName="" useRefParam="false"/>
				<TemplateObject name="lookTargetId" objectName="None" id="-1" isTemp="false" refParamName="" useRefParam="false"/>
				<bool name="bAlwaysLookTarget" value="false" refParamName="" useRefParam="false"/>
				<bool name="bLookTarget" value="false" refParamName="" useRefParam="false"/>
				<bool name="bBulletDir" value="false" refParamName="" useRefParam="false"/>
				<bool name="applyActionSpeedToAnimation" value="false" refParamName="" useRefParam="false"/>
				<bool name="bBullerPosDir" value="false" refParamName="" useRefParam="false"/>
				<bool name="bHideWhenDead" value="true" refParamName="" useRefParam="false"/>
				<bool name="bRotateFollowCamera" value="false" refParamName="" useRefParam="false"/>
				<bool name="bUse3DUICamera" value="false" refParamName="" useRefParam="false"/>
				<bool name="bUseTargetSkinEffect" value="false" refParamName="" useRefParam="false"/>
				<bool name="bReplayWhenChangeMesh" value="false" refParamName="" useRefParam="false"/>
				<bool name="bTrailProtect" value="false" refParamName="" useRefParam="false"/>
				<bool name="bKeepChildScale" value="false" refParamName="" useRefParam="false"/>
				<bool name="applyActionSpeedToParticle" value="true" refParamName="" useRefParam="false"/>
				<int name="extend" value="10" refParamName="" useRefParam="false"/>
				<bool name="bOnlyFollowPos" value="false" refParamName="" useRefParam="false"/>
				<int name="iDelayDisappearTime" value="0" refParamName="" useRefParam="false"/>
				<int name="particleScaleGrow" value="0" refParamName="" useRefParam="false"/>
				<bool name="enableMaxFollowTime" value="false" refParamName="" useRefParam="false"/>
				<float name="maxFollowTime" value="0.000" refParamName="" useRefParam="false"/>
				<bool name="bindOnHUD" value="false" refParamName="" useRefParam="false"/>
				<Enum name="showInStatus" value="0" refParamName="" useRefParam="false">
					<uint name="任意状态"/>
					<uint name="Idle状态"/>
					<uint name="移动状态"/>
					<uint name="死亡状态"/>
					<uint name="其他状态"/>
					<uint name="脱战状态"/>
					<uint name="战斗状态"/>
				</Enum>
				<bool name="bExcludeSpecialActor" value="true" refParamName="" useRefParam="false"/>
				<Enum name="ReplacementUsage" value="0" refParamName="" useRefParam="false">
					<uint name="无"/>
					<uint name="回城特效"/>
					<uint name="击杀特效"/>
					<uint name="泉水加速特效"/>
				</Enum>
				<Enum name="ReplacementSubUsage" value="0" refParamName="" useRefParam="false">
					<uint name="无"/>
					<uint name="回城落地特效"/>
				</Enum>
				<bool name="bNoDynamicLod" value="false" refParamName="" useRefParam="false"/>
				<bool name="bMeshResouce" value="false" refParamName="" useRefParam="false"/>
				<bool name="bAllowEmptyEffect" value="false" refParamName="" useRefParam="false"/>
				<bool name="bSpecialBuffEffect" value="false" refParamName="" useRefParam="false"/>
			</Event>
		</Track>
		<Track trackName="MoveBulletDuration0" eventType="MoveBulletDuration" guid="a4b4420f-87ae-4a8f-8c74-f5b800394aec" enabled="true" refParamName="" useRefParam="false" r="1.000" g="0.000" b="0.367" execOnForceStopped="false" execOnActionCompleted="false" stopAfterLastEvent="true">
			<Event eventName="MoveBulletDuration" time="0.000" length="1.000" isDuration="true">
				<TemplateObject name="targetId" objectName="bullet" id="2" isTemp="false" refParamName="" useRefParam="false"/>
				<TemplateObject name="destId" objectName="None" id="-1" isTemp="false" refParamName="" useRefParam="false"/>
				<Vector3i name="targetPosition" x="0" y="0" z="0" refParamName="" useRefParam="false"/>
				<Vector3i name="offsetDir" x="0" y="0" z="0" refParamName="_TargetDir" useRefParam="true"/>
				<Enum name="hitPoint" value="0" refParamName="" useRefParam="false">
					<uint name="胸部"/>
					<uint name="头部"/>
				</Enum>
				<Enum name="MoveType" value="2" refParamName="" useRefParam="false">
					<uint name="指定目标"/>
					<uint name="指定位置"/>
					<uint name="指定朝向"/>
				</Enum>
				<int name="distance" value="7500" refParamName="" useRefParam="false"/>
				<bool name="bChargingEffect" value="false" refParamName="" useRefParam="false"/>
				<int name="chargingDistance" value="0" refParamName="" useRefParam="false"/>
				<bool name="bResetMoveDistance" value="false" refParamName="" useRefParam="false"/>
				<String name="OutputVelocityName" value="" refParamName="" useRefParam="false"/>
				<int name="velocity" value="25000" refParamName="" useRefParam="false"/>
				<int name="acceleration" value="0" refParamName="" useRefParam="false"/>
				<int name="gravity" value="0" refParamName="" useRefParam="false"/>
				<int name="groundOffset" value="0" refParamName="" useRefParam="false"/>
				<bool name="bMoveRotate" value="true" refParamName="" useRefParam="false"/>
				<bool name="bAdjustSpeed" value="false" refParamName="" useRefParam="false"/>
				<int name="minSpeed" value="-1" refParamName="" useRefParam="false"/>
				<bool name="bBulletUseDir" value="false" refParamName="" useRefParam="false"/>
				<bool name="bIgnoreHeight" value="true" refParamName="" useRefParam="false"/>
				<bool name="bLockY" value="false" refParamName="" useRefParam="false"/>
				<bool name="bUseIndicatorDir" value="false" refParamName="" useRefParam="false"/>
				<bool name="bUseSpecifiedDir" value="false" refParamName="" useRefParam="false"/>
				<Vector3i name="specifiedDir" x="0" y="0" z="0" refParamName="" useRefParam="false"/>
				<bool name="bStopOnNavEdge" value="false" refParamName="" useRefParam="false"/>
				<bool name="bDelayLeave" value="false" refParamName="" useRefParam="false"/>
				<int name="randomRotateRange" value="0" refParamName="" useRefParam="false"/>
				<bool name="bKeepRelateDistance" value="false" refParamName="" useRefParam="false"/>
				<bool name="bOptimizeLanding" value="false" refParamName="" useRefParam="false"/>
				<bool name="bReachDestStop" value="true" refParamName="" useRefParam="false"/>
				<bool name="bDontFallInWall" value="false" refParamName="" useRefParam="false"/>
			</Event>
		</Track>
		<Track trackName="StopAction1" eventType="StopAction" guid="669d6640-a421-4308-a036-723eee01e508" enabled="true" refParamName="" useRefParam="false" r="0.033" g="1.000" b="0.000" execOnForceStopped="false" execOnActionCompleted="false" stopAfterLastEvent="true">
			<Condition id="2" guid="a4b4420f-87ae-4a8f-8c74-f5b800394aec" status="true"/>
			<Event eventName="StopAction" time="0.000" isDuration="false"/>
		</Track>
		<Track trackName="TriggerParticleTick0" eventType="TriggerParticleTick" guid="a9c4e78d-3b57-4924-b42c-b48016bff9af" enabled="true" refParamName="" useRefParam="false" r="0.000" g="0.217" b="1.000" execOnForceStopped="false" execOnActionCompleted="false" stopAfterLastEvent="true">
			<Event eventName="TriggerParticleTick" time="0.000" isDuration="false">
				<TemplateObject name="targetId" objectName="None" id="-1" isTemp="false" refParamName="" useRefParam="false"/>
				<TemplateObject name="objectSpaceId" objectName="self" id="0" isTemp="false" refParamName="" useRefParam="false"/>
				<bool name="bDonotAttackToMesh" value="false" refParamName="" useRefParam="false"/>
				<String name="parentResourceName" value="" refParamName="" useRefParam="false"/>
				<String name="resourceName" value="Prefab_Skill_Effects/Hero_Skill_Effects/532_Genius/53202/genius_attack_01" refParamName="" useRefParam="false"/>
				<String name="resourceName2" value="" refParamName="" useRefParam="false"/>
				<String name="resourceName3" value="" refParamName="" useRefParam="false"/>
				<float name="lifeTime" value="1.000" refParamName="" useRefParam="false"/>
				<String name="bindPointName" value="" refParamName="" useRefParam="false"/>
				<bool name="dontShowIfNoBindPoint" value="false" refParamName="" useRefParam="false"/>
				<Vector3 name="bindPosOffset" x="0.000" y="-0.020" z="0.500" refParamName="" useRefParam="false"/>
				<EulerAngle name="bindRotOffset" x="0.000" y="0.000" z="0.000" refParamName="" useRefParam="false"/>
				<Vector3 name="scaling" x="1.000" y="1.000" z="1.000" refParamName="" useRefParam="false"/>
				<bool name="bUseRealScaling" value="false" refParamName="" useRefParam="false"/>
				<bool name="bEnableOptCull" value="true" refParamName="" useRefParam="false"/>
				<bool name="bBullerPosDir" value="false" refParamName="" useRefParam="false"/>
				<bool name="bUseHeroLocalForward" value="false" refParamName="" useRefParam="false"/>
				<TemplateObject name="lookTargetId" objectName="None" id="-1" isTemp="false" refParamName="" useRefParam="false"/>
				<bool name="applyActionSpeedToParticle" value="true" refParamName="" useRefParam="false"/>
				<bool name="applyActionSpeedToAnimation" value="true" refParamName="" useRefParam="false"/>
				<int name="extend" value="10" refParamName="" useRefParam="false"/>
				<bool name="bOnlyFollowPos" value="false" refParamName="" useRefParam="false"/>
				<bool name="bRotateFollowCamera" value="false" refParamName="" useRefParam="false"/>
				<bool name="bRandomRotation" value="false" refParamName="" useRefParam="false"/>
				<EulerAngle name="randRotBegin" x="0.000" y="0.000" z="0.000" refParamName="" useRefParam="false"/>
				<EulerAngle name="randRotEnd" x="0.000" y="0.000" z="0.000" refParamName="" useRefParam="false"/>
				<bool name="bUseTargetSkinEffect" value="false" refParamName="" useRefParam="false"/>
				<bool name="bBulletPos" value="false" refParamName="" useRefParam="false"/>
				<bool name="bBulletDir" value="false" refParamName="" useRefParam="false"/>
				<int name="particleScaleGrow" value="0" refParamName="" useRefParam="false"/>
				<Enum name="ReplacementUsage" value="0" refParamName="" useRefParam="false">
					<uint name="无"/>
					<uint name="回城特效"/>
					<uint name="击杀特效"/>
					<uint name="泉水加速特效"/>
				</Enum>
				<Enum name="ReplacementSubUsage" value="0" refParamName="" useRefParam="false">
					<uint name="无"/>
					<uint name="回城落地特效"/>
				</Enum>
				<bool name="bNoDynamicLod" value="false" refParamName="" useRefParam="false"/>
				<bool name="bMeshResouce" value="false" refParamName="" useRefParam="false"/>
				<bool name="bAllowEmptyEffect" value="false" refParamName="" useRefParam="false"/>
			</Event>
		</Track>
		<Track trackName="PlayHeroSoundTick0" eventType="PlayHeroSoundTick" guid="a3423a2e-9b9b-4e70-b519-3dc4c12a622a" enabled="true" refParamName="" useRefParam="false" r="0.767" g="1.000" b="0.000" execOnForceStopped="false" execOnActionCompleted="false" stopAfterLastEvent="true">
			<Event eventName="PlayHeroSoundTick" time="0.000" isDuration="false">
				<TemplateObject name="targetId" objectName="self" id="0" isTemp="false" refParamName="" useRefParam="false"/>
				<TemplateObject name="sourceId" objectName="self" id="0" isTemp="false" refParamName="" useRefParam="false"/>
				<String name="eventName" value="Play_Genius_Attack_Skin2" refParamName="" useRefParam="false"/>
				<bool name="use1P3PSwitch" value="true" refParamName="" useRefParam="false"/>
				<bool name="useSkinSwitch" value="true" refParamName="" useRefParam="false"/>
				<Array name="extraSkinId" refParamName="" useRefParam="false" type="uint"/>
			</Event>
		</Track>
	</Action>
</Project>

