<?xml version="1.0" encoding="utf-8"?>
<Project>
	<TemplateObjectList>
		<TemplateObject objectName="self" id="0" isTemp="false"/>
		<TemplateObject objectName="target" id="1" isTemp="false"/>
	</TemplateObjectList>
	<RefParamList>
		<Vector3i name="_TargetDir" x="0" y="0" z="0" refParamName="" useRefParam="false"/>
		<Vector3i name="_TargetPos" x="0" y="0" z="0" refParamName="" useRefParam="false"/>
	</RefParamList>
	<Action tag="" length="0.300" loop="false">
		<Track trackName="CheckSkillCombineConditionTick0" eventType="CheckSkillCombineConditionTick" guid="5c70ea05-8de1-409f-b938-b07f0d9aa1b5" enabled="false" refParamName="" useRefParam="false" r="0.000" g="0.600" b="1.000" execOnForceStopped="false" execOnActionCompleted="false" stopAfterLastEvent="true">
			<Event eventName="CheckSkillCombineConditionTick" time="0.000" isDuration="false">
				<TemplateObject name="targetId" objectName="self" id="0" isTemp="false" refParamName="" useRefParam="false"/>
				<bool name="bCurrentBuffId" value="false" refParamName="" useRefParam="false"/>
				<int name="skillCombineId" value="532099" refParamName="" useRefParam="false"/>
				<Enum name="checkOPType" value="4" refParamName="" useRefParam="false">
					<uint name="不比较"/>
					<uint name="小于"/>
					<uint name="小等于"/>
					<uint name="等于"/>
					<uint name="大于"/>
					<uint name="大等于"/>
				</Enum>
				<int name="skillCombineLevel" value="0" refParamName="" useRefParam="false"/>
				<TemplateObject name="skillCombineSrcId" objectName="None" id="-1" isTemp="false" refParamName="" useRefParam="false"/>
				<bool name="bCheckSkillMark" value="false" refParamName="" useRefParam="false"/>
			</Event>
		</Track>
		<Track trackName="删除当前快照" eventType="RemoveBuffTick" guid="6f6464c9-4798-4011-a94c-2ed495611225" enabled="false" refParamName="" useRefParam="false" r="1.000" g="0.000" b="0.267" execOnForceStopped="false" execOnActionCompleted="false" stopAfterLastEvent="true">
			<Condition id="0" guid="5c70ea05-8de1-409f-b938-b07f0d9aa1b5" status="true"/>
			<Event eventName="RemoveBuffTick" time="0.000" isDuration="false">
				<TemplateObject name="targetId" objectName="self" id="0" isTemp="false" refParamName="" useRefParam="false"/>
				<int name="buffId" value="532104" refParamName="" useRefParam="false"/>
				<int name="BuffLayer" value="0" refParamName="" useRefParam="false"/>
				<bool name="bAllControlBuff" value="false" refParamName="" useRefParam="false"/>
				<bool name="bAllNagativeBuff" value="false" refParamName="" useRefParam="false"/>
				<bool name="bAllPositiveBuff" value="false" refParamName="" useRefParam="false"/>
				<bool name="bDontRefreshBuffTime" value="false" refParamName="" useRefParam="false"/>
			</Event>
		</Track>
		<Track trackName="一般攻击进入冷却" eventType="SkillCDTriggerTick" guid="187807db-3d95-4ea1-abbb-6989d73c805b" enabled="false" refParamName="" useRefParam="false" r="0.983" g="1.000" b="0.000" execOnForceStopped="false" execOnActionCompleted="false" stopAfterLastEvent="true">
			<Event eventName="SkillCDTriggerTick" time="0.000" isDuration="false">
				<TemplateObject name="targetId" objectName="self" id="0" isTemp="false" refParamName="" useRefParam="false"/>
				<bool name="useSlotType" value="false" refParamName="" useRefParam="false"/>
				<Enum name="slotType" value="0" refParamName="" useRefParam="false">
					<uint name="普通"/>
					<uint name="技能1"/>
					<uint name="技能2"/>
					<uint name="技能3"/>
					<uint name="技能4"/>
				</Enum>
				<bool name="forbidTriggerRepeatedly" value="false" refParamName="" useRefParam="false"/>
				<int name="overrideCDValue" value="0" refParamName="" useRefParam="false"/>
				<int name="triggerRatio" value="0" refParamName="" useRefParam="false"/>
			</Event>
		</Track>
		<Track trackName="印记快照" eventType="HitTriggerTick" guid="0418ea45-035a-4367-85bd-be72d2a54fb0" enabled="false" refParamName="" useRefParam="false" r="0.000" g="1.000" b="0.517" execOnForceStopped="false" execOnActionCompleted="false" stopAfterLastEvent="true">
			<Condition id="0" guid="5c70ea05-8de1-409f-b938-b07f0d9aa1b5" status="true"/>
			<Event eventName="HitTriggerTick" time="0.066" isDuration="false">
				<TemplateObject name="targetId" objectName="self" id="0" isTemp="false" refParamName="" useRefParam="false"/>
				<TemplateObject name="hitTargetId" objectName="None" id="-1" isTemp="false" refParamName="" useRefParam="false"/>
				<bool name="bInheritRefParams" value="false" refParamName="" useRefParam="false"/>
				<bool name="bulletHit" value="false" refParamName="" useRefParam="false"/>
				<TemplateObject name="victimId" objectName="None" id="-1" isTemp="false" refParamName="" useRefParam="false"/>
				<bool name="lastHit" value="false" refParamName="" useRefParam="false"/>
				<bool name="bSkillCombineChoose" value="false" refParamName="" useRefParam="false"/>
				<int name="SelfSkillCombineID_1" value="532104" refParamName="" useRefParam="false"/>
				<int name="SelfSkillCombineID_2" value="0" refParamName="" useRefParam="false"/>
				<int name="SelfSkillCombineID_3" value="0" refParamName="" useRefParam="false"/>
				<int name="SelfSkillCombineID1Probability" value="0" refParamName="" useRefParam="false"/>
				<int name="SelfSkillCombineID2Probability" value="0" refParamName="" useRefParam="false"/>
				<int name="SelfSkillCombineID3Probability" value="0" refParamName="" useRefParam="false"/>
				<int name="TargetSkillCombine_1" value="0" refParamName="" useRefParam="false"/>
				<int name="TargetSkillCombine_2" value="0" refParamName="" useRefParam="false"/>
				<int name="TargetSkillCombine_3" value="0" refParamName="" useRefParam="false"/>
				<int name="TargetSkillCombineID1Probability" value="0" refParamName="" useRefParam="false"/>
				<int name="TargetSkillCombineID2Probability" value="0" refParamName="" useRefParam="false"/>
				<int name="TargetSkillCombineID3Probability" value="0" refParamName="" useRefParam="false"/>
				<bool name="bCheckSight" value="false" refParamName="" useRefParam="false"/>
				<bool name="bCheckSkillLevel" value="false" refParamName="" useRefParam="false"/>
				<Enum name="refSkillSlot" value="1" refParamName="" useRefParam="false">
					<uint name="普攻"/>
					<uint name="技能1"/>
					<uint name="技能2"/>
					<uint name="技能3"/>
					<uint name="技能4"/>
					<uint name="天赋技能"/>
					<uint name="回城"/>
					<uint name="饰品栏技能"/>
					<uint name=""/>
					<uint name=""/>
					<uint name=""/>
				</Enum>
				<int name="refSkillLevel" value="0" refParamName="" useRefParam="false"/>
				<Enum name="compareOPType" value="3" refParamName="" useRefParam="false">
					<uint name="不比较"/>
					<uint name="小于"/>
					<uint name="小等于"/>
					<uint name="等于"/>
					<uint name="大于"/>
					<uint name="大等于"/>
					<uint name=""/>
					<uint name=""/>
					<uint name=""/>
				</Enum>
				<TemplateObject name="triggerId" objectName="None" id="-1" isTemp="false" refParamName="" useRefParam="false"/>
				<bool name="bExtraBuff" value="false" refParamName="" useRefParam="false"/>
				<bool name="bOverrideParam" value="false" refParamName="" useRefParam="false"/>
				<int name="buffOverrideParam1" value="0" refParamName="" useRefParam="false"/>
				<int name="buffOverrideParam2" value="0" refParamName="" useRefParam="false"/>
				<int name="buffOverrideParam3" value="0" refParamName="" useRefParam="false"/>
				<int name="buffOverrideParam4" value="0" refParamName="" useRefParam="false"/>
				<int name="buffOverrideParam5" value="0" refParamName="" useRefParam="false"/>
				<TemplateObject name="paramTargetId" objectName="None" id="-1" isTemp="false" refParamName="" useRefParam="false"/>
				<TemplateObject name="paramTargetId2" objectName="None" id="-1" isTemp="false" refParamName="" useRefParam="false"/>
			</Event>
		</Track>
		<Track trackName="1个印记" eventType="CheckSkillCombineConditionTick" guid="6762970e-708a-4532-be9f-e94d89274ca5" enabled="false" refParamName="" useRefParam="false" r="0.067" g="1.000" b="0.000" execOnForceStopped="false" execOnActionCompleted="false" stopAfterLastEvent="true">
			<Condition id="0" guid="5c70ea05-8de1-409f-b938-b07f0d9aa1b5" status="true"/>
			<Event eventName="CheckSkillCombineConditionTick" time="0.000" isDuration="false">
				<TemplateObject name="targetId" objectName="self" id="0" isTemp="false" refParamName="" useRefParam="false"/>
				<bool name="bCurrentBuffId" value="false" refParamName="" useRefParam="false"/>
				<int name="skillCombineId" value="532099" refParamName="" useRefParam="false"/>
				<Enum name="checkOPType" value="3" refParamName="" useRefParam="false">
					<uint name="不比较"/>
					<uint name="小于"/>
					<uint name="小等于"/>
					<uint name="等于"/>
					<uint name="大于"/>
					<uint name="大等于"/>
				</Enum>
				<int name="skillCombineLevel" value="1" refParamName="" useRefParam="false"/>
				<TemplateObject name="skillCombineSrcId" objectName="None" id="-1" isTemp="false" refParamName="" useRefParam="false"/>
				<bool name="bCheckSkillMark" value="false" refParamName="" useRefParam="false"/>
			</Event>
		</Track>
		<Track trackName="SkillCDTriggerTick1" eventType="SkillCDTriggerTick" guid="3b86e848-2fbc-4b09-9f5a-85c6e44cb182" enabled="false" refParamName="" useRefParam="false" r="0.217" g="0.000" b="1.000" execOnForceStopped="false" execOnActionCompleted="false" stopAfterLastEvent="true">
			<Condition id="4" guid="6762970e-708a-4532-be9f-e94d89274ca5" status="true"/>
			<Event eventName="SkillCDTriggerTick" time="0.000" isDuration="false">
				<TemplateObject name="targetId" objectName="self" id="0" isTemp="false" refParamName="" useRefParam="false"/>
				<bool name="useSlotType" value="true" refParamName="" useRefParam="false"/>
				<Enum name="slotType" value="1" refParamName="" useRefParam="false">
					<uint name="普通"/>
					<uint name="技能1"/>
					<uint name="技能2"/>
					<uint name="技能3"/>
					<uint name="技能4"/>
					<uint name="技能5"/>
					<uint name="技能6"/>
					<uint name="技能7"/>
					<uint name="技能8"/>
					<uint name="技能9"/>
				</Enum>
				<bool name="forbidTriggerRepeatedly" value="false" refParamName="" useRefParam="false"/>
				<int name="overrideCDValue" value="2000" refParamName="" useRefParam="false"/>
				<int name="triggerRatio" value="0" refParamName="" useRefParam="false"/>
			</Event>
		</Track>
		<Track trackName="2个印记" eventType="CheckSkillCombineConditionTick" guid="3a9acd50-f2f3-4a03-9ddf-0014cd4758d7" enabled="false" refParamName="" useRefParam="false" r="0.067" g="1.000" b="0.000" execOnForceStopped="false" execOnActionCompleted="false" stopAfterLastEvent="true">
			<Condition id="0" guid="5c70ea05-8de1-409f-b938-b07f0d9aa1b5" status="true"/>
			<Event eventName="CheckSkillCombineConditionTick" time="0.000" isDuration="false">
				<TemplateObject name="targetId" objectName="self" id="0" isTemp="false" refParamName="" useRefParam="false"/>
				<bool name="bCurrentBuffId" value="false" refParamName="" useRefParam="false"/>
				<int name="skillCombineId" value="532099" refParamName="" useRefParam="false"/>
				<Enum name="checkOPType" value="3" refParamName="" useRefParam="false">
					<uint name="不比较"/>
					<uint name="小于"/>
					<uint name="小等于"/>
					<uint name="等于"/>
					<uint name="大于"/>
					<uint name="大等于"/>
				</Enum>
				<int name="skillCombineLevel" value="2" refParamName="" useRefParam="false"/>
				<TemplateObject name="skillCombineSrcId" objectName="None" id="-1" isTemp="false" refParamName="" useRefParam="false"/>
				<bool name="bCheckSkillMark" value="false" refParamName="" useRefParam="false"/>
			</Event>
		</Track>
		<Track trackName="SkillCDTriggerTick1" eventType="SkillCDTriggerTick" guid="bbee4031-9e47-4a92-b686-7500313ef644" enabled="false" refParamName="" useRefParam="false" r="1.000" g="0.167" b="0.000" execOnForceStopped="false" execOnActionCompleted="false" stopAfterLastEvent="true">
			<Condition id="6" guid="3a9acd50-f2f3-4a03-9ddf-0014cd4758d7" status="true"/>
			<Event eventName="SkillCDTriggerTick" time="0.000" isDuration="false">
				<TemplateObject name="targetId" objectName="self" id="0" isTemp="false" refParamName="" useRefParam="false"/>
				<bool name="useSlotType" value="true" refParamName="" useRefParam="false"/>
				<Enum name="slotType" value="1" refParamName="" useRefParam="false">
					<uint name="普通"/>
					<uint name="技能1"/>
					<uint name="技能2"/>
					<uint name="技能3"/>
					<uint name="技能4"/>
					<uint name="技能5"/>
					<uint name="技能6"/>
					<uint name="技能7"/>
					<uint name="技能8"/>
					<uint name="技能9"/>
				</Enum>
				<bool name="forbidTriggerRepeatedly" value="false" refParamName="" useRefParam="false"/>
				<int name="overrideCDValue" value="4000" refParamName="" useRefParam="false"/>
				<int name="triggerRatio" value="0" refParamName="" useRefParam="false"/>
			</Event>
		</Track>
		<Track trackName="3个印记" eventType="CheckSkillCombineConditionTick" guid="90c3b88e-ab91-4b71-b3ff-9b7c1bc70e97" enabled="false" refParamName="" useRefParam="false" r="1.000" g="0.583" b="0.000" execOnForceStopped="false" execOnActionCompleted="false" stopAfterLastEvent="true">
			<Event eventName="CheckSkillCombineConditionTick" time="0.000" isDuration="false">
				<TemplateObject name="targetId" objectName="self" id="0" isTemp="false" refParamName="" useRefParam="false"/>
				<bool name="bCurrentBuffId" value="false" refParamName="" useRefParam="false"/>
				<int name="skillCombineId" value="532099" refParamName="" useRefParam="false"/>
				<Enum name="checkOPType" value="3" refParamName="" useRefParam="false">
					<uint name="不比较"/>
					<uint name="小于"/>
					<uint name="小等于"/>
					<uint name="等于"/>
					<uint name="大于"/>
					<uint name="大等于"/>
				</Enum>
				<int name="skillCombineLevel" value="3" refParamName="" useRefParam="false"/>
				<TemplateObject name="skillCombineSrcId" objectName="None" id="-1" isTemp="false" refParamName="" useRefParam="false"/>
				<bool name="bCheckSkillMark" value="false" refParamName="" useRefParam="false"/>
			</Event>
		</Track>
		<Track trackName="SkillCDTriggerTick1" eventType="SkillCDTriggerTick" guid="5b6fbccd-974d-45bf-a492-851d6eff3d7f" enabled="false" refParamName="" useRefParam="false" r="1.000" g="0.000" b="0.850" execOnForceStopped="false" execOnActionCompleted="false" stopAfterLastEvent="true">
			<Condition id="8" guid="90c3b88e-ab91-4b71-b3ff-9b7c1bc70e97" status="true"/>
			<Event eventName="SkillCDTriggerTick" time="0.000" isDuration="false">
				<TemplateObject name="targetId" objectName="self" id="0" isTemp="false" refParamName="" useRefParam="false"/>
				<bool name="useSlotType" value="true" refParamName="" useRefParam="false"/>
				<Enum name="slotType" value="1" refParamName="" useRefParam="false">
					<uint name="普通"/>
					<uint name="技能1"/>
					<uint name="技能2"/>
					<uint name="技能3"/>
					<uint name="技能4"/>
					<uint name="技能5"/>
					<uint name="技能6"/>
					<uint name="技能7"/>
					<uint name="技能8"/>
					<uint name="技能9"/>
				</Enum>
				<bool name="forbidTriggerRepeatedly" value="false" refParamName="" useRefParam="false"/>
				<int name="overrideCDValue" value="6000" refParamName="" useRefParam="false"/>
				<int name="triggerRatio" value="0" refParamName="" useRefParam="false"/>
			</Event>
		</Track>
		<Track trackName="RemoveBuffTick1" eventType="RemoveBuffTick" guid="3eb9c613-b6eb-4981-aa6d-f7ba26c1d9c7" enabled="false" refParamName="" useRefParam="false" r="0.000" g="0.217" b="1.000" execOnForceStopped="false" execOnActionCompleted="false" stopAfterLastEvent="true">
			<Event eventName="RemoveBuffTick" time="0.000" isDuration="false">
				<TemplateObject name="targetId" objectName="self" id="0" isTemp="false" refParamName="" useRefParam="false"/>
				<int name="buffId" value="532098" refParamName="" useRefParam="false"/>
				<int name="BuffLayer" value="0" refParamName="" useRefParam="false"/>
				<bool name="bAllControlBuff" value="false" refParamName="" useRefParam="false"/>
				<bool name="bAllNagativeBuff" value="false" refParamName="" useRefParam="false"/>
				<bool name="bAllPositiveBuff" value="false" refParamName="" useRefParam="false"/>
				<bool name="bDontRefreshBuffTime" value="false" refParamName="" useRefParam="false"/>
			</Event>
		</Track>
		<Track trackName="真0" eventType="CheckSkillCombineConditionTick" guid="a87fffc2-55ed-4649-ae71-fbcf9cf50e1e" enabled="true" refParamName="" useRefParam="false" r="0.000" g="1.000" b="0.000" execOnForceStopped="false" execOnActionCompleted="false" stopAfterLastEvent="true">
			<Event eventName="CheckSkillCombineConditionTick" time="0.000" isDuration="false">
				<TemplateObject name="targetId" objectName="self" id="0" isTemp="false" refParamName="" useRefParam="false"/>
				<bool name="bCurrentBuffId" value="false" refParamName="" useRefParam="false"/>
				<int name="skillCombineId" value="53211" refParamName="" useRefParam="false"/>
				<Enum name="checkOPType" value="3" refParamName="" useRefParam="false">
					<uint name="不比较"/>
					<uint name="小于"/>
					<uint name="小等于"/>
					<uint name="等于"/>
					<uint name="大于"/>
					<uint name="大等于"/>
				</Enum>
				<int name="skillCombineLevel" value="0" refParamName="" useRefParam="false"/>
				<TemplateObject name="skillCombineSrcId" objectName="None" id="-1" isTemp="false" refParamName="" useRefParam="false"/>
				<bool name="bCheckSkillMark" value="true" refParamName="" useRefParam="false"/>
			</Event>
		</Track>
		<Track trackName="真&gt;0" eventType="CheckSkillCombineConditionTick" guid="7cdb7c7d-cd59-44b0-9ec3-3c97fd54c843" enabled="true" refParamName="" useRefParam="false" r="0.733" g="0.000" b="1.000" execOnForceStopped="false" execOnActionCompleted="false" stopAfterLastEvent="true">
			<Event eventName="CheckSkillCombineConditionTick" time="0.000" isDuration="false">
				<TemplateObject name="targetId" objectName="self" id="0" isTemp="false" refParamName="" useRefParam="false"/>
				<bool name="bCurrentBuffId" value="false" refParamName="" useRefParam="false"/>
				<int name="skillCombineId" value="53211" refParamName="" useRefParam="false"/>
				<Enum name="checkOPType" value="4" refParamName="" useRefParam="false">
					<uint name="不比较"/>
					<uint name="小于"/>
					<uint name="小等于"/>
					<uint name="等于"/>
					<uint name="大于"/>
					<uint name="大等于"/>
				</Enum>
				<int name="skillCombineLevel" value="0" refParamName="" useRefParam="false"/>
				<TemplateObject name="skillCombineSrcId" objectName="None" id="-1" isTemp="false" refParamName="" useRefParam="false"/>
				<bool name="bCheckSkillMark" value="true" refParamName="" useRefParam="false"/>
			</Event>
		</Track>
		<Track trackName="真1" eventType="CheckSkillCombineConditionTick" guid="ae806da9-e409-4833-bca8-63faa1c4ad1a" enabled="true" refParamName="" useRefParam="false" r="0.500" g="0.000" b="1.000" execOnForceStopped="false" execOnActionCompleted="false" stopAfterLastEvent="true">
			<Event eventName="CheckSkillCombineConditionTick" time="0.000" isDuration="false">
				<TemplateObject name="targetId" objectName="self" id="0" isTemp="false" refParamName="" useRefParam="false"/>
				<bool name="bCurrentBuffId" value="false" refParamName="" useRefParam="false"/>
				<int name="skillCombineId" value="53211" refParamName="" useRefParam="false"/>
				<Enum name="checkOPType" value="3" refParamName="" useRefParam="false">
					<uint name="不比较"/>
					<uint name="小于"/>
					<uint name="小等于"/>
					<uint name="等于"/>
					<uint name="大于"/>
					<uint name="大等于"/>
				</Enum>
				<int name="skillCombineLevel" value="1" refParamName="" useRefParam="false"/>
				<TemplateObject name="skillCombineSrcId" objectName="None" id="-1" isTemp="false" refParamName="" useRefParam="false"/>
				<bool name="bCheckSkillMark" value="true" refParamName="" useRefParam="false"/>
			</Event>
		</Track>
		<Track trackName="真2" eventType="CheckSkillCombineConditionTick" guid="185cbf94-df37-40ca-aae0-4765db75f53c" enabled="true" refParamName="" useRefParam="false" r="0.000" g="0.200" b="1.000" execOnForceStopped="false" execOnActionCompleted="false" stopAfterLastEvent="true">
			<Event eventName="CheckSkillCombineConditionTick" time="0.000" isDuration="false">
				<TemplateObject name="targetId" objectName="self" id="0" isTemp="false" refParamName="" useRefParam="false"/>
				<bool name="bCurrentBuffId" value="false" refParamName="" useRefParam="false"/>
				<int name="skillCombineId" value="53211" refParamName="" useRefParam="false"/>
				<Enum name="checkOPType" value="3" refParamName="" useRefParam="false">
					<uint name="不比较"/>
					<uint name="小于"/>
					<uint name="小等于"/>
					<uint name="等于"/>
					<uint name="大于"/>
					<uint name="大等于"/>
				</Enum>
				<int name="skillCombineLevel" value="2" refParamName="" useRefParam="false"/>
				<TemplateObject name="skillCombineSrcId" objectName="None" id="-1" isTemp="false" refParamName="" useRefParam="false"/>
				<bool name="bCheckSkillMark" value="true" refParamName="" useRefParam="false"/>
			</Event>
		</Track>
		<Track trackName="真3" eventType="CheckSkillCombineConditionTick" guid="395ed45e-142d-4736-b183-9df89585e6b1" enabled="true" refParamName="" useRefParam="false" r="1.000" g="0.800" b="0.000" execOnForceStopped="false" execOnActionCompleted="false" stopAfterLastEvent="true">
			<Event eventName="CheckSkillCombineConditionTick" time="0.000" isDuration="false">
				<TemplateObject name="targetId" objectName="self" id="0" isTemp="false" refParamName="" useRefParam="false"/>
				<bool name="bCurrentBuffId" value="false" refParamName="" useRefParam="false"/>
				<int name="skillCombineId" value="53211" refParamName="" useRefParam="false"/>
				<Enum name="checkOPType" value="3" refParamName="" useRefParam="false">
					<uint name="不比较"/>
					<uint name="小于"/>
					<uint name="小等于"/>
					<uint name="等于"/>
					<uint name="大于"/>
					<uint name="大等于"/>
				</Enum>
				<int name="skillCombineLevel" value="3" refParamName="" useRefParam="false"/>
				<TemplateObject name="skillCombineSrcId" objectName="None" id="-1" isTemp="false" refParamName="" useRefParam="false"/>
				<bool name="bCheckSkillMark" value="true" refParamName="" useRefParam="false"/>
			</Event>
		</Track>
		<Track trackName="控0" eventType="CheckSkillCombineConditionTick" guid="03115278-31f6-4717-8254-bd01b6cc0713" enabled="true" refParamName="" useRefParam="false" r="0.000" g="1.000" b="0.083" execOnForceStopped="false" execOnActionCompleted="false" stopAfterLastEvent="true">
			<Event eventName="CheckSkillCombineConditionTick" time="0.005" isDuration="false">
				<TemplateObject name="targetId" objectName="self" id="0" isTemp="false" refParamName="" useRefParam="false"/>
				<bool name="bCurrentBuffId" value="false" refParamName="" useRefParam="false"/>
				<int name="skillCombineId" value="53212" refParamName="" useRefParam="false"/>
				<Enum name="checkOPType" value="3" refParamName="" useRefParam="false">
					<uint name="不比较"/>
					<uint name="小于"/>
					<uint name="小等于"/>
					<uint name="等于"/>
					<uint name="大于"/>
					<uint name="大等于"/>
				</Enum>
				<int name="skillCombineLevel" value="0" refParamName="" useRefParam="false"/>
				<TemplateObject name="skillCombineSrcId" objectName="None" id="-1" isTemp="false" refParamName="" useRefParam="false"/>
				<bool name="bCheckSkillMark" value="true" refParamName="" useRefParam="false"/>
			</Event>
		</Track>
		<Track trackName="控&gt;0" eventType="CheckSkillCombineConditionTick" guid="33419f1b-0fa7-48d9-9833-e633d23a6755" enabled="true" refParamName="" useRefParam="false" r="1.000" g="0.450" b="0.000" execOnForceStopped="false" execOnActionCompleted="false" stopAfterLastEvent="true">
			<Event eventName="CheckSkillCombineConditionTick" time="0.005" isDuration="false">
				<TemplateObject name="targetId" objectName="self" id="0" isTemp="false" refParamName="" useRefParam="false"/>
				<bool name="bCurrentBuffId" value="false" refParamName="" useRefParam="false"/>
				<int name="skillCombineId" value="53212" refParamName="" useRefParam="false"/>
				<Enum name="checkOPType" value="4" refParamName="" useRefParam="false">
					<uint name="不比较"/>
					<uint name="小于"/>
					<uint name="小等于"/>
					<uint name="等于"/>
					<uint name="大于"/>
					<uint name="大等于"/>
				</Enum>
				<int name="skillCombineLevel" value="0" refParamName="" useRefParam="false"/>
				<TemplateObject name="skillCombineSrcId" objectName="None" id="-1" isTemp="false" refParamName="" useRefParam="false"/>
				<bool name="bCheckSkillMark" value="true" refParamName="" useRefParam="false"/>
			</Event>
		</Track>
		<Track trackName="控1" eventType="CheckSkillCombineConditionTick" guid="308005c6-3340-486c-9f03-4a3ee64a4e6a" enabled="true" refParamName="" useRefParam="false" r="1.000" g="0.700" b="0.000" execOnForceStopped="false" execOnActionCompleted="false" stopAfterLastEvent="true">
			<Event eventName="CheckSkillCombineConditionTick" time="0.005" isDuration="false">
				<TemplateObject name="targetId" objectName="self" id="0" isTemp="false" refParamName="" useRefParam="false"/>
				<bool name="bCurrentBuffId" value="false" refParamName="" useRefParam="false"/>
				<int name="skillCombineId" value="53212" refParamName="" useRefParam="false"/>
				<Enum name="checkOPType" value="3" refParamName="" useRefParam="false">
					<uint name="不比较"/>
					<uint name="小于"/>
					<uint name="小等于"/>
					<uint name="等于"/>
					<uint name="大于"/>
					<uint name="大等于"/>
				</Enum>
				<int name="skillCombineLevel" value="1" refParamName="" useRefParam="false"/>
				<TemplateObject name="skillCombineSrcId" objectName="None" id="-1" isTemp="false" refParamName="" useRefParam="false"/>
				<bool name="bCheckSkillMark" value="true" refParamName="" useRefParam="false"/>
			</Event>
		</Track>
		<Track trackName="控2" eventType="CheckSkillCombineConditionTick" guid="e0a6ba84-2ef9-407f-bbf3-790db240ae21" enabled="true" refParamName="" useRefParam="false" r="0.000" g="1.000" b="0.100" execOnForceStopped="false" execOnActionCompleted="false" stopAfterLastEvent="true">
			<Event eventName="CheckSkillCombineConditionTick" time="0.005" isDuration="false">
				<TemplateObject name="targetId" objectName="self" id="0" isTemp="false" refParamName="" useRefParam="false"/>
				<bool name="bCurrentBuffId" value="false" refParamName="" useRefParam="false"/>
				<int name="skillCombineId" value="53212" refParamName="" useRefParam="false"/>
				<Enum name="checkOPType" value="3" refParamName="" useRefParam="false">
					<uint name="不比较"/>
					<uint name="小于"/>
					<uint name="小等于"/>
					<uint name="等于"/>
					<uint name="大于"/>
					<uint name="大等于"/>
				</Enum>
				<int name="skillCombineLevel" value="2" refParamName="" useRefParam="false"/>
				<TemplateObject name="skillCombineSrcId" objectName="None" id="-1" isTemp="false" refParamName="" useRefParam="false"/>
				<bool name="bCheckSkillMark" value="true" refParamName="" useRefParam="false"/>
			</Event>
		</Track>
		<Track trackName="控3" eventType="CheckSkillCombineConditionTick" guid="ec27c203-65d3-43a4-8519-d9511cfbd021" enabled="true" refParamName="" useRefParam="false" r="0.250" g="1.000" b="0.000" execOnForceStopped="false" execOnActionCompleted="false" stopAfterLastEvent="true">
			<Event eventName="CheckSkillCombineConditionTick" time="0.005" isDuration="false">
				<TemplateObject name="targetId" objectName="self" id="0" isTemp="false" refParamName="" useRefParam="false"/>
				<bool name="bCurrentBuffId" value="false" refParamName="" useRefParam="false"/>
				<int name="skillCombineId" value="53212" refParamName="" useRefParam="false"/>
				<Enum name="checkOPType" value="3" refParamName="" useRefParam="false">
					<uint name="不比较"/>
					<uint name="小于"/>
					<uint name="小等于"/>
					<uint name="等于"/>
					<uint name="大于"/>
					<uint name="大等于"/>
				</Enum>
				<int name="skillCombineLevel" value="3" refParamName="" useRefParam="false"/>
				<TemplateObject name="skillCombineSrcId" objectName="None" id="-1" isTemp="false" refParamName="" useRefParam="false"/>
				<bool name="bCheckSkillMark" value="true" refParamName="" useRefParam="false"/>
			</Event>
		</Track>
		<Track trackName="范0" eventType="CheckSkillCombineConditionTick" guid="8376f556-a3d7-4d5b-86c0-8fe9376d08fb" enabled="true" refParamName="" useRefParam="false" r="1.000" g="0.000" b="0.933" execOnForceStopped="false" execOnActionCompleted="false" stopAfterLastEvent="true">
			<Event eventName="CheckSkillCombineConditionTick" time="0.000" isDuration="false">
				<TemplateObject name="targetId" objectName="self" id="0" isTemp="false" refParamName="" useRefParam="false"/>
				<bool name="bCurrentBuffId" value="false" refParamName="" useRefParam="false"/>
				<int name="skillCombineId" value="53213" refParamName="" useRefParam="false"/>
				<Enum name="checkOPType" value="3" refParamName="" useRefParam="false">
					<uint name="不比较"/>
					<uint name="小于"/>
					<uint name="小等于"/>
					<uint name="等于"/>
					<uint name="大于"/>
					<uint name="大等于"/>
				</Enum>
				<int name="skillCombineLevel" value="0" refParamName="" useRefParam="false"/>
				<TemplateObject name="skillCombineSrcId" objectName="None" id="-1" isTemp="false" refParamName="" useRefParam="false"/>
				<bool name="bCheckSkillMark" value="true" refParamName="" useRefParam="false"/>
			</Event>
		</Track>
		<Track trackName="范&gt;0" eventType="CheckSkillCombineConditionTick" guid="1aa2be2d-4ada-4679-868b-cfa7ff167341" enabled="true" refParamName="" useRefParam="false" r="0.000" g="1.000" b="0.500" execOnForceStopped="false" execOnActionCompleted="false" stopAfterLastEvent="true">
			<Event eventName="CheckSkillCombineConditionTick" time="0.000" isDuration="false">
				<TemplateObject name="targetId" objectName="self" id="0" isTemp="false" refParamName="" useRefParam="false"/>
				<bool name="bCurrentBuffId" value="false" refParamName="" useRefParam="false"/>
				<int name="skillCombineId" value="53213" refParamName="" useRefParam="false"/>
				<Enum name="checkOPType" value="4" refParamName="" useRefParam="false">
					<uint name="不比较"/>
					<uint name="小于"/>
					<uint name="小等于"/>
					<uint name="等于"/>
					<uint name="大于"/>
					<uint name="大等于"/>
				</Enum>
				<int name="skillCombineLevel" value="0" refParamName="" useRefParam="false"/>
				<TemplateObject name="skillCombineSrcId" objectName="None" id="-1" isTemp="false" refParamName="" useRefParam="false"/>
				<bool name="bCheckSkillMark" value="true" refParamName="" useRefParam="false"/>
			</Event>
		</Track>
		<Track trackName="范1" eventType="CheckSkillCombineConditionTick" guid="83af8b5e-37dd-40c6-844f-c1b0f23cf732" enabled="true" refParamName="" useRefParam="false" r="1.000" g="0.000" b="0.500" execOnForceStopped="false" execOnActionCompleted="false" stopAfterLastEvent="true">
			<Event eventName="CheckSkillCombineConditionTick" time="0.000" isDuration="false">
				<TemplateObject name="targetId" objectName="self" id="0" isTemp="false" refParamName="" useRefParam="false"/>
				<bool name="bCurrentBuffId" value="false" refParamName="" useRefParam="false"/>
				<int name="skillCombineId" value="53213" refParamName="" useRefParam="false"/>
				<Enum name="checkOPType" value="3" refParamName="" useRefParam="false">
					<uint name="不比较"/>
					<uint name="小于"/>
					<uint name="小等于"/>
					<uint name="等于"/>
					<uint name="大于"/>
					<uint name="大等于"/>
				</Enum>
				<int name="skillCombineLevel" value="1" refParamName="" useRefParam="false"/>
				<TemplateObject name="skillCombineSrcId" objectName="None" id="-1" isTemp="false" refParamName="" useRefParam="false"/>
				<bool name="bCheckSkillMark" value="true" refParamName="" useRefParam="false"/>
			</Event>
		</Track>
		<Track trackName="范2" eventType="CheckSkillCombineConditionTick" guid="939b252c-e448-415e-a283-f1a1e0f936dc" enabled="true" refParamName="" useRefParam="false" r="1.000" g="0.400" b="0.000" execOnForceStopped="false" execOnActionCompleted="false" stopAfterLastEvent="true">
			<Event eventName="CheckSkillCombineConditionTick" time="0.000" isDuration="false">
				<TemplateObject name="targetId" objectName="self" id="0" isTemp="false" refParamName="" useRefParam="false"/>
				<bool name="bCurrentBuffId" value="false" refParamName="" useRefParam="false"/>
				<int name="skillCombineId" value="53213" refParamName="" useRefParam="false"/>
				<Enum name="checkOPType" value="3" refParamName="" useRefParam="false">
					<uint name="不比较"/>
					<uint name="小于"/>
					<uint name="小等于"/>
					<uint name="等于"/>
					<uint name="大于"/>
					<uint name="大等于"/>
				</Enum>
				<int name="skillCombineLevel" value="2" refParamName="" useRefParam="false"/>
				<TemplateObject name="skillCombineSrcId" objectName="None" id="-1" isTemp="false" refParamName="" useRefParam="false"/>
				<bool name="bCheckSkillMark" value="true" refParamName="" useRefParam="false"/>
			</Event>
		</Track>
		<Track trackName="范3" eventType="CheckSkillCombineConditionTick" guid="7b718214-ef7d-4d0d-bcbd-5ba318745a84" enabled="true" refParamName="" useRefParam="false" r="0.550" g="1.000" b="0.000" execOnForceStopped="false" execOnActionCompleted="false" stopAfterLastEvent="true">
			<Event eventName="CheckSkillCombineConditionTick" time="0.000" isDuration="false">
				<TemplateObject name="targetId" objectName="self" id="0" isTemp="false" refParamName="" useRefParam="false"/>
				<bool name="bCurrentBuffId" value="false" refParamName="" useRefParam="false"/>
				<int name="skillCombineId" value="53213" refParamName="" useRefParam="false"/>
				<Enum name="checkOPType" value="3" refParamName="" useRefParam="false">
					<uint name="不比较"/>
					<uint name="小于"/>
					<uint name="小等于"/>
					<uint name="等于"/>
					<uint name="大于"/>
					<uint name="大等于"/>
				</Enum>
				<int name="skillCombineLevel" value="3" refParamName="" useRefParam="false"/>
				<TemplateObject name="skillCombineSrcId" objectName="None" id="-1" isTemp="false" refParamName="" useRefParam="false"/>
				<bool name="bCheckSkillMark" value="true" refParamName="" useRefParam="false"/>
			</Event>
		</Track>
		<Track trackName="一般开火特效" eventType="TriggerParticleTick" guid="6bcba5a4-ba86-490d-a1b5-a20424c30d8a" enabled="false" refParamName="" useRefParam="false" r="1.000" g="0.000" b="0.300" execOnForceStopped="false" execOnActionCompleted="false" stopAfterLastEvent="true">
			<Condition id="16" guid="03115278-31f6-4717-8254-bd01b6cc0713" status="true"/>
			<Condition id="21" guid="8376f556-a3d7-4d5b-86c0-8fe9376d08fb" status="true"/>
			<Condition id="11" guid="a87fffc2-55ed-4649-ae71-fbcf9cf50e1e" status="true"/>
			<Event eventName="TriggerParticleTick" time="0.200" isDuration="false">
				<TemplateObject name="targetId" objectName="None" id="-1" isTemp="false" refParamName="" useRefParam="false"/>
				<TemplateObject name="objectSpaceId" objectName="self" id="0" isTemp="false" refParamName="" useRefParam="false"/>
				<bool name="bDonotAttackToMesh" value="false" refParamName="" useRefParam="false"/>
				<String name="parentResourceName" value="" refParamName="" useRefParam="false"/>
				<String name="resourceName" value="Prefab_Skill_Effects/Hero_Skill_Effects/532_Genius/53202/genius_attack_01" refParamName="" useRefParam="false"/>
				<String name="resourceName2" value="" refParamName="" useRefParam="false"/>
				<String name="resourceName3" value="" refParamName="" useRefParam="false"/>
				<float name="lifeTime" value="1.000" refParamName="" useRefParam="false"/>
				<String name="bindPointName" value="" refParamName="" useRefParam="false"/>
				<bool name="dontShowIfNoBindPoint" value="false" refParamName="" useRefParam="false"/>
				<Vector3 name="bindPosOffset" x="0.000" y="-0.020" z="0.000" refParamName="" useRefParam="false"/>
				<EulerAngle name="bindRotOffset" x="0.000" y="0.000" z="0.000" refParamName="" useRefParam="false"/>
				<Vector3 name="scaling" x="1.000" y="1.000" z="1.000" refParamName="" useRefParam="false"/>
				<bool name="bUseRealScaling" value="true" refParamName="" useRefParam="false"/>
				<bool name="bEnableOptCull" value="true" refParamName="" useRefParam="false"/>
				<bool name="bBullerPosDir" value="false" refParamName="" useRefParam="false"/>
				<bool name="bUseHeroLocalForward" value="false" refParamName="" useRefParam="false"/>
				<TemplateObject name="lookTargetId" objectName="None" id="-1" isTemp="false" refParamName="" useRefParam="false"/>
				<bool name="applyActionSpeedToParticle" value="true" refParamName="" useRefParam="false"/>
				<bool name="applyActionSpeedToAnimation" value="true" refParamName="" useRefParam="false"/>
				<int name="extend" value="10" refParamName="" useRefParam="false"/>
				<bool name="bOnlyFollowPos" value="false" refParamName="" useRefParam="false"/>
				<bool name="bRotateFollowCamera" value="false" refParamName="" useRefParam="false"/>
				<bool name="bRandomRotation" value="false" refParamName="" useRefParam="false"/>
				<EulerAngle name="randRotBegin" x="0.000" y="0.000" z="0.000" refParamName="" useRefParam="false"/>
				<EulerAngle name="randRotEnd" x="0.000" y="0.000" z="0.000" refParamName="" useRefParam="false"/>
				<bool name="bUseTargetSkinEffect" value="false" refParamName="" useRefParam="false"/>
				<bool name="bBulletPos" value="false" refParamName="" useRefParam="false"/>
				<bool name="bBulletDir" value="false" refParamName="" useRefParam="false"/>
				<int name="particleScaleGrow" value="0" refParamName="" useRefParam="false"/>
				<Enum name="ReplacementUsage" value="0" refParamName="" useRefParam="false">
					<uint name="无"/>
					<uint name="回城特效"/>
					<uint name="击杀特效"/>
					<uint name="泉水加速特效"/>
				</Enum>
				<Enum name="ReplacementSubUsage" value="0" refParamName="" useRefParam="false">
					<uint name="无"/>
					<uint name="回城落地特效"/>
				</Enum>
				<bool name="bNoDynamicLod" value="false" refParamName="" useRefParam="false"/>
				<bool name="bMeshResouce" value="false" refParamName="" useRefParam="false"/>
				<bool name="bAllowEmptyEffect" value="false" refParamName="" useRefParam="false"/>
			</Event>
		</Track>
		<Track trackName="真伤开火特效" eventType="TriggerParticleTick" guid="5442fe84-59a1-4571-b046-0e52548653a4" enabled="false" refParamName="" useRefParam="false" r="1.000" g="1.000" b="0.000" execOnForceStopped="false" execOnActionCompleted="false" stopAfterLastEvent="true">
			<Condition id="12" guid="7cdb7c7d-cd59-44b0-9ec3-3c97fd54c843" status="true"/>
			<Event eventName="TriggerParticleTick" time="0.200" isDuration="false">
				<TemplateObject name="targetId" objectName="None" id="-1" isTemp="false" refParamName="" useRefParam="false"/>
				<TemplateObject name="objectSpaceId" objectName="self" id="0" isTemp="false" refParamName="" useRefParam="false"/>
				<bool name="bDonotAttackToMesh" value="false" refParamName="" useRefParam="false"/>
				<String name="parentResourceName" value="" refParamName="" useRefParam="false"/>
				<String name="resourceName" value="Prefab_Skill_Effects/Hero_Skill_Effects/532_Genius/53202/genius_attack_02" refParamName="" useRefParam="false"/>
				<String name="resourceName2" value="" refParamName="" useRefParam="false"/>
				<String name="resourceName3" value="" refParamName="" useRefParam="false"/>
				<float name="lifeTime" value="1.000" refParamName="" useRefParam="false"/>
				<String name="bindPointName" value="" refParamName="" useRefParam="false"/>
				<bool name="dontShowIfNoBindPoint" value="false" refParamName="" useRefParam="false"/>
				<Vector3 name="bindPosOffset" x="0.000" y="-0.020" z="0.000" refParamName="" useRefParam="false"/>
				<EulerAngle name="bindRotOffset" x="0.000" y="0.000" z="0.000" refParamName="" useRefParam="false"/>
				<Vector3 name="scaling" x="1.000" y="1.000" z="1.000" refParamName="" useRefParam="false"/>
				<bool name="bUseRealScaling" value="true" refParamName="" useRefParam="false"/>
				<bool name="bEnableOptCull" value="true" refParamName="" useRefParam="false"/>
				<bool name="bBullerPosDir" value="false" refParamName="" useRefParam="false"/>
				<bool name="bUseHeroLocalForward" value="false" refParamName="" useRefParam="false"/>
				<TemplateObject name="lookTargetId" objectName="None" id="-1" isTemp="false" refParamName="" useRefParam="false"/>
				<bool name="applyActionSpeedToParticle" value="true" refParamName="" useRefParam="false"/>
				<bool name="applyActionSpeedToAnimation" value="true" refParamName="" useRefParam="false"/>
				<int name="extend" value="10" refParamName="" useRefParam="false"/>
				<bool name="bOnlyFollowPos" value="false" refParamName="" useRefParam="false"/>
				<bool name="bRotateFollowCamera" value="false" refParamName="" useRefParam="false"/>
				<bool name="bRandomRotation" value="false" refParamName="" useRefParam="false"/>
				<EulerAngle name="randRotBegin" x="0.000" y="0.000" z="0.000" refParamName="" useRefParam="false"/>
				<EulerAngle name="randRotEnd" x="0.000" y="0.000" z="0.000" refParamName="" useRefParam="false"/>
				<bool name="bUseTargetSkinEffect" value="false" refParamName="" useRefParam="false"/>
				<bool name="bBulletPos" value="false" refParamName="" useRefParam="false"/>
				<bool name="bBulletDir" value="false" refParamName="" useRefParam="false"/>
				<int name="particleScaleGrow" value="0" refParamName="" useRefParam="false"/>
				<Enum name="ReplacementUsage" value="0" refParamName="" useRefParam="false">
					<uint name="无"/>
					<uint name="回城特效"/>
					<uint name="击杀特效"/>
					<uint name="泉水加速特效"/>
				</Enum>
				<Enum name="ReplacementSubUsage" value="0" refParamName="" useRefParam="false">
					<uint name="无"/>
					<uint name="回城落地特效"/>
				</Enum>
				<bool name="bNoDynamicLod" value="false" refParamName="" useRefParam="false"/>
				<bool name="bMeshResouce" value="false" refParamName="" useRefParam="false"/>
				<bool name="bAllowEmptyEffect" value="false" refParamName="" useRefParam="false"/>
			</Event>
		</Track>
		<Track trackName="控制开火特效" eventType="TriggerParticleTick" guid="4da09389-cd56-4d26-b77e-80accce17f9c" enabled="false" refParamName="" useRefParam="false" r="0.133" g="0.000" b="1.000" execOnForceStopped="false" execOnActionCompleted="false" stopAfterLastEvent="true">
			<Condition id="17" guid="33419f1b-0fa7-48d9-9833-e633d23a6755" status="true"/>
			<Condition id="11" guid="a87fffc2-55ed-4649-ae71-fbcf9cf50e1e" status="true"/>
			<Event eventName="TriggerParticleTick" time="0.200" isDuration="false">
				<TemplateObject name="targetId" objectName="None" id="-1" isTemp="false" refParamName="" useRefParam="false"/>
				<TemplateObject name="objectSpaceId" objectName="self" id="0" isTemp="false" refParamName="" useRefParam="false"/>
				<bool name="bDonotAttackToMesh" value="false" refParamName="" useRefParam="false"/>
				<String name="parentResourceName" value="" refParamName="" useRefParam="false"/>
				<String name="resourceName" value="Prefab_Skill_Effects/Hero_Skill_Effects/532_Genius/53202/genius_attack_03" refParamName="" useRefParam="false"/>
				<String name="resourceName2" value="" refParamName="" useRefParam="false"/>
				<String name="resourceName3" value="" refParamName="" useRefParam="false"/>
				<float name="lifeTime" value="1.000" refParamName="" useRefParam="false"/>
				<String name="bindPointName" value="" refParamName="" useRefParam="false"/>
				<bool name="dontShowIfNoBindPoint" value="false" refParamName="" useRefParam="false"/>
				<Vector3 name="bindPosOffset" x="0.000" y="-0.020" z="0.000" refParamName="" useRefParam="false"/>
				<EulerAngle name="bindRotOffset" x="0.000" y="0.000" z="0.000" refParamName="" useRefParam="false"/>
				<Vector3 name="scaling" x="1.000" y="1.000" z="1.000" refParamName="" useRefParam="false"/>
				<bool name="bUseRealScaling" value="true" refParamName="" useRefParam="false"/>
				<bool name="bEnableOptCull" value="true" refParamName="" useRefParam="false"/>
				<bool name="bBullerPosDir" value="false" refParamName="" useRefParam="false"/>
				<bool name="bUseHeroLocalForward" value="false" refParamName="" useRefParam="false"/>
				<TemplateObject name="lookTargetId" objectName="None" id="-1" isTemp="false" refParamName="" useRefParam="false"/>
				<bool name="applyActionSpeedToParticle" value="true" refParamName="" useRefParam="false"/>
				<bool name="applyActionSpeedToAnimation" value="true" refParamName="" useRefParam="false"/>
				<int name="extend" value="10" refParamName="" useRefParam="false"/>
				<bool name="bOnlyFollowPos" value="false" refParamName="" useRefParam="false"/>
				<bool name="bRotateFollowCamera" value="false" refParamName="" useRefParam="false"/>
				<bool name="bRandomRotation" value="false" refParamName="" useRefParam="false"/>
				<EulerAngle name="randRotBegin" x="0.000" y="0.000" z="0.000" refParamName="" useRefParam="false"/>
				<EulerAngle name="randRotEnd" x="0.000" y="0.000" z="0.000" refParamName="" useRefParam="false"/>
				<bool name="bUseTargetSkinEffect" value="false" refParamName="" useRefParam="false"/>
				<bool name="bBulletPos" value="false" refParamName="" useRefParam="false"/>
				<bool name="bBulletDir" value="false" refParamName="" useRefParam="false"/>
				<int name="particleScaleGrow" value="0" refParamName="" useRefParam="false"/>
				<Enum name="ReplacementUsage" value="0" refParamName="" useRefParam="false">
					<uint name="无"/>
					<uint name="回城特效"/>
					<uint name="击杀特效"/>
					<uint name="泉水加速特效"/>
				</Enum>
				<Enum name="ReplacementSubUsage" value="0" refParamName="" useRefParam="false">
					<uint name="无"/>
					<uint name="回城落地特效"/>
				</Enum>
				<bool name="bNoDynamicLod" value="false" refParamName="" useRefParam="false"/>
				<bool name="bMeshResouce" value="false" refParamName="" useRefParam="false"/>
				<bool name="bAllowEmptyEffect" value="false" refParamName="" useRefParam="false"/>
			</Event>
		</Track>
		<Track trackName="范围开火特效" eventType="TriggerParticleTick" guid="cc785c7c-62e4-491c-93ea-45ad8eabc266" enabled="false" refParamName="" useRefParam="false" r="0.000" g="1.000" b="0.033" execOnForceStopped="false" execOnActionCompleted="false" stopAfterLastEvent="true">
			<Condition id="16" guid="03115278-31f6-4717-8254-bd01b6cc0713" status="true"/>
			<Condition id="22" guid="1aa2be2d-4ada-4679-868b-cfa7ff167341" status="true"/>
			<Condition id="11" guid="a87fffc2-55ed-4649-ae71-fbcf9cf50e1e" status="true"/>
			<Event eventName="TriggerParticleTick" time="0.200" isDuration="false">
				<TemplateObject name="targetId" objectName="None" id="-1" isTemp="false" refParamName="" useRefParam="false"/>
				<TemplateObject name="objectSpaceId" objectName="self" id="0" isTemp="false" refParamName="" useRefParam="false"/>
				<bool name="bDonotAttackToMesh" value="false" refParamName="" useRefParam="false"/>
				<String name="parentResourceName" value="" refParamName="" useRefParam="false"/>
				<String name="resourceName" value="Prefab_Skill_Effects/Hero_Skill_Effects/532_Genius/53202/genius_attack_04" refParamName="" useRefParam="false"/>
				<String name="resourceName2" value="" refParamName="" useRefParam="false"/>
				<String name="resourceName3" value="" refParamName="" useRefParam="false"/>
				<float name="lifeTime" value="1.000" refParamName="" useRefParam="false"/>
				<String name="bindPointName" value="" refParamName="" useRefParam="false"/>
				<bool name="dontShowIfNoBindPoint" value="false" refParamName="" useRefParam="false"/>
				<Vector3 name="bindPosOffset" x="0.000" y="-0.020" z="0.000" refParamName="" useRefParam="false"/>
				<EulerAngle name="bindRotOffset" x="0.000" y="0.000" z="0.000" refParamName="" useRefParam="false"/>
				<Vector3 name="scaling" x="1.000" y="1.000" z="1.000" refParamName="" useRefParam="false"/>
				<bool name="bUseRealScaling" value="true" refParamName="" useRefParam="false"/>
				<bool name="bEnableOptCull" value="true" refParamName="" useRefParam="false"/>
				<bool name="bBullerPosDir" value="false" refParamName="" useRefParam="false"/>
				<bool name="bUseHeroLocalForward" value="false" refParamName="" useRefParam="false"/>
				<TemplateObject name="lookTargetId" objectName="None" id="-1" isTemp="false" refParamName="" useRefParam="false"/>
				<bool name="applyActionSpeedToParticle" value="true" refParamName="" useRefParam="false"/>
				<bool name="applyActionSpeedToAnimation" value="true" refParamName="" useRefParam="false"/>
				<int name="extend" value="10" refParamName="" useRefParam="false"/>
				<bool name="bOnlyFollowPos" value="false" refParamName="" useRefParam="false"/>
				<bool name="bRotateFollowCamera" value="false" refParamName="" useRefParam="false"/>
				<bool name="bRandomRotation" value="false" refParamName="" useRefParam="false"/>
				<EulerAngle name="randRotBegin" x="0.000" y="0.000" z="0.000" refParamName="" useRefParam="false"/>
				<EulerAngle name="randRotEnd" x="0.000" y="0.000" z="0.000" refParamName="" useRefParam="false"/>
				<bool name="bUseTargetSkinEffect" value="false" refParamName="" useRefParam="false"/>
				<bool name="bBulletPos" value="false" refParamName="" useRefParam="false"/>
				<bool name="bBulletDir" value="false" refParamName="" useRefParam="false"/>
				<int name="particleScaleGrow" value="0" refParamName="" useRefParam="false"/>
				<Enum name="ReplacementUsage" value="0" refParamName="" useRefParam="false">
					<uint name="无"/>
					<uint name="回城特效"/>
					<uint name="击杀特效"/>
					<uint name="泉水加速特效"/>
				</Enum>
				<Enum name="ReplacementSubUsage" value="0" refParamName="" useRefParam="false">
					<uint name="无"/>
					<uint name="回城落地特效"/>
				</Enum>
				<bool name="bNoDynamicLod" value="false" refParamName="" useRefParam="false"/>
				<bool name="bMeshResouce" value="false" refParamName="" useRefParam="false"/>
				<bool name="bAllowEmptyEffect" value="false" refParamName="" useRefParam="false"/>
			</Event>
		</Track>
	</Action>
</Project>

