<?xml version="1.0" encoding="utf-8"?><Project>	<TemplateObjectList>		<TemplateObject objectName="self" id="0" isTemp="false"/>		<TemplateObject objectName="target" id="1" isTemp="false"/>	</TemplateObjectList>	<RefParamList>		<Vector3i name="_TargetDir" x="0" y="0" z="0" refParamName="" useRefParam="false"/>		<Vector3i name="_TargetPos" x="0" y="0" z="0" refParamName="" useRefParam="false"/>	</RefParamList>	<Action tag="" length="600.000" loop="false">		<Track trackName="TriggerParticle0" eventType="TriggerParticle" guid="86fcfee0-96bd-48f8-b4df-e5c12182f7db" enabled="true" refParamName="" useRefParam="false" r="0.650" g="0.000" b="1.000" execOnForceStopped="false" execOnActionCompleted="false" stopAfterLastEvent="true">			<Event eventName="TriggerParticle" time="0.000" length="600.000" isDuration="true">				<TemplateObject name="targetId" objectName="target" id="1" isTemp="false" refParamName="" useRefParam="false"/>				<TemplateObject name="objectSpaceId" objectName="target" id="1" isTemp="false" refParamName="" useRefParam="false"/>				<String name="parentResourceName" value="" refParamName="" useRefParam="false"/>				<String name="resourceName" value="Prefab_Skill_Effects/Hero_Skill_Effects/501_TelAnnas/50108/jiasu_tongyong_01" refParamName="" useRefParam="false"/>				<String name="resourceName2" value="" refParamName="" useRefParam="false"/>				<String name="resourceName3" value="" refParamName="" useRefParam="false"/>				<String name="bindPointName" value="Bone_Weapon_L" refParamName="" useRefParam="false"/>				<bool name="dontShowIfNoBindPoint" value="false" refParamName="" useRefParam="false"/>				<Vector3 name="bindPosOffset" x="0.000" y="0.000" z="0.000" refParamName="" useRefParam="false"/>				<bool name="bBindPosOffsetInWorldSpace" value="false" refParamName="" useRefParam="false"/>				<EulerAngle name="bindRotOffset" x="0.000" y="0.000" z="0.000" refParamName="" useRefParam="false"/>				<Vector3 name="scaling" x="1.000" y="1.000" z="1.000" refParamName="" useRefParam="false"/>				<bool name="bUseRealScaling" value="true" refParamName="" useRefParam="false"/>				<bool name="bEnableOptCull" value="true" refParamName="" useRefParam="false"/>				<bool name="bHeroEffect" value="false" refParamName="" useRefParam="false"/>				<bool name="bBullerPosDir" value="false" refParamName="" useRefParam="false"/>				<TemplateObject name="lookTargetId" objectName="None" id="-1" isTemp="false" refParamName="" useRefParam="false"/>				<bool name="bAlwaysLookTarget" value="false" refParamName="" useRefParam="false"/>				<bool name="bLookTarget" value="false" refParamName="" useRefParam="false"/>				<bool name="applyActionSpeedToParticle" value="true" refParamName="" useRefParam="false"/>				<bool name="applyActionSpeedToAnimation" value="false" refParamName="" useRefParam="false"/>				<int name="extend" value="10" refParamName="" useRefParam="false"/>				<bool name="bOnlyFollowPos" value="false" refParamName="" useRefParam="false"/>				<bool name="b1stTickParentRot" value="false" refParamName="" useRefParam="false"/>				<bool name="bHideWhenDead" value="true" refParamName="" useRefParam="false"/>				<bool name="bIgnoreWhenHideModel" value="false" refParamName="" useRefParam="false"/>				<bool name="bRotateFollowCamera" value="false" refParamName="" useRefParam="false"/>				<bool name="bUse3DUICamera" value="false" refParamName="" useRefParam="false"/>				<bool name="bUseTargetSkinEffect" value="true" refParamName="" useRefParam="false"/>				<bool name="bReplayWhenChangeMesh" value="false" refParamName="" useRefParam="false"/>				<bool name="bTrailProtect" value="false" refParamName="" useRefParam="false"/>				<bool name="bKeepChildScale" value="false" refParamName="" useRefParam="false"/>				<int name="iDelayDisappearTime" value="0" refParamName="" useRefParam="false"/>				<bool name="bBulletPos" value="false" refParamName="" useRefParam="false"/>				<bool name="bBulletDir" value="false" refParamName="" useRefParam="false"/>				<int name="particleScaleGrow" value="0" refParamName="" useRefParam="false"/>				<bool name="enableMaxFollowTime" value="false" refParamName="" useRefParam="false"/>				<float name="maxFollowTime" value="0.000" refParamName="" useRefParam="false"/>				<bool name="bindOnHUD" value="false" refParamName="" useRefParam="false"/>				<Enum name="showInStatus" value="0" refParamName="" useRefParam="false">					<uint name="ä»»æç¶æ1¤71¤7"/>					<uint name="Idleç¶æ1¤71¤7"/>					<uint name="ç§»å¨ç¶æ1¤71¤7"/>					<uint name="æ­»äº¡ç¶æ1¤71¤7"/>					<uint name="å¶ä»ç¶æ1¤71¤7"/>					<uint name="è±æç¶æ1¤71¤7"/>					<uint name="ææç¶æ1¤71¤7"/>					<uint name="ééèå¨èä¸"/>					<uint name="éèå¨èä¸1¤7"/>				</Enum>				<bool name="bExcludeSpecialActor" value="true" refParamName="" useRefParam="false"/>				<Enum name="ReplacementUsage" value="0" refParamName="" useRefParam="false">					<uint name="æ1¤7"/>					<uint name="ååç¹æ"/>					<uint name="å»æç¹æ"/>					<uint name="æ³æ°´å é1¤7ç¹æ1¤7"/>				</Enum>				<Enum name="ReplacementSubUsage" value="0" refParamName="" useRefParam="false">					<uint name="æ1¤7"/>					<uint name="ååè½å°ç¹æ"/>				</Enum>				<bool name="bNoDynamicLod" value="false" refParamName="" useRefParam="false"/>				<bool name="bMeshResouce" value="false" refParamName="" useRefParam="false"/>				<bool name="bAllowEmptyEffect" value="false" refParamName="" useRefParam="false"/>				<bool name="bSpecialBuffEffect" value="false" refParamName="" useRefParam="false"/>				<bool name="bActionCtrlObjs" value="false" refParamName="" useRefParam="false"/>				<bool name="bLayOnNavMesh" value="false" refParamName="" useRefParam="false"/>			</Event>		</Track>		<Track trackName="TriggerParticle0" eventType="TriggerParticle" guid="a02aa804-d423-461e-94dc-db27a08d1c62" enabled="true" refParamName="" useRefParam="false" r="0.133" g="0.000" b="1.000" execOnForceStopped="false" execOnActionCompleted="false" stopAfterLastEvent="true">			<Event eventName="TriggerParticle" time="0.000" length="600.000" isDuration="true">				<TemplateObject name="targetId" objectName="target" id="1" isTemp="false" refParamName="" useRefParam="false"/>				<TemplateObject name="objectSpaceId" objectName="target" id="1" isTemp="false" refParamName="" useRefParam="false"/>				<String name="parentResourceName" value="" refParamName="" useRefParam="false"/>				<String name="resourceName" value="Prefab_Skill_Effects/Hero_Skill_Effects/501_TelAnnas/50108/jiasu_tongyong_01" refParamName="" useRefParam="false"/>				<String name="resourceName2" value="" refParamName="" useRefParam="false"/>				<String name="resourceName3" value="" refParamName="" useRefParam="false"/>				<String name="bindPointName" value="Bone_Weapon_R" refParamName="" useRefParam="false"/>				<bool name="dontShowIfNoBindPoint" value="false" refParamName="" useRefParam="false"/>				<Vector3 name="bindPosOffset" x="0.000" y="0.000" z="0.000" refParamName="" useRefParam="false"/>				<bool name="bBindPosOffsetInWorldSpace" value="false" refParamName="" useRefParam="false"/>				<EulerAngle name="bindRotOffset" x="0.000" y="0.000" z="0.000" refParamName="" useRefParam="false"/>				<Vector3 name="scaling" x="1.000" y="1.000" z="1.000" refParamName="" useRefParam="false"/>				<bool name="bUseRealScaling" value="true" refParamName="" useRefParam="false"/>				<bool name="bEnableOptCull" value="true" refParamName="" useRefParam="false"/>				<bool name="bHeroEffect" value="false" refParamName="" useRefParam="false"/>				<bool name="bBullerPosDir" value="false" refParamName="" useRefParam="false"/>				<TemplateObject name="lookTargetId" objectName="None" id="-1" isTemp="false" refParamName="" useRefParam="false"/>				<bool name="bAlwaysLookTarget" value="false" refParamName="" useRefParam="false"/>				<bool name="bLookTarget" value="false" refParamName="" useRefParam="false"/>				<bool name="applyActionSpeedToParticle" value="true" refParamName="" useRefParam="false"/>				<bool name="applyActionSpeedToAnimation" value="false" refParamName="" useRefParam="false"/>				<int name="extend" value="10" refParamName="" useRefParam="false"/>				<bool name="bOnlyFollowPos" value="false" refParamName="" useRefParam="false"/>				<bool name="b1stTickParentRot" value="false" refParamName="" useRefParam="false"/>				<bool name="bHideWhenDead" value="true" refParamName="" useRefParam="false"/>				<bool name="bIgnoreWhenHideModel" value="false" refParamName="" useRefParam="false"/>				<bool name="bRotateFollowCamera" value="false" refParamName="" useRefParam="false"/>				<bool name="bUse3DUICamera" value="false" refParamName="" useRefParam="false"/>				<bool name="bUseTargetSkinEffect" value="true" refParamName="" useRefParam="false"/>				<bool name="bReplayWhenChangeMesh" value="false" refParamName="" useRefParam="false"/>				<bool name="bTrailProtect" value="false" refParamName="" useRefParam="false"/>				<bool name="bKeepChildScale" value="false" refParamName="" useRefParam="false"/>				<int name="iDelayDisappearTime" value="0" refParamName="" useRefParam="false"/>				<bool name="bBulletPos" value="false" refParamName="" useRefParam="false"/>				<bool name="bBulletDir" value="false" refParamName="" useRefParam="false"/>				<int name="particleScaleGrow" value="0" refParamName="" useRefParam="false"/>				<bool name="enableMaxFollowTime" value="false" refParamName="" useRefParam="false"/>				<float name="maxFollowTime" value="0.000" refParamName="" useRefParam="false"/>				<bool name="bindOnHUD" value="false" refParamName="" useRefParam="false"/>				<Enum name="showInStatus" value="0" refParamName="" useRefParam="false">					<uint name="ä»»æç¶æ1¤71¤7"/>					<uint name="Idleç¶æ1¤71¤7"/>					<uint name="ç§»å¨ç¶æ1¤71¤7"/>					<uint name="æ­»äº¡ç¶æ1¤71¤7"/>					<uint name="å¶ä»ç¶æ1¤71¤7"/>					<uint name="è±æç¶æ1¤71¤7"/>					<uint name="ææç¶æ1¤71¤7"/>					<uint name="ééèå¨èä¸"/>					<uint name="éèå¨èä¸1¤7"/>				</Enum>				<bool name="bExcludeSpecialActor" value="true" refParamName="" useRefParam="false"/>				<Enum name="ReplacementUsage" value="0" refParamName="" useRefParam="false">					<uint name="æ1¤7"/>					<uint name="ååç¹æ"/>					<uint name="å»æç¹æ"/>					<uint name="æ³æ°´å é1¤7ç¹æ1¤7"/>				</Enum>				<Enum name="ReplacementSubUsage" value="0" refParamName="" useRefParam="false">					<uint name="æ1¤7"/>					<uint name="ååè½å°ç¹æ"/>				</Enum>				<bool name="bNoDynamicLod" value="false" refParamName="" useRefParam="false"/>				<bool name="bMeshResouce" value="false" refParamName="" useRefParam="false"/>				<bool name="bAllowEmptyEffect" value="false" refParamName="" useRefParam="false"/>				<bool name="bSpecialBuffEffect" value="false" refParamName="" useRefParam="false"/>				<bool name="bActionCtrlObjs" value="false" refParamName="" useRefParam="false"/>				<bool name="bLayOnNavMesh" value="false" refParamName="" useRefParam="false"/>			</Event>		</Track>	</Action></Project>