<?xml version="1.0" encoding="utf-8"?>
<Project>
	<TemplateObjectList>
		<TemplateObject objectName="self" id="0" isTemp="false"/>
		<TemplateObject objectName="target" id="1" isTemp="false"/>
	</TemplateObjectList>
	<RefParamList>
		<Vector3i name="_BulletDir" x="0" y="0" z="0" refParamName="" useRefParam="false"/>
	</RefParamList>
	<Action tag="" length="1.000" loop="false">
		<Track trackName="TriggerParticle1" eventType="TriggerParticle" guid="e85997de-509d-478b-a8f3-f685953a1764" enabled="false" useRefParam="false" refParamName="" r="0.167" g="0.000" b="1.000" execOnForceStopped="false" execOnActionCompleted="false" stopAfterLastEvent="true">
			<Event eventName="TriggerParticle" time="0.000" length="1.000" isDuration="true">
				<TemplateObject name="targetId" objectName="self" id="0" isTemp="false" refParamName="" useRefParam="false"/>
				<TemplateObject name="objectSpaceId" objectName="None" id="-1" isTemp="false" refParamName="" useRefParam="false"/>
				<String name="parentResourceName" value="" refParamName="" useRefParam="false"/>
				<bool name="bUseAttachBulletShape" value="false" refParamName="" useRefParam="false"/>
				<String name="resourceName" value="prefab_skill_effects/Hero_Skill_Effects/117_ZhongWuYan/11703/zhongwuyan_buff_spell01" refParamName="" useRefParam="false"/>
				<String name="resourceName2" value="" refParamName="" useRefParam="false"/>
				<String name="resourceName3" value="" refParamName="" useRefParam="false"/>
				<bool name="dontShowIfNoBindPoint" value="false" refParamName="" useRefParam="false"/>
				<String name="bindPointName" value="Bip001 Prop1" refParamName="" useRefParam="false"/>
				<bool name="bBindPosOffsetInWorldSpace" value="false" refParamName="" useRefParam="false"/>
				<Vector3 name="bindPosOffset" x="0.000" y="0.000" z="0.000" refParamName="" useRefParam="false"/>
				<EulerAngle name="bindRotOffset" x="0.000" y="0.000" z="0.000" refParamName="" useRefParam="false"/>
				<bool name="bUseRealScaling" value="false" refParamName="" useRefParam="false"/>
				<Vector3 name="scaling" x="1.000" y="1.000" z="1.000" refParamName="" useRefParam="false"/>
				<bool name="bEnableOptCull" value="true" refParamName="" useRefParam="false"/>
				<TemplateObject name="lookTargetId" objectName="None" id="-1" isTemp="false" refParamName="" useRefParam="false"/>
				<bool name="bAlwaysLookTarget" value="false" refParamName="" useRefParam="false"/>
				<bool name="bLookTarget" value="false" refParamName="" useRefParam="false"/>
				<bool name="bBulletPos" value="false" refParamName="" useRefParam="false"/>
				<bool name="applyActionSpeedToAnimation" value="false" refParamName="" useRefParam="false"/>
				<bool name="bBulletDir" value="false" refParamName="" useRefParam="false"/>
				<bool name="bBullerPosDir" value="false" refParamName="" useRefParam="false"/>
				<bool name="bHideWhenDead" value="true" refParamName="" useRefParam="false"/>
				<bool name="bRotateFollowCamera" value="false" refParamName="" useRefParam="false"/>
				<bool name="bUse3DUICamera" value="false" refParamName="" useRefParam="false"/>
				<bool name="bUseTargetSkinEffect" value="false" refParamName="" useRefParam="false"/>
				<bool name="bReplayWhenChangeMesh" value="false" refParamName="" useRefParam="false"/>
				<bool name="bTrailProtect" value="false" refParamName="" useRefParam="false"/>
				<bool name="bKeepChildScale" value="false" refParamName="" useRefParam="false"/>
				<bool name="enableTag" value="false" refParamName="" useRefParam="false"/>
				<bool name="applyActionSpeedToParticle" value="true" refParamName="" useRefParam="false"/>
				<int name="extend" value="10" refParamName="" useRefParam="false"/>
				<int name="particleScaleGrow" value="0" refParamName="" useRefParam="false"/>
				<bool name="enableMaxFollowTime" value="false" refParamName="" useRefParam="false"/>
				<float name="maxFollowTime" value="0.000" refParamName="" useRefParam="false"/>
				<bool name="bindOnHUD" value="false" refParamName="" useRefParam="false"/>
				<Enum name="showInStatus" value="0" refParamName="" useRefParam="false">
					<uint name="任意状态"/>
					<uint name="Idle状态"/>
					<uint name="移动状态"/>
					<uint name="死亡状态"/>
					<uint name="其他状态"/>
					<uint name="脱战状态"/>
					<uint name="战斗状态"/>
					<uint name="非隐藏在草丛"/>
					<uint name="隐藏在草丛"/>
				</Enum>
				<bool name="bExcludeSpecialActor" value="true" refParamName="" useRefParam="false"/>
				<Enum name="ReplacementUsage" value="0" refParamName="" useRefParam="false">
					<uint name="无"/>
					<uint name="回城特效"/>
					<uint name="击杀特效"/>
					<uint name="泉水加速特效"/>
				</Enum>
				<Enum name="ReplacementSubUsage" value="0" refParamName="" useRefParam="false">
					<uint name="无"/>
					<uint name="回城落地特效"/>
				</Enum>
				<bool name="bNoDynamicLod" value="false" refParamName="" useRefParam="false"/>
				<bool name="bAllowEmptyEffect" value="false" refParamName="" useRefParam="false"/>
				<bool name="bOnlyFollowPos" value="false" refParamName="" useRefParam="false"/>
				<int name="iDelayDisappearTime" value="0" refParamName="" useRefParam="false"/>
			</Event>
		</Track>
		<Track trackName="TriggerParticle2" eventType="TriggerParticle" guid="713096ff-a367-449e-a566-6459135425f8" enabled="false" useRefParam="false" refParamName="" r="0.417" g="1.000" b="0.000" execOnForceStopped="false" execOnActionCompleted="false" stopAfterLastEvent="true">
			<Event eventName="TriggerParticle" time="0.000" length="1.000" isDuration="true">
				<TemplateObject name="targetId" objectName="self" id="0" isTemp="false" refParamName="" useRefParam="false"/>
				<TemplateObject name="objectSpaceId" objectName="None" id="-1" isTemp="false" refParamName="" useRefParam="false"/>
				<String name="parentResourceName" value="" refParamName="" useRefParam="false"/>
				<bool name="bUseAttachBulletShape" value="false" refParamName="" useRefParam="false"/>
				<String name="resourceName" value="prefab_skill_effects/Hero_Skill_Effects/117_ZhongWuYan/zhongwuyan_spell02_buff01" refParamName="" useRefParam="false"/>
				<String name="resourceName2" value="" refParamName="" useRefParam="false"/>
				<String name="resourceName3" value="" refParamName="" useRefParam="false"/>
				<bool name="dontShowIfNoBindPoint" value="false" refParamName="" useRefParam="false"/>
				<String name="bindPointName" value="Bip001 Prop2" refParamName="" useRefParam="false"/>
				<bool name="bBindPosOffsetInWorldSpace" value="false" refParamName="" useRefParam="false"/>
				<Vector3 name="bindPosOffset" x="0.000" y="0.000" z="0.000" refParamName="" useRefParam="false"/>
				<EulerAngle name="bindRotOffset" x="0.000" y="0.000" z="0.000" refParamName="" useRefParam="false"/>
				<bool name="bUseRealScaling" value="false" refParamName="" useRefParam="false"/>
				<Vector3 name="scaling" x="1.000" y="1.000" z="1.000" refParamName="" useRefParam="false"/>
				<bool name="bEnableOptCull" value="true" refParamName="" useRefParam="false"/>
				<TemplateObject name="lookTargetId" objectName="None" id="-1" isTemp="false" refParamName="" useRefParam="false"/>
				<bool name="bAlwaysLookTarget" value="false" refParamName="" useRefParam="false"/>
				<bool name="bLookTarget" value="false" refParamName="" useRefParam="false"/>
				<bool name="bBulletPos" value="false" refParamName="" useRefParam="false"/>
				<bool name="applyActionSpeedToAnimation" value="false" refParamName="" useRefParam="false"/>
				<bool name="bBulletDir" value="false" refParamName="" useRefParam="false"/>
				<bool name="bBullerPosDir" value="false" refParamName="" useRefParam="false"/>
				<bool name="bHideWhenDead" value="true" refParamName="" useRefParam="false"/>
				<bool name="bRotateFollowCamera" value="false" refParamName="" useRefParam="false"/>
				<bool name="bUse3DUICamera" value="false" refParamName="" useRefParam="false"/>
				<bool name="bUseTargetSkinEffect" value="false" refParamName="" useRefParam="false"/>
				<bool name="bReplayWhenChangeMesh" value="false" refParamName="" useRefParam="false"/>
				<bool name="bTrailProtect" value="false" refParamName="" useRefParam="false"/>
				<bool name="bKeepChildScale" value="false" refParamName="" useRefParam="false"/>
				<bool name="enableTag" value="false" refParamName="" useRefParam="false"/>
				<bool name="applyActionSpeedToParticle" value="true" refParamName="" useRefParam="false"/>
				<int name="extend" value="10" refParamName="" useRefParam="false"/>
				<int name="particleScaleGrow" value="0" refParamName="" useRefParam="false"/>
				<bool name="enableMaxFollowTime" value="false" refParamName="" useRefParam="false"/>
				<float name="maxFollowTime" value="0.000" refParamName="" useRefParam="false"/>
				<bool name="bindOnHUD" value="false" refParamName="" useRefParam="false"/>
				<Enum name="showInStatus" value="0" refParamName="" useRefParam="false">
					<uint name="任意状态"/>
					<uint name="Idle状态"/>
					<uint name="移动状态"/>
					<uint name="死亡状态"/>
					<uint name="其他状态"/>
					<uint name="脱战状态"/>
					<uint name="战斗状态"/>
					<uint name="非隐藏在草丛"/>
					<uint name="隐藏在草丛"/>
				</Enum>
				<bool name="bExcludeSpecialActor" value="true" refParamName="" useRefParam="false"/>
				<Enum name="ReplacementUsage" value="0" refParamName="" useRefParam="false">
					<uint name="无"/>
					<uint name="回城特效"/>
					<uint name="击杀特效"/>
					<uint name="泉水加速特效"/>
				</Enum>
				<Enum name="ReplacementSubUsage" value="0" refParamName="" useRefParam="false">
					<uint name="无"/>
					<uint name="回城落地特效"/>
				</Enum>
				<bool name="bNoDynamicLod" value="false" refParamName="" useRefParam="false"/>
				<bool name="bAllowEmptyEffect" value="false" refParamName="" useRefParam="false"/>
				<bool name="bOnlyFollowPos" value="false" refParamName="" useRefParam="false"/>
				<int name="iDelayDisappearTime" value="0" refParamName="" useRefParam="false"/>
			</Event>
		</Track>
		<Track trackName="SkillFuncDuration0" eventType="SkillFuncDuration" guid="e15e8085-7e39-40ee-aac4-a47bd8a94725" enabled="true" useRefParam="false" refParamName="" r="1.000" g="0.017" b="0.000" execOnForceStopped="false" execOnActionCompleted="false" stopAfterLastEvent="true">
			<Event eventName="SkillFuncDuration" time="0.000" length="1.000" isDuration="true">
				<Enum name="SkillFuncType" value="55" refParamName="" useRefParam="false">
					<uint name="物理伤害"/>
					<uint name="法术伤害"/>
					<uint name="真实伤害"/>
					<uint name="回复生命值"/>
					<uint name="增加攻击速度"/>
					<uint name="减少攻击速度"/>
					<uint name="增加移动速度"/>
					<uint name="减少移动速度"/>
					<uint name="提高攻击力"/>
					<uint name="降低攻击力"/>
					<uint name="吸血"/>
					<uint name="增加护甲"/>
					<uint name="减少护甲"/>
					<uint name="增加抗性"/>
					<uint name="减少抗性"/>
					<uint name="免疫效果"/>
					<uint name="减少技能CD"/>
					<uint name="增加法术强度"/>
					<uint name="减少法术强度"/>
					<uint name="增加暴击率"/>
					<uint name="减少暴击率"/>
					<uint name="增加最大生命"/>
					<uint name="减少最大生命"/>
					<uint name="增加物理穿透"/>
					<uint name="减少物理穿透"/>
					<uint name="增加法术穿透"/>
					<uint name="减少法术穿透"/>
					<uint name="护盾"/>
					<uint name="增加技能印记"/>
					<uint name="触发技能印记"/>
					<uint name="免疫伤害"/>
					<uint name="免疫控制"/>
					<uint name="迅速复活"/>
					<uint name="法球效果"/>
					<uint name="驱散效果"/>
					<uint name="物理吸血"/>
					<uint name="法术吸血"/>
					<uint name="伤害免疫率"/>
					<uint name="获取视野效果"/>
					<uint name="隐身效果"/>
					<uint name="伤害输出率效果"/>
					<uint name="韧性率效果"/>
					<uint name="冷却缩减效果"/>
					<uint name="抗暴率效果"/>
					<uint name="条件伤害输出率效果"/>
					<uint name="忽略RVO"/>
					<uint name="生命条件效果"/>
					<uint name="更换血条风格"/>
					<uint name="目标伤害加成效果"/>
					<uint name="击杀经验加成效果"/>
					<uint name="增加经验效果"/>
					<uint name="受控额外效果"/>
					<uint name="免疫暴击效果"/>
					<uint name="限制最大伤害效果"/>
					<uint name="免疫致命伤害效果"/>
					<uint name="改变技能"/>
					<uint name="禁用技能"/>
					<uint name="改变暴击伤害效果"/>
					<uint name="回复能量值"/>
					<uint name="改变护甲穿透率"/>
					<uint name="改变法术穿透率"/>
					<uint name="普攻带法术效果"/>
					<uint name="增加法术强度率"/>
					<uint name="法术强度增益效果"/>
					<uint name="回复增益效果"/>
					<uint name="脱离战斗提速效果"/>
					<uint name="护盾免疫控制"/>
					<uint name="护甲减伤率"/>
					<uint name="生命低时额外伤害"/>
					<uint name="致盲"/>
					<uint name="移除技能效果"/>
					<uint name="击杀金币加成效果"/>
					<uint name="技能额外伤害效果"/>
					<uint name="改变被动技能参数"/>
					<uint name="改变狂意值"/>
					<uint name="现形效果"/>
					<uint name="增加能量值"/>
					<uint name="增加怒气值"/>
					<uint name="改变法球槽位"/>
					<uint name="根据护甲值增加攻击力"/>
					<uint name="格挡伤害"/>
					<uint name="增大视野半径"/>
					<uint name="单个技能吸血"/>
					<uint name="反弹"/>
					<uint name="伤害触发技能效果"/>
					<uint name="减少复活时间"/>
					<uint name="减少法术伤害"/>
					<uint name="免疫角色技能"/>
				</Enum>
			</Event>
		</Track>
		<Track trackName="SkillFuncInstant0" eventType="SkillFuncInstant" guid="41e14dd7-742a-49e0-bce7-a7089cd79c3c" enabled="false" useRefParam="false" refParamName="" r="0.650" g="1.000" b="0.000" execOnForceStopped="false" execOnActionCompleted="false" stopAfterLastEvent="true">
			<Event eventName="SkillFuncInstant" time="0.000" isDuration="false">
				<Enum name="SkillFuncType" value="70" refParamName="" useRefParam="false">
					<uint name="物理伤害"/>
					<uint name="法术伤害"/>
					<uint name="真实伤害"/>
					<uint name="回复生命值"/>
					<uint name="增加攻击速度"/>
					<uint name="减少攻击速度"/>
					<uint name="增加移动速度"/>
					<uint name="减少移动速度"/>
					<uint name="提高攻击力"/>
					<uint name="降低攻击力"/>
					<uint name="吸血"/>
					<uint name="增加护甲"/>
					<uint name="减少护甲"/>
					<uint name="增加抗性"/>
					<uint name="减少抗性"/>
					<uint name="免疫效果"/>
					<uint name="减少技能CD"/>
					<uint name="增加法术强度"/>
					<uint name="减少法术强度"/>
					<uint name="增加暴击率"/>
					<uint name="减少暴击率"/>
					<uint name="增加最大生命"/>
					<uint name="减少最大生命"/>
					<uint name="增加物理穿透"/>
					<uint name="减少物理穿透"/>
					<uint name="增加法术穿透"/>
					<uint name="减少法术穿透"/>
					<uint name="护盾"/>
					<uint name="增加技能印记"/>
					<uint name="触发技能印记"/>
					<uint name="免疫伤害"/>
					<uint name="免疫控制"/>
					<uint name="迅速复活"/>
					<uint name="法球效果"/>
					<uint name="驱散效果"/>
					<uint name="物理吸血"/>
					<uint name="法术吸血"/>
					<uint name="伤害免疫率"/>
					<uint name="获取视野效果"/>
					<uint name="隐身效果"/>
					<uint name="伤害输出率效果"/>
					<uint name="韧性率效果"/>
					<uint name="冷却缩减效果"/>
					<uint name="抗暴率效果"/>
					<uint name="条件伤害输出率效果"/>
					<uint name="忽略RVO"/>
					<uint name="生命条件效果"/>
					<uint name="更换血条风格"/>
					<uint name="目标伤害加成效果"/>
					<uint name="击杀经验加成效果"/>
					<uint name="增加经验效果"/>
					<uint name="受控额外效果"/>
					<uint name="免疫暴击效果"/>
					<uint name="限制最大伤害效果"/>
					<uint name="免疫致命伤害效果"/>
					<uint name="改变技能"/>
					<uint name="禁用技能"/>
					<uint name="改变暴击伤害效果"/>
					<uint name="回复能量值"/>
					<uint name="改变护甲穿透率"/>
					<uint name="改变法术穿透率"/>
					<uint name="普攻带法术效果"/>
					<uint name="增加法术强度率"/>
					<uint name="法术强度增益效果"/>
					<uint name="回复增益效果"/>
					<uint name="脱离战斗提速效果"/>
					<uint name="护盾免疫控制"/>
					<uint name="护甲减伤率"/>
					<uint name="生命低时额外伤害"/>
					<uint name="致盲（禁止使用）"/>
					<uint name="移除技能效果"/>
					<uint name="击杀金币加成效果"/>
					<uint name="技能额外伤害效果"/>
					<uint name="改变被动技能参数"/>
					<uint name="改变狂意值"/>
					<uint name="现形效果"/>
					<uint name="增加能量值"/>
					<uint name="增加怒气值"/>
					<uint name="改变法球槽位"/>
					<uint name="根据护甲值增加攻击力"/>
					<uint name="格挡伤害"/>
					<uint name="增大视野半径"/>
					<uint name="单个技能吸血"/>
					<uint name="反弹"/>
					<uint name="伤害触发技能效果"/>
					<uint name="减少复活时间"/>
					<uint name="减少法术伤害"/>
					<uint name="免疫角色技能"/>
				</Enum>
			</Event>
		</Track>
		<Track trackName="TriggerParticle2" eventType="TriggerParticle" guid="f4dac774-4805-454f-8c9e-803abb9cb8a9" enabled="true" useRefParam="false" refParamName="" r="0.483" g="1.000" b="0.000" execOnForceStopped="false" execOnActionCompleted="false" stopAfterLastEvent="true">
			<Event eventName="TriggerParticle" time="0.000" length="1.000" isDuration="true">
				<TemplateObject name="targetId" objectName="self" id="0" isTemp="false" refParamName="" useRefParam="false"/>
				<TemplateObject name="objectSpaceId" objectName="None" id="-1" isTemp="false" refParamName="" useRefParam="false"/>
				<String name="parentResourceName" value="" refParamName="" useRefParam="false"/>
				<bool name="bUseAttachBulletShape" value="false" refParamName="" useRefParam="false"/>
				<String name="resourceName" value="prefab_skill_effects/Hero_Skill_Effects/117_ZhongWuYan/11703/zhongwuyan_buff_spell02" refParamName="" useRefParam="false"/>
				<String name="resourceName2" value="" refParamName="" useRefParam="false"/>
				<String name="resourceName3" value="" refParamName="" useRefParam="false"/>
				<bool name="dontShowIfNoBindPoint" value="false" refParamName="" useRefParam="false"/>
				<String name="bindPointName" value="Bip001 Prop2" refParamName="" useRefParam="false"/>
				<bool name="bBindPosOffsetInWorldSpace" value="false" refParamName="" useRefParam="false"/>
				<Vector3 name="bindPosOffset" x="0.000" y="0.000" z="0.000" refParamName="" useRefParam="false"/>
				<EulerAngle name="bindRotOffset" x="0.000" y="0.000" z="0.000" refParamName="" useRefParam="false"/>
				<bool name="bUseRealScaling" value="false" refParamName="" useRefParam="false"/>
				<Vector3 name="scaling" x="1.000" y="1.000" z="1.000" refParamName="" useRefParam="false"/>
				<bool name="bEnableOptCull" value="true" refParamName="" useRefParam="false"/>
				<TemplateObject name="lookTargetId" objectName="None" id="-1" isTemp="false" refParamName="" useRefParam="false"/>
				<bool name="bAlwaysLookTarget" value="false" refParamName="" useRefParam="false"/>
				<bool name="bLookTarget" value="false" refParamName="" useRefParam="false"/>
				<bool name="bBulletPos" value="false" refParamName="" useRefParam="false"/>
				<bool name="applyActionSpeedToAnimation" value="false" refParamName="" useRefParam="false"/>
				<bool name="bBulletDir" value="false" refParamName="" useRefParam="false"/>
				<bool name="bBullerPosDir" value="false" refParamName="" useRefParam="false"/>
				<bool name="bHideWhenDead" value="true" refParamName="" useRefParam="false"/>
				<bool name="bRotateFollowCamera" value="false" refParamName="" useRefParam="false"/>
				<bool name="bUse3DUICamera" value="false" refParamName="" useRefParam="false"/>
				<bool name="bUseTargetSkinEffect" value="false" refParamName="" useRefParam="false"/>
				<bool name="bReplayWhenChangeMesh" value="false" refParamName="" useRefParam="false"/>
				<bool name="bTrailProtect" value="false" refParamName="" useRefParam="false"/>
				<bool name="bKeepChildScale" value="false" refParamName="" useRefParam="false"/>
				<bool name="enableTag" value="false" refParamName="" useRefParam="false"/>
				<bool name="applyActionSpeedToParticle" value="true" refParamName="" useRefParam="false"/>
				<int name="extend" value="10" refParamName="" useRefParam="false"/>
				<int name="particleScaleGrow" value="0" refParamName="" useRefParam="false"/>
				<bool name="enableMaxFollowTime" value="false" refParamName="" useRefParam="false"/>
				<float name="maxFollowTime" value="0.000" refParamName="" useRefParam="false"/>
				<bool name="bindOnHUD" value="false" refParamName="" useRefParam="false"/>
				<Enum name="showInStatus" value="0" refParamName="" useRefParam="false">
					<uint name="任意状态"/>
					<uint name="Idle状态"/>
					<uint name="移动状态"/>
					<uint name="死亡状态"/>
					<uint name="其他状态"/>
					<uint name="脱战状态"/>
					<uint name="战斗状态"/>
					<uint name="非隐藏在草丛"/>
					<uint name="隐藏在草丛"/>
				</Enum>
				<bool name="bExcludeSpecialActor" value="true" refParamName="" useRefParam="false"/>
				<Enum name="ReplacementUsage" value="0" refParamName="" useRefParam="false">
					<uint name="无"/>
					<uint name="回城特效"/>
					<uint name="击杀特效"/>
					<uint name="泉水加速特效"/>
				</Enum>
				<Enum name="ReplacementSubUsage" value="0" refParamName="" useRefParam="false">
					<uint name="无"/>
					<uint name="回城落地特效"/>
				</Enum>
				<bool name="bNoDynamicLod" value="false" refParamName="" useRefParam="false"/>
				<bool name="bAllowEmptyEffect" value="false" refParamName="" useRefParam="false"/>
				<bool name="bOnlyFollowPos" value="false" refParamName="" useRefParam="false"/>
				<int name="iDelayDisappearTime" value="0" refParamName="" useRefParam="false"/>
			</Event>
		</Track>
		<Track trackName="SkillFuncInstant0" eventType="SkillFuncInstant" guid="62cda572-89a1-4d1e-a14d-1559c9bdca3a" enabled="true" useRefParam="false" refParamName="" r="1.000" g="0.000" b="0.267" execOnForceStopped="false" execOnActionCompleted="false" stopAfterLastEvent="true">
			<Event eventName="SkillFuncInstant" time="0.000" isDuration="false">
				<Enum name="SkillFuncType" value="16" refParamName="" useRefParam="false">
					<uint name="物理伤害"/>
					<uint name="法术伤害"/>
					<uint name="真实伤害"/>
					<uint name="回复生命值"/>
					<uint name="增加攻击速度"/>
					<uint name="减少攻击速度"/>
					<uint name="增加移动速度"/>
					<uint name="减少移动速度"/>
					<uint name="提高攻击力"/>
					<uint name="降低攻击力"/>
					<uint name="吸血"/>
					<uint name="增加护甲"/>
					<uint name="减少护甲"/>
					<uint name="增加抗性"/>
					<uint name="减少抗性"/>
					<uint name="免疫效果"/>
					<uint name="减少技能CD"/>
					<uint name="增加法术强度"/>
					<uint name="减少法术强度"/>
					<uint name="增加暴击率"/>
					<uint name="减少暴击率"/>
					<uint name="增加最大生命"/>
					<uint name="减少最大生命"/>
					<uint name="增加物理穿透"/>
					<uint name="减少物理穿透"/>
					<uint name="增加法术穿透"/>
					<uint name="减少法术穿透"/>
					<uint name="护盾"/>
					<uint name="增加技能印记"/>
					<uint name="触发技能印记"/>
					<uint name="免疫伤害"/>
					<uint name="免疫控制"/>
					<uint name="迅速复活"/>
					<uint name="法球效果"/>
					<uint name="驱散效果"/>
					<uint name="物理吸血"/>
					<uint name="法术吸血"/>
					<uint name="伤害免疫率"/>
					<uint name="获取视野效果"/>
					<uint name="隐身效果"/>
					<uint name="伤害输出率效果"/>
					<uint name="韧性率效果"/>
					<uint name="冷却缩减效果"/>
					<uint name="抗暴率效果"/>
					<uint name="条件伤害输出率效果"/>
					<uint name="忽略RVO"/>
					<uint name="生命条件效果"/>
					<uint name="更换血条风格"/>
					<uint name="目标伤害加成效果"/>
					<uint name="击杀经验加成效果"/>
					<uint name="增加经验效果"/>
					<uint name="受控额外效果"/>
					<uint name="免疫暴击效果"/>
					<uint name="限制最大伤害效果"/>
					<uint name="免疫致命伤害效果"/>
					<uint name="改变技能"/>
					<uint name="禁用技能"/>
					<uint name="改变暴击伤害效果"/>
					<uint name="回复能量值"/>
					<uint name="改变护甲穿透率"/>
					<uint name="改变法术穿透率"/>
					<uint name="普攻带法术效果"/>
					<uint name="增加法术强度率"/>
					<uint name="法术强度增益效果"/>
					<uint name="回复增益效果"/>
					<uint name="脱离战斗提速效果"/>
					<uint name="护盾免疫控制"/>
					<uint name="护甲减伤率"/>
					<uint name="生命低时额外伤害"/>
					<uint name="致盲（禁止使用）"/>
					<uint name="移除技能效果"/>
					<uint name="击杀金币加成效果"/>
					<uint name="技能额外伤害效果"/>
					<uint name="改变被动技能参数"/>
					<uint name="改变狂意值"/>
					<uint name="现形效果"/>
					<uint name="增加能量值"/>
					<uint name="增加怒气值"/>
					<uint name="改变法球槽位"/>
					<uint name="根据护甲值增加攻击力"/>
					<uint name="格挡伤害"/>
					<uint name="增大视野半径"/>
					<uint name="单个技能吸血"/>
					<uint name="反弹"/>
					<uint name="伤害触发技能效果"/>
					<uint name="减少复活时间"/>
					<uint name="减少法术伤害"/>
					<uint name="免疫角色技能"/>
					<uint name="槽位伤害加成效果"/>
					<uint name="延长技能效果"/>
					<uint name="属性转换"/>
					<uint name="类型伤害加成效果"/>
					<uint name="增加最大法力值"/>
					<uint name="减少最大法力值"/>
					<uint name="改变训诫值"/>
					<uint name="改变锐气值"/>
					<uint name="共享免疫控制"/>
					<uint name="共享伤害"/>
					<uint name="反击普攻伤害"/>
					<uint name="伤害前调整受到伤害"/>
					<uint name="伤害前调整造成伤害"/>
					<uint name="背后攻击暴击"/>
					<uint name="暴击率转化暴击伤害"/>
					<uint name="槽位修改暴击效果"/>
					<uint name="增加金钱效果"/>
					<uint name="改变英雄生命时长"/>
					<uint name="离开攻击者一定范围后清除BUFF"/>
					<uint name="指定目标伤害加成"/>
					<uint name="除目标外免疫控制"/>
					<uint name="减速抵抗"/>
					<uint name="解除减速效果"/>
					<uint name="免疫死亡"/>
					<uint name="能量消耗削减"/>
					<uint name="增加足球能量"/>
					<uint name="特殊效果奉献"/>
					<uint name="增加自定义能量"/>
					<uint name="角色重生"/>
					<uint name="能量获取削减比例"/>
					<uint name="提高生命五回"/>
					<uint name="降低生命五回"/>
					<uint name="提高魔法五回"/>
					<uint name="降低魔法五回"/>
					<uint name="忽略防御效果"/>
					<uint name="免疫技能选中"/>
				</Enum>
			</Event>
		</Track>
	</Action>
</Project>

