<?xml version="1.0" encoding="utf-8"?>
<Project>
	<TemplateObjectList>
		<TemplateObject objectName="攻击者" id="0" isTemp="false"/>
		<TemplateObject objectName="target" id="1" isTemp="false"/>
	</TemplateObjectList>
	<RefParamList/>
	<Action tag="" length="5.600" loop="false">
		<Track trackName="TriggerParticle0" eventType="TriggerParticle" guid="19eddd2c-2341-44f4-9a2b-4ec6a3c91c83" enabled="true" useRefParam="false" refParamName="" r="1.000" g="0.000" b="0.567" execOnForceStopped="false" execOnActionCompleted="false" stopAfterLastEvent="true">
			<Event eventName="TriggerParticle" time="0.000" length="5.500" isDuration="true">
				<TemplateObject name="targetId" objectName="攻击者" id="0" isTemp="false" refParamName="" useRefParam="false"/>
				<TemplateObject name="objectSpaceId" objectName="None" id="-1" isTemp="false" refParamName="" useRefParam="false"/>
				<String name="parentResourceName" value="" refParamName="" useRefParam="false"/>
				<bool name="bUseAttachBulletShape" value="false" refParamName="" useRefParam="false"/>
				<String name="resourceName" value="prefab_skill_effects/Hero_Skill_Effects/149_LiuBang/14905/liubang_attack_spell01" refParamName="" useRefParam="false"/>
				<String name="resourceName2" value="" refParamName="" useRefParam="false"/>
				<String name="resourceName3" value="" refParamName="" useRefParam="false"/>
				<bool name="dontShowIfNoBindPoint" value="false" refParamName="" useRefParam="false"/>
				<String name="bindPointName" value="Bip001" refParamName="" useRefParam="false"/>
				<Vector3 name="bindPosOffset" x="0.000" y="0.000" z="0.000" refParamName="" useRefParam="false"/>
				<bool name="bBindPosOffsetInWorldSpace" value="false" refParamName="" useRefParam="false"/>
				<EulerAngle name="bindRotOffset" x="0.000" y="0.000" z="0.000" refParamName="" useRefParam="false"/>
				<bool name="bUseRealScaling" value="false" refParamName="" useRefParam="false"/>
				<Vector3 name="scaling" x="1.000" y="1.000" z="1.000" refParamName="" useRefParam="false"/>
				<bool name="bHeroEffect" value="false" refParamName="" useRefParam="false"/>
				<bool name="bEnableOptCull" value="true" refParamName="" useRefParam="false"/>
				<bool name="bBulletPos" value="false" refParamName="" useRefParam="false"/>
				<bool name="bBulletDir" value="false" refParamName="" useRefParam="false"/>
				<bool name="bBullerPosDir" value="false" refParamName="" useRefParam="false"/>
				<bool name="bAlwaysLookTarget" value="false" refParamName="" useRefParam="false"/>
				<bool name="applyActionSpeedToAnimation" value="false" refParamName="" useRefParam="false"/>
				<bool name="bLookTarget" value="false" refParamName="" useRefParam="false"/>
				<TemplateObject name="lookTargetId" objectName="None" id="-1" isTemp="false" refParamName="" useRefParam="false"/>
				<bool name="enableTag" value="false" refParamName="" useRefParam="false"/>
				<bool name="applyActionSpeedToParticle" value="false" refParamName="" useRefParam="false"/>
				<int name="extend" value="10" refParamName="" useRefParam="false"/>
				<bool name="bOnlyFollowPos" value="false" refParamName="" useRefParam="false"/>
				<bool name="bReplayWhenChangeMesh" value="false" refParamName="" useRefParam="false"/>
				<bool name="bTrailProtect" value="false" refParamName="" useRefParam="false"/>
				<bool name="bKeepChildScale" value="false" refParamName="" useRefParam="false"/>
				<int name="iDelayDisappearTime" value="0" refParamName="" useRefParam="false"/>
				<bool name="bHideWhenDead" value="true" refParamName="" useRefParam="false"/>
				<bool name="bRotateFollowCamera" value="false" refParamName="" useRefParam="false"/>
				<int name="particleScaleGrow" value="0" refParamName="" useRefParam="false"/>
				<bool name="enableMaxFollowTime" value="false" refParamName="" useRefParam="false"/>
				<float name="maxFollowTime" value="0.000" refParamName="" useRefParam="false"/>
				<bool name="bindOnHUD" value="false" refParamName="" useRefParam="false"/>
				<Enum name="showInStatus" value="0" refParamName="" useRefParam="false">
					<uint name="任意状态"/>
					<uint name="Idle状态"/>
					<uint name="移动状态"/>
					<uint name="死亡状态"/>
					<uint name="其他状态"/>
					<uint name="脱战状态"/>
					<uint name="战斗状态"/>
					<uint name="非隐藏在草丛"/>
					<uint name="隐藏在草丛"/>
				</Enum>
				<bool name="bExcludeSpecialActor" value="true" refParamName="" useRefParam="false"/>
				<Enum name="ReplacementUsage" value="0" refParamName="" useRefParam="false">
					<uint name="无"/>
					<uint name="回城特效"/>
					<uint name="击杀特效"/>
					<uint name="泉水加速特效"/>
				</Enum>
				<Enum name="ReplacementSubUsage" value="0" refParamName="" useRefParam="false">
					<uint name="无"/>
					<uint name="回城落地特效"/>
				</Enum>
				<bool name="bNoDynamicLod" value="false" refParamName="" useRefParam="false"/>
				<bool name="bMeshResouce" value="false" refParamName="" useRefParam="false"/>
				<bool name="bAllowEmptyEffect" value="false" refParamName="" useRefParam="false"/>
				<bool name="bUse3DUICamera" value="false" refParamName="" useRefParam="false"/>
				<bool name="bUseTargetSkinEffect" value="false" refParamName="" useRefParam="false"/>
			</Event>
		</Track>
		<Track trackName="SkillFuncDuration0" eventType="SkillFuncDuration" guid="aec0b7d1-17f4-45e8-a977-d85dbda6d482" enabled="true" useRefParam="false" refParamName="" r="0.000" g="1.000" b="0.950" execOnForceStopped="false" execOnActionCompleted="false" stopAfterLastEvent="true">
			<Event eventName="SkillFuncDuration" time="0.000" length="5.500" isDuration="true">
				<Enum name="SkillFuncType" value="27" refParamName="" useRefParam="false">
					<uint name="物理伤害"/>
					<uint name="法术伤害"/>
					<uint name="真实伤害"/>
					<uint name="回复生命值"/>
					<uint name="增加攻击速度"/>
					<uint name="减少攻击速度"/>
					<uint name="增加移动速度"/>
					<uint name="减少移动速度"/>
					<uint name="提高攻击力"/>
					<uint name="降低攻击力"/>
					<uint name="吸血"/>
					<uint name="增加护甲"/>
					<uint name="减少护甲"/>
					<uint name="增加抗性"/>
					<uint name="减少抗性"/>
					<uint name="免疫效果"/>
					<uint name="减少技能CD"/>
					<uint name="增加法术强度"/>
					<uint name="减少法术强度"/>
					<uint name="增加暴击率"/>
					<uint name="减少暴击率"/>
					<uint name="增加最大生命"/>
					<uint name="减少最大生命"/>
					<uint name="增加物理穿透"/>
					<uint name="减少物理穿透"/>
					<uint name="增加法术穿透"/>
					<uint name="减少法术穿透"/>
					<uint name="护盾"/>
					<uint name="增加技能印记"/>
					<uint name="触发技能印记"/>
					<uint name="免疫伤害"/>
					<uint name="免疫控制"/>
				</Enum>
			</Event>
		</Track>
		<Track trackName="ChangeSkillTriggerTick0" eventType="ChangeSkillTriggerTick" guid="df82a72e-ad83-430e-b47d-e8a4ae1c9d82" enabled="true" useRefParam="false" refParamName="" r="0.000" g="1.000" b="0.733" execOnForceStopped="false" execOnActionCompleted="false" stopAfterLastEvent="true">
			<Event eventName="ChangeSkillTriggerTick" time="2.500" isDuration="false">
				<TemplateObject name="targetId" objectName="攻击者" id="0" isTemp="false" refParamName="" useRefParam="false"/>
				<bool name="bCurrentSkill" value="false" refParamName="" useRefParam="false"/>
				<Enum name="slotType" value="1" refParamName="" useRefParam="false">
					<uint name="普通"/>
					<uint name="技能1"/>
					<uint name="技能2"/>
					<uint name="技能3"/>
					<uint name="技能4"/>
				</Enum>
				<int name="effectTime" value="3000" refParamName="" useRefParam="false"/>
				<int name="changeSkillID" value="14911" refParamName="" useRefParam="false"/>
				<int name="changeSkillID2" value="0" refParamName="" useRefParam="false"/>
				<int name="changeSkillID3" value="0" refParamName="" useRefParam="false"/>
				<int name="changeSkillID4" value="0" refParamName="" useRefParam="false"/>
				<bool name="bUseCombo" value="true" refParamName="" useRefParam="false"/>
				<int name="changeSkillID1Probability" value="100" refParamName="" useRefParam="false"/>
				<int name="changeSkillID2Probability" value="100" refParamName="" useRefParam="false"/>
				<int name="changeSkillID3Probability" value="100" refParamName="" useRefParam="false"/>
				<bool name="bUseSkillLevel" value="false" refParamName="" useRefParam="false"/>
				<int name="changeSkillID4Probability" value="100" refParamName="" useRefParam="false"/>
				<int name="recoverSkillID" value="14910" refParamName="" useRefParam="false"/>
				<bool name="bCheckCondition" value="false" refParamName="" useRefParam="false"/>
				<bool name="bOvertimeCD" value="true" refParamName="" useRefParam="false"/>
				<bool name="bSendEvent" value="true" refParamName="" useRefParam="false"/>
				<bool name="bAbort" value="false" refParamName="" useRefParam="false"/>
				<bool name="bUseStop" value="true" refParamName="" useRefParam="false"/>
				<TemplateObject name="attackTargetId" objectName="None" id="-1" isTemp="false" refParamName="" useRefParam="false"/>
				<Enum name="refSkillSlot" value="1" refParamName="" useRefParam="false">
					<uint name="普攻"/>
					<uint name="技能1"/>
					<uint name="技能2"/>
					<uint name="技能3"/>
					<uint name="技能4"/>
					<uint name="天赋技能"/>
					<uint name="回城"/>
					<uint name="饰品栏技能"/>
					<uint name=""/>
				</Enum>
				<int name="level0Id" value="0" refParamName="" useRefParam="false"/>
				<int name="level1Id" value="0" refParamName="" useRefParam="false"/>
				<int name="level2Id" value="0" refParamName="" useRefParam="false"/>
				<int name="level3Id" value="0" refParamName="" useRefParam="false"/>
				<int name="level4Id" value="0" refParamName="" useRefParam="false"/>
				<int name="level5Id" value="0" refParamName="" useRefParam="false"/>
				<int name="level6Id" value="0" refParamName="" useRefParam="false"/>
				<bool name="bOtherSkillAbort" value="false" refParamName="" useRefParam="false"/>
			</Event>
		</Track>
		<Track trackName="判断是否使用2技能，是否=0" eventType="CheckSkillCombineConditionTick" guid="3320dec9-a41a-44c5-a7c5-22ec7e4c12fb" enabled="true" useRefParam="false" refParamName="" r="1.000" g="0.000" b="0.133" execOnForceStopped="false" execOnActionCompleted="false" stopAfterLastEvent="true">
			<Event eventName="CheckSkillCombineConditionTick" time="5.467" isDuration="false">
				<TemplateObject name="targetId" objectName="攻击者" id="0" isTemp="false" refParamName="" useRefParam="false"/>
				<bool name="bCurrentBuffId" value="false" refParamName="" useRefParam="false"/>
				<int name="skillCombineId" value="149210" refParamName="" useRefParam="false"/>
				<Enum name="checkOPType" value="3" refParamName="" useRefParam="false">
					<uint name="不比较"/>
					<uint name="小于"/>
					<uint name="小等于"/>
					<uint name="等于"/>
					<uint name="大于"/>
					<uint name="大等于"/>
				</Enum>
				<int name="skillCombineLevel" value="0" refParamName="" useRefParam="false"/>
				<TemplateObject name="skillCombineSrcId" objectName="None" id="-1" isTemp="false" refParamName="" useRefParam="false"/>
				<bool name="bCheckSkillMark" value="false" refParamName="" useRefParam="false"/>
			</Event>
		</Track>
		<Track trackName="没有释放2技能则正常爆炸" eventType="SpawnBulletTick" guid="0af75d8b-c5d6-47cd-86e2-d9a66a55aa62" enabled="true" useRefParam="false" refParamName="" r="1.000" g="0.000" b="0.150" execOnForceStopped="false" execOnActionCompleted="false" stopAfterLastEvent="true">
			<Condition id="3" guid="3320dec9-a41a-44c5-a7c5-22ec7e4c12fb" status="true"/>
			<Event eventName="SpawnBulletTick" time="0.000" isDuration="false">
				<TemplateObject name="targetId" objectName="攻击者" id="0" isTemp="false" refParamName="" useRefParam="false"/>
				<TemplateObject name="targetPosActorId" objectName="None" id="-1" isTemp="true" refParamName="" useRefParam="false"/>
				<TemplateObject name="referenceObjectId" objectName="None" id="-1" isTemp="false" refParamName="" useRefParam="false"/>
				<String name="ActionName" value="prefab_characters/prefab_hero/149_liubang/skill/s12b1" refParamName="" useRefParam="false"/>
				<String name="SpecialActionName" value="" refParamName="" useRefParam="false"/>
				<bool name="bDeadRemove" value="false" refParamName="" useRefParam="false"/>
				<bool name="bImmeExcute" value="true" refParamName="" useRefParam="false"/>
				<bool name="bAgeEternal" value="false" refParamName="" useRefParam="false"/>
				<int name="bulletTypeId" value="0" refParamName="" useRefParam="false"/>
				<int name="bulletUpperLimit" value="0" refParamName="" useRefParam="false"/>
				<bool name="bSpawnBounceBullet" value="false" refParamName="" useRefParam="false"/>
				<Enum name="bulletSkillType" value="0" refParamName="" useRefParam="false">
					<uint name="默认类型_0"/>
					<uint name="允许特殊打断_1"/>
				</Enum>
				<bool name="bAbort" value="false" refParamName="" useRefParam="false"/>
			</Event>
		</Track>
		<Track trackName="SkillCDTriggerTick0" eventType="SkillCDTriggerTick" guid="4f73adf1-1a53-4493-876b-42233f6dc784" enabled="true" useRefParam="false" refParamName="" r="0.000" g="1.000" b="0.017" execOnForceStopped="false" execOnActionCompleted="false" stopAfterLastEvent="true">
			<Event eventName="SkillCDTriggerTick" time="5.467" isDuration="false">
				<TemplateObject name="targetId" objectName="攻击者" id="0" isTemp="false" refParamName="" useRefParam="false"/>
				<bool name="useSlotType" value="true" refParamName="" useRefParam="false"/>
				<Enum name="slotType" value="1" refParamName="" useRefParam="false">
					<uint name="普通"/>
					<uint name="技能1"/>
					<uint name="技能2"/>
					<uint name="技能3"/>
					<uint name="技能4"/>
				</Enum>
				<int name="overrideCDValue" value="0" refParamName="" useRefParam="false"/>
			</Event>
		</Track>
		<Track trackName="判断是否使用2技能，是否大于0" eventType="CheckSkillCombineConditionTick" guid="9c7473d9-a442-4d89-8813-d2c2632a7092" enabled="true" useRefParam="false" refParamName="" r="1.000" g="0.583" b="0.000" execOnForceStopped="false" execOnActionCompleted="false" stopAfterLastEvent="true">
			<Event eventName="CheckSkillCombineConditionTick" time="5.467" isDuration="false">
				<TemplateObject name="targetId" objectName="攻击者" id="0" isTemp="false" refParamName="" useRefParam="false"/>
				<bool name="bCurrentBuffId" value="false" refParamName="" useRefParam="false"/>
				<int name="skillCombineId" value="149210" refParamName="" useRefParam="false"/>
				<Enum name="checkOPType" value="4" refParamName="" useRefParam="false">
					<uint name="不比较"/>
					<uint name="小于"/>
					<uint name="小等于"/>
					<uint name="等于"/>
					<uint name="大于"/>
					<uint name="大等于"/>
				</Enum>
				<int name="skillCombineLevel" value="0" refParamName="" useRefParam="false"/>
				<TemplateObject name="skillCombineSrcId" objectName="None" id="-1" isTemp="false" refParamName="" useRefParam="false"/>
				<bool name="bCheckSkillMark" value="false" refParamName="" useRefParam="false"/>
			</Event>
		</Track>
		<Track trackName="如果没有正常爆炸立即则执行" eventType="HitTriggerTick" guid="8eee7e58-dc97-4e23-9229-5ec2462cbf96" enabled="true" useRefParam="false" refParamName="" r="0.850" g="1.000" b="0.000" execOnForceStopped="false" execOnActionCompleted="false" stopAfterLastEvent="true">
			<Condition id="6" guid="9c7473d9-a442-4d89-8813-d2c2632a7092" status="true"/>
			<Event eventName="HitTriggerTick" time="0.000" isDuration="false">
				<TemplateObject name="targetId" objectName="攻击者" id="0" isTemp="false" refParamName="" useRefParam="false"/>
				<TemplateObject name="hitTargetId" objectName="None" id="-1" isTemp="false" refParamName="" useRefParam="false"/>
				<bool name="bulletHit" value="false" refParamName="" useRefParam="false"/>
				<TemplateObject name="victimId" objectName="None" id="-1" isTemp="false" refParamName="" useRefParam="false"/>
				<bool name="lastHit" value="false" refParamName="" useRefParam="false"/>
				<bool name="bSkillCombineChoose" value="false" refParamName="" useRefParam="false"/>
				<int name="SelfSkillCombineID_1" value="149230" refParamName="" useRefParam="false"/>
				<int name="SelfSkillCombineID_2" value="0" refParamName="" useRefParam="false"/>
				<int name="SelfSkillCombineID_3" value="0" refParamName="" useRefParam="false"/>
				<int name="SelfSkillCombineID1Probability" value="0" refParamName="" useRefParam="false"/>
				<int name="SelfSkillCombineID2Probability" value="0" refParamName="" useRefParam="false"/>
				<int name="SelfSkillCombineID3Probability" value="0" refParamName="" useRefParam="false"/>
				<int name="TargetSkillCombine_1" value="0" refParamName="" useRefParam="false"/>
				<int name="TargetSkillCombine_2" value="0" refParamName="" useRefParam="false"/>
				<int name="TargetSkillCombine_3" value="0" refParamName="" useRefParam="false"/>
				<int name="TargetSkillCombineID1Probability" value="0" refParamName="" useRefParam="false"/>
				<int name="TargetSkillCombineID2Probability" value="0" refParamName="" useRefParam="false"/>
				<int name="TargetSkillCombineID3Probability" value="0" refParamName="" useRefParam="false"/>
				<bool name="bCheckSight" value="false" refParamName="" useRefParam="false"/>
				<bool name="bCheckSkillLevel" value="false" refParamName="" useRefParam="false"/>
				<Enum name="refSkillSlot" value="1" refParamName="" useRefParam="false">
					<uint name="普攻"/>
					<uint name="技能1"/>
					<uint name="技能2"/>
					<uint name="技能3"/>
					<uint name="技能4"/>
					<uint name="天赋技能"/>
					<uint name="回城"/>
					<uint name="饰品栏技能"/>
					<uint name=""/>
				</Enum>
				<int name="refSkillLevel" value="0" refParamName="" useRefParam="false"/>
				<Enum name="compareOPType" value="3" refParamName="" useRefParam="false">
					<uint name="不比较"/>
					<uint name="小于"/>
					<uint name="小等于"/>
					<uint name="等于"/>
					<uint name="大于"/>
					<uint name="大等于"/>
					<uint name=""/>
				</Enum>
				<TemplateObject name="triggerId" objectName="None" id="-1" isTemp="false" refParamName="" useRefParam="false"/>
				<bool name="bExtraBuff" value="false" refParamName="" useRefParam="false"/>
				<bool name="bOverrideParam" value="false" refParamName="" useRefParam="false"/>
				<int name="buffOverrideParam1" value="0" refParamName="" useRefParam="false"/>
				<int name="buffOverrideParam2" value="0" refParamName="" useRefParam="false"/>
				<int name="buffOverrideParam3" value="0" refParamName="" useRefParam="false"/>
				<int name="buffOverrideParam4" value="0" refParamName="" useRefParam="false"/>
				<int name="buffOverrideParam5" value="0" refParamName="" useRefParam="false"/>
				<TemplateObject name="paramTargetId" objectName="None" id="-1" isTemp="false" refParamName="" useRefParam="false"/>
				<TemplateObject name="paramTargetId2" objectName="None" id="-1" isTemp="false" refParamName="" useRefParam="false"/>
			</Event>
		</Track>
	</Action>
</Project>

