<?xml version="1.0" encoding="utf-8"?>
<Project>
	<TemplateObjectList>
		<TemplateObject objectName="self" id="0" isTemp="false"/>
		<TemplateObject objectName="target" id="1" isTemp="false"/>
	</TemplateObjectList>
	<RefParamList>
		<Vector3i name="_TargetDir" x="0" y="0" z="0" refParamName="" useRefParam="false"/>
		<Vector3i name="_TargetPos" x="0" y="0" z="0" refParamName="" useRefParam="false"/>
	</RefParamList>
	<Action tag="" length="1.000" loop="false">
		<Track trackName="SkillFuncDuration1" eventType="SkillFuncDuration" guid="f5b8c6b3-2a91-4bf9-a8e1-46567a3564b5" enabled="true" refParamName="" useRefParam="false" r="0.450" g="1.000" b="0.000" execOnForceStopped="false" execOnActionCompleted="false" stopAfterLastEvent="true">
			<Event eventName="SkillFuncDuration" time="0.000" length="1.000" isDuration="true">
				<Enum name="SkillFuncType" value="6" refParamName="" useRefParam="false">
					<uint name="物理伤害"/>
					<uint name="法术伤害"/>
					<uint name="真实伤害"/>
					<uint name="回复生命值"/>
					<uint name="增加攻击速度"/>
					<uint name="减少攻击速度"/>
					<uint name="增加移动速度"/>
					<uint name="减少移动速度"/>
					<uint name="提高攻击力"/>
					<uint name="降低攻击力"/>
					<uint name="吸血"/>
					<uint name="增加护甲"/>
					<uint name="减少护甲"/>
					<uint name="增加抗性"/>
					<uint name="减少抗性"/>
					<uint name="免疫效果"/>
					<uint name="减少技能CD"/>
					<uint name="增加法术强度"/>
					<uint name="减少法术强度"/>
					<uint name="增加暴击率"/>
					<uint name="减少暴击率"/>
					<uint name="增加最大生命"/>
					<uint name="减少最大生命"/>
					<uint name="增加物理穿透"/>
					<uint name="减少物理穿透"/>
					<uint name="增加法术穿透"/>
					<uint name="减少法术穿透"/>
					<uint name="护盾"/>
					<uint name="增加技能印记"/>
					<uint name="触发技能印记"/>
					<uint name="免疫伤害"/>
					<uint name="免疫控制"/>
					<uint name="迅速复活"/>
					<uint name="法球效果"/>
					<uint name="驱散效果"/>
					<uint name="物理吸血"/>
					<uint name="法术吸血"/>
					<uint name="伤害免疫率"/>
					<uint name="获取视野效果"/>
					<uint name="隐身效果"/>
					<uint name="伤害输出率效果"/>
					<uint name="韧性率效果"/>
					<uint name="冷却缩减效果"/>
					<uint name="抗暴率效果"/>
					<uint name="条件伤害输出率效果"/>
					<uint name="忽略RVO"/>
					<uint name="生命条件效果"/>
					<uint name="更换血条风格"/>
					<uint name="目标伤害加成效果"/>
					<uint name="击杀经验加成效果"/>
					<uint name="增加经验效果"/>
					<uint name="受控额外效果"/>
					<uint name="免疫暴击效果"/>
					<uint name="限制最大伤害效果"/>
					<uint name="免疫致命伤害效果"/>
					<uint name="改变技能"/>
					<uint name="禁用技能"/>
					<uint name="改变暴击伤害效果"/>
					<uint name="回复能量值"/>
					<uint name="改变护甲穿透率"/>
					<uint name="改变法术穿透率"/>
				</Enum>
				<bool name="bIsOverrideParamsFromXls" value="false" refParamName="" useRefParam="false"/>
				<int name="OverrideParam1" value="0" refParamName="" useRefParam="false"/>
				<int name="OverrideParam2" value="0" refParamName="" useRefParam="false"/>
				<int name="OverrideParam3" value="0" refParamName="" useRefParam="false"/>
				<int name="OverrideParam4" value="0" refParamName="" useRefParam="false"/>
				<int name="OverrideParam5" value="0" refParamName="" useRefParam="false"/>
			</Event>
		</Track>
		<Track trackName="TriggerParticle0" eventType="TriggerParticle" guid="6a820516-a7c8-4e53-96a3-d673a52fa012" enabled="false" refParamName="" useRefParam="false" r="1.000" g="0.000" b="0.217" execOnForceStopped="false" execOnActionCompleted="false" stopAfterLastEvent="true">
			<Event eventName="TriggerParticle" time="0.000" length="1.000" isDuration="true">
				<TemplateObject name="targetId" objectName="攻击者" id="0" isTemp="false" refParamName="" useRefParam="false"/>
				<TemplateObject name="objectSpaceId" objectName="攻击者" id="0" isTemp="false" refParamName="" useRefParam="false"/>
				<uint name="RefLiteBulletID" value="0" refParamName="" useRefParam="false"/>
				<String name="parentResourceName" value="" refParamName="" useRefParam="false"/>
				<String name="resourceName" value="prefab_skill_effects/hero_skill_effects/196_Elsu/19605/bailishouyue_buff_03" refParamName="" useRefParam="false"/>
				<String name="resourceName2" value="" refParamName="" useRefParam="false"/>
				<String name="resourceName3" value="" refParamName="" useRefParam="false"/>
				<String name="bindPointName" value="" refParamName="" useRefParam="false"/>
				<bool name="dontShowIfNoBindPoint" value="false" refParamName="" useRefParam="false"/>
				<Vector3 name="bindPosOffset" x="0.000" y="0.000" z="0.000" refParamName="" useRefParam="false"/>
				<bool name="bIsBindPosYRelateBeHitHeight" value="false" refParamName="" useRefParam="false"/>
				<bool name="bBindPosOffsetInWorldSpace" value="false" refParamName="" useRefParam="false"/>
				<EulerAngle name="bindRotOffset" x="0.000" y="0.000" z="0.000" refParamName="" useRefParam="false"/>
				<Vector3 name="scaling" x="1.000" y="1.000" z="1.000" refParamName="" useRefParam="false"/>
				<bool name="useScalingInt" value="false" refParamName="" useRefParam="false"/>
				<Vector3i name="scalingInt" x="10000" y="10000" z="10000" refParamName="" useRefParam="false"/>
				<bool name="bUseRealScaling" value="false" refParamName="" useRefParam="false"/>
				<bool name="bEnableOptCull" value="true" refParamName="" useRefParam="false"/>
				<bool name="bHeroEffect" value="false" refParamName="" useRefParam="false"/>
				<bool name="bBulletPos" value="false" refParamName="" useRefParam="false"/>
				<TemplateObject name="lookTargetId" objectName="None" id="-1" isTemp="false" refParamName="" useRefParam="false"/>
				<bool name="bAlwaysLookTarget" value="false" refParamName="" useRefParam="false"/>
				<bool name="bLookTarget" value="false" refParamName="" useRefParam="false"/>
				<bool name="bBulletDir" value="false" refParamName="" useRefParam="false"/>
				<bool name="applyActionSpeedToAnimation" value="false" refParamName="" useRefParam="false"/>
				<bool name="bBullerPosDir" value="false" refParamName="" useRefParam="false"/>
				<bool name="bHideWhenDead" value="true" refParamName="" useRefParam="false"/>
				<bool name="bRotateFollowCamera" value="false" refParamName="" useRefParam="false"/>
				<bool name="bIgnoreWhenHideModel" value="false" refParamName="" useRefParam="false"/>
				<bool name="bUse3DUICamera" value="false" refParamName="" useRefParam="false"/>
				<bool name="bUseTargetSkinEffect" value="false" refParamName="" useRefParam="false"/>
				<bool name="bReplayWhenChangeMesh" value="false" refParamName="" useRefParam="false"/>
				<bool name="bTrailProtect" value="false" refParamName="" useRefParam="false"/>
				<bool name="bKeepChildScale" value="false" refParamName="" useRefParam="false"/>
				<bool name="applyActionSpeedToParticle" value="true" refParamName="" useRefParam="false"/>
				<int name="extend" value="10" refParamName="" useRefParam="false"/>
				<bool name="bOnlyFollowPos" value="false" refParamName="" useRefParam="false"/>
				<int name="iDelayDisappearTime" value="0" refParamName="" useRefParam="false"/>
				<int name="particleScaleGrow" value="0" refParamName="" useRefParam="false"/>
				<bool name="enableMaxFollowTime" value="false" refParamName="" useRefParam="false"/>
				<float name="maxFollowTime" value="0.000" refParamName="" useRefParam="false"/>
				<bool name="bindOnHUD" value="false" refParamName="" useRefParam="false"/>
				<Enum name="showInStatus" value="0" refParamName="" useRefParam="false">
					<uint name="任意状态"/>
					<uint name="Idle状态"/>
					<uint name="移动状态"/>
					<uint name="死亡状态"/>
					<uint name="其他状态"/>
					<uint name="脱战状态"/>
					<uint name="战斗状态"/>
					<uint name="非隐藏在草丛"/>
					<uint name="隐藏在草丛"/>
				</Enum>
				<bool name="bExcludeSpecialActor" value="true" refParamName="" useRefParam="false"/>
				<Enum name="ReplacementUsage" value="0" refParamName="" useRefParam="false">
					<uint name="无"/>
					<uint name="回城特效"/>
					<uint name="击杀特效"/>
					<uint name="泉水加速特效"/>
				</Enum>
				<Enum name="ReplacementSubUsage" value="0" refParamName="" useRefParam="false">
					<uint name="无"/>
					<uint name="回城落地特效"/>
				</Enum>
				<bool name="bNoDynamicLod" value="false" refParamName="" useRefParam="false"/>
				<bool name="bMeshResouce" value="false" refParamName="" useRefParam="false"/>
				<bool name="bAllowEmptyEffect" value="false" refParamName="" useRefParam="false"/>
				<bool name="bSpecialBuffEffect" value="false" refParamName="" useRefParam="false"/>
				<bool name="bActionCtrlObjs" value="false" refParamName="" useRefParam="false"/>
				<bool name="bLayOnNavMesh" value="false" refParamName="" useRefParam="false"/>
			</Event>
		</Track>
		<Track trackName="SkillFuncDuration0" eventType="SkillFuncDuration" guid="c85974c0-4466-4a38-95cf-ecba3c8c0f20" enabled="true" refParamName="" useRefParam="false" r="0.000" g="1.000" b="0.633" execOnForceStopped="false" execOnActionCompleted="false" stopAfterLastEvent="true">
			<Event eventName="SkillFuncDuration" time="0.000" length="1.000" isDuration="true">
				<Enum name="SkillFuncType" value="39" refParamName="" useRefParam="false">
					<uint name="物理伤害"/>
					<uint name="法术伤害"/>
					<uint name="真实伤害"/>
					<uint name="回复生命值"/>
					<uint name="增加攻击速度"/>
					<uint name="减少攻击速度"/>
					<uint name="增加移动速度"/>
					<uint name="减少移动速度"/>
					<uint name="提高攻击力"/>
					<uint name="降低攻击力"/>
					<uint name="吸血"/>
					<uint name="增加护甲"/>
					<uint name="减少护甲"/>
					<uint name="增加抗性"/>
					<uint name="减少抗性"/>
					<uint name="免疫效果"/>
					<uint name="减少技能CD"/>
					<uint name="增加法术强度"/>
					<uint name="减少法术强度"/>
					<uint name="增加暴击率"/>
					<uint name="减少暴击率"/>
					<uint name="增加最大生命"/>
					<uint name="减少最大生命"/>
					<uint name="增加物理穿透"/>
					<uint name="减少物理穿透"/>
					<uint name="增加法术穿透"/>
					<uint name="减少法术穿透"/>
					<uint name="护盾"/>
					<uint name="增加技能印记"/>
					<uint name="触发技能印记"/>
					<uint name="免疫伤害"/>
					<uint name="免疫控制"/>
					<uint name="迅速复活"/>
					<uint name="法球效果"/>
					<uint name="驱散效果"/>
					<uint name="物理吸血"/>
					<uint name="法术吸血"/>
					<uint name="伤害免疫率"/>
					<uint name="获取视野效果"/>
					<uint name="隐身效果"/>
					<uint name="伤害输出率效果"/>
					<uint name="韧性率效果"/>
					<uint name="冷却缩减效果"/>
					<uint name="抗暴率效果"/>
					<uint name="条件伤害输出率效果"/>
					<uint name="忽略RVO"/>
					<uint name="生命条件效果"/>
					<uint name="更换血条风格"/>
					<uint name="目标伤害加成效果"/>
					<uint name="击杀经验加成效果"/>
					<uint name="增加经验效果"/>
					<uint name="受控额外效果"/>
					<uint name="免疫暴击效果"/>
					<uint name="限制最大伤害效果"/>
					<uint name="免疫致命伤害效果"/>
					<uint name="改变技能"/>
					<uint name="禁用技能"/>
					<uint name="改变暴击伤害效果"/>
					<uint name="回复能量值"/>
					<uint name="改变护甲穿透率"/>
					<uint name="改变法术穿透率"/>
					<uint name="普攻带法术效果"/>
					<uint name="增加法术强度率"/>
					<uint name="法术强度增益效果"/>
					<uint name="回复增益效果"/>
					<uint name="脱离战斗提速效果"/>
					<uint name="护盾免疫控制"/>
					<uint name="护甲减伤率"/>
					<uint name="生命低时额外伤害"/>
					<uint name="致盲"/>
					<uint name="移除技能效果"/>
					<uint name="击杀金币加成效果"/>
					<uint name="技能额外伤害效果"/>
					<uint name="改变被动技能参数"/>
					<uint name="改变狂意值"/>
					<uint name="现形效果"/>
					<uint name="增加能量值"/>
					<uint name="增加怒气值"/>
					<uint name="改变法球槽位"/>
					<uint name="根据护甲值增加攻击力"/>
					<uint name="格挡伤害"/>
					<uint name="增大视野半径"/>
					<uint name="单个技能吸血"/>
					<uint name="反弹伤害"/>
					<uint name="伤害触发技能效果"/>
					<uint name="减少复活时间"/>
					<uint name="增加金钱效果"/>
					<uint name="根据额外生命增加攻击力"/>
					<uint name="共享免疫控制"/>
					<uint name="改变敌方吸血率"/>
					<uint name="改变训诫值"/>
					<uint name="免疫普攻伤害"/>
					<uint name="反击普攻伤害"/>
					<uint name="清空能量值"/>
					<uint name="改变锐气值"/>
					<uint name="共享伤害"/>
					<uint name="离开攻击者一定范围后清除BUFF"/>
				</Enum>
				<bool name="bIsOverrideParamsFromXls" value="false" refParamName="" useRefParam="false"/>
				<int name="OverrideParam1" value="0" refParamName="" useRefParam="false"/>
				<int name="OverrideParam2" value="0" refParamName="" useRefParam="false"/>
				<int name="OverrideParam3" value="0" refParamName="" useRefParam="false"/>
				<int name="OverrideParam4" value="0" refParamName="" useRefParam="false"/>
				<int name="OverrideParam5" value="0" refParamName="" useRefParam="false"/>
			</Event>
		</Track>
		<Track trackName="PlayMaterialEffectDuration0" eventType="PlayMaterialEffectDuration" guid="fa5aba95-9444-40eb-98ba-386d67f099fc" enabled="true" refParamName="" useRefParam="false" r="1.000" g="0.000" b="0.900" execOnForceStopped="false" execOnActionCompleted="false" stopAfterLastEvent="true">
			<Event eventName="PlayMaterialEffectDuration" time="0.000" length="1.000" isDuration="true">
				<TemplateObject name="targetId" objectName="攻击者" id="0" isTemp="false" refParamName="" useRefParam="false"/>
				<Enum name="effectType" value="5" refParamName="" useRefParam="false">
					<uint name="冰冻"/>
					<uint name="石化"/>
					<uint name="半透明"/>
					<uint name="高亮"/>
					<uint name="自定义"/>
					<uint name="溶解"/>
				</Enum>
				<int name="priority" value="0" refParamName="" useRefParam="false"/>
				<String name="texPath" value="" refParamName="" useRefParam="false"/>
				<Vector3 name="highLitColor" x="1.000" y="1.000" z="0.000" refParamName="" useRefParam="false"/>
				<float name="hightLitGloss" value="0.000" refParamName="" useRefParam="false"/>
				<float name="higthLitPeriod" value="0.800" refParamName="" useRefParam="false"/>
				<bool name="hightLitChangeOutlineColor" value="false" refParamName="" useRefParam="false"/>
				<String name="materialNamePattern" value="" refParamName="" useRefParam="false"/>
			</Event>
		</Track>
		<Track trackName="ChangeAnimDuration0" eventType="ChangeAnimDuration" guid="24889d64-5d50-4f48-9fbb-570a77f7a605" enabled="false" refParamName="" useRefParam="false" r="1.000" g="0.217" b="0.000" execOnForceStopped="false" execOnActionCompleted="false" stopAfterLastEvent="true">
			<Event eventName="ChangeAnimDuration" time="0.000" length="1.000" isDuration="true">
				<TemplateObject name="targetId" objectName="self" id="0" isTemp="false" refParamName="" useRefParam="false"/>
				<String name="originalAnimName" value="Run" refParamName="" useRefParam="false"/>
				<String name="changedAnimName" value="Run2" refParamName="" useRefParam="false"/>
				<bool name="bOnlyRecover" value="false" refParamName="" useRefParam="false"/>
				<bool name="bDontChangeIfNotExist" value="false" refParamName="" useRefParam="false"/>
				<bool name="bReplaceSameChange" value="false" refParamName="" useRefParam="false"/>
				<bool name="bChangeBlendTime" value="false" refParamName="" useRefParam="false"/>
				<float name="fadeInBlendTime" value="0.150" refParamName="" useRefParam="false"/>
				<float name="fadeOutBlendTime" value="0.150" refParamName="" useRefParam="false"/>
				<bool name="bloopOverride" value="false" refParamName="" useRefParam="false"/>
				<bool name="bloop" value="false" refParamName="" useRefParam="false"/>
				<bool name="bChangeRunAnimBaseSpeed" value="true" refParamName="" useRefParam="false"/>
				<float name="runAnimBaseSpeed" value="0.950" refParamName="" useRefParam="false"/>
				<bool name="bImPlayAnim" value="true" refParamName="" useRefParam="false"/>
				<bool name="bChangeRunAnimation" value="false" refParamName="" useRefParam="false"/>
				<String name="runAnimName1" value="" refParamName="" useRefParam="false"/>
				<int name="startDegree1" value="0" refParamName="" useRefParam="false"/>
				<int name="endDegree1" value="0" refParamName="" useRefParam="false"/>
				<String name="runAnimName2" value="" refParamName="" useRefParam="false"/>
				<int name="startDegree2" value="0" refParamName="" useRefParam="false"/>
				<int name="endDegree2" value="0" refParamName="" useRefParam="false"/>
				<String name="runAnimName3" value="" refParamName="" useRefParam="false"/>
				<int name="startDegree3" value="0" refParamName="" useRefParam="false"/>
				<int name="endDegree3" value="0" refParamName="" useRefParam="false"/>
				<String name="runAnimName4" value="" refParamName="" useRefParam="false"/>
				<int name="startDegree4" value="0" refParamName="" useRefParam="false"/>
				<int name="endDegree4" value="0" refParamName="" useRefParam="false"/>
				<bool name="bUseDirectionalMove" value="false" refParamName="" useRefParam="false"/>
			</Event>
		</Track>
		<Track trackName="ChangeAnimDuration0" eventType="ChangeAnimDuration" guid="73e5a9bd-3b7a-41d4-9e41-d34871bfdace" enabled="false" refParamName="" useRefParam="false" r="0.017" g="0.000" b="1.000" execOnForceStopped="false" execOnActionCompleted="false" stopAfterLastEvent="true">
			<Event eventName="ChangeAnimDuration" time="0.000" length="1.000" isDuration="true">
				<TemplateObject name="targetId" objectName="self" id="0" isTemp="false" refParamName="" useRefParam="false"/>
				<String name="originalAnimName" value="Idle" refParamName="" useRefParam="false"/>
				<String name="changedAnimName" value="Idle2" refParamName="" useRefParam="false"/>
				<bool name="bOnlyRecover" value="false" refParamName="" useRefParam="false"/>
				<bool name="bDontChangeIfNotExist" value="false" refParamName="" useRefParam="false"/>
				<bool name="bReplaceSameChange" value="false" refParamName="" useRefParam="false"/>
				<bool name="bChangeBlendTime" value="false" refParamName="" useRefParam="false"/>
				<float name="fadeInBlendTime" value="0.150" refParamName="" useRefParam="false"/>
				<float name="fadeOutBlendTime" value="0.150" refParamName="" useRefParam="false"/>
				<bool name="bloopOverride" value="false" refParamName="" useRefParam="false"/>
				<bool name="bloop" value="false" refParamName="" useRefParam="false"/>
				<bool name="bChangeRunAnimBaseSpeed" value="false" refParamName="" useRefParam="false"/>
				<float name="runAnimBaseSpeed" value="1.000" refParamName="" useRefParam="false"/>
				<bool name="bImPlayAnim" value="true" refParamName="" useRefParam="false"/>
				<bool name="bChangeRunAnimation" value="false" refParamName="" useRefParam="false"/>
				<String name="runAnimName1" value="" refParamName="" useRefParam="false"/>
				<int name="startDegree1" value="0" refParamName="" useRefParam="false"/>
				<int name="endDegree1" value="0" refParamName="" useRefParam="false"/>
				<String name="runAnimName2" value="" refParamName="" useRefParam="false"/>
				<int name="startDegree2" value="0" refParamName="" useRefParam="false"/>
				<int name="endDegree2" value="0" refParamName="" useRefParam="false"/>
				<String name="runAnimName3" value="" refParamName="" useRefParam="false"/>
				<int name="startDegree3" value="0" refParamName="" useRefParam="false"/>
				<int name="endDegree3" value="0" refParamName="" useRefParam="false"/>
				<String name="runAnimName4" value="" refParamName="" useRefParam="false"/>
				<int name="startDegree4" value="0" refParamName="" useRefParam="false"/>
				<int name="endDegree4" value="0" refParamName="" useRefParam="false"/>
				<bool name="bUseDirectionalMove" value="false" refParamName="" useRefParam="false"/>
			</Event>
		</Track>
		<Track trackName="TriggerParticleTick0" eventType="TriggerParticleTick" guid="01e64841-209a-4aa9-ba1c-9e8a24c0f34e" enabled="true" refParamName="" useRefParam="false" r="0.083" g="0.000" b="1.000" execOnForceStopped="false" execOnActionCompleted="false" stopAfterLastEvent="true">
			<Event eventName="TriggerParticleTick" time="0.000" isDuration="false">
				<TemplateObject name="targetId" objectName="None" id="-1" isTemp="false" refParamName="" useRefParam="false"/>
				<TemplateObject name="objectSpaceId" objectName="self" id="0" isTemp="false" refParamName="" useRefParam="false"/>
				<uint name="RefLiteBulletID" value="0" refParamName="" useRefParam="false"/>
				<bool name="bDonotAttackToMesh" value="false" refParamName="" useRefParam="false"/>
				<String name="parentResourceName" value="" refParamName="" useRefParam="false"/>
				<String name="resourceName" value="prefab_skill_effects/hero_skill_effects/196_Elsu/19605_passive_buff01" refParamName="" useRefParam="false"/>
				<String name="resourceName2" value="" refParamName="" useRefParam="false"/>
				<String name="resourceName3" value="" refParamName="" useRefParam="false"/>
				<float name="lifeTime" value="1.500" refParamName="" useRefParam="false"/>
				<String name="bindPointName" value="" refParamName="" useRefParam="false"/>
				<bool name="dontShowIfNoBindPoint" value="false" refParamName="" useRefParam="false"/>
				<Vector3 name="bindPosOffset" x="0.000" y="0.000" z="0.000" refParamName="" useRefParam="false"/>
				<bool name="bIsBindPosYRelateBeHitHeight" value="false" refParamName="" useRefParam="false"/>
				<EulerAngle name="bindRotOffset" x="0.000" y="0.000" z="0.000" refParamName="" useRefParam="false"/>
				<Vector3 name="scaling" x="1.000" y="1.000" z="1.000" refParamName="" useRefParam="false"/>
				<bool name="useScalingInt" value="false" refParamName="" useRefParam="false"/>
				<Vector3i name="scalingInt" x="10000" y="10000" z="10000" refParamName="" useRefParam="false"/>
				<bool name="bUseRealScaling" value="false" refParamName="" useRefParam="false"/>
				<bool name="bEnableOptCull" value="true" refParamName="" useRefParam="false"/>
				<bool name="bBulletPos" value="false" refParamName="" useRefParam="false"/>
				<bool name="bUseHeroLocalForward" value="false" refParamName="" useRefParam="false"/>
				<TemplateObject name="lookTargetId" objectName="None" id="-1" isTemp="false" refParamName="" useRefParam="false"/>
				<bool name="bBulletDir" value="false" refParamName="" useRefParam="false"/>
				<bool name="applyActionSpeedToAnimation" value="false" refParamName="" useRefParam="false"/>
				<bool name="bBullerPosDir" value="false" refParamName="" useRefParam="false"/>
				<bool name="bOnlyFollowPos" value="false" refParamName="" useRefParam="false"/>
				<bool name="b1stTickParentRot" value="false" refParamName="" useRefParam="false"/>
				<bool name="bRotateFollowCamera" value="false" refParamName="" useRefParam="false"/>
				<bool name="bRandomRotation" value="false" refParamName="" useRefParam="false"/>
				<EulerAngle name="randRotBegin" x="0.000" y="0.000" z="0.000" refParamName="" useRefParam="false"/>
				<EulerAngle name="randRotEnd" x="0.000" y="0.000" z="0.000" refParamName="" useRefParam="false"/>
				<bool name="bUseTargetSkinEffect" value="false" refParamName="" useRefParam="false"/>
				<bool name="applyActionSpeedToParticle" value="true" refParamName="" useRefParam="false"/>
				<int name="extend" value="10" refParamName="" useRefParam="false"/>
				<int name="particleScaleGrow" value="0" refParamName="" useRefParam="false"/>
				<Enum name="ReplacementUsage" value="0" refParamName="" useRefParam="false">
					<uint name="无"/>
					<uint name="回城特效"/>
					<uint name="击杀特效"/>
					<uint name="泉水加速特效"/>
				</Enum>
				<Enum name="ReplacementSubUsage" value="0" refParamName="" useRefParam="false">
					<uint name="无"/>
					<uint name="回城落地特效"/>
				</Enum>
				<bool name="bNoDynamicLod" value="false" refParamName="" useRefParam="false"/>
				<bool name="bMeshResouce" value="false" refParamName="" useRefParam="false"/>
				<bool name="bAllowEmptyEffect" value="false" refParamName="" useRefParam="false"/>
				<bool name="bActionCtrlObjs" value="false" refParamName="" useRefParam="false"/>
			</Event>
		</Track>
		<Track trackName="SyncActorModelPostionDuration0" eventType="SyncActorModelPostionDuration" guid="a83ab532-2a1d-433b-b893-16b38670a7f3" enabled="true" refParamName="" useRefParam="false" r="1.000" g="0.000" b="0.633" execOnForceStopped="false" execOnActionCompleted="false" stopAfterLastEvent="true">
			<Event eventName="SyncActorModelPostionDuration" time="0.000" length="1.000" isDuration="true">
				<TemplateObject name="targetId" objectName="self" id="0" isTemp="false" refParamName="" useRefParam="false"/>
				<bool name="bSyncPositionAtOnce" value="false" refParamName="" useRefParam="false"/>
			</Event>
		</Track>
		<Track trackName="FilterTargetType0" eventType="FilterTargetType" guid="3014ad36-e5db-4ea3-b259-be357e676965" enabled="true" refParamName="" useRefParam="false" r="1.000" g="0.483" b="0.000" execOnForceStopped="false" execOnActionCompleted="false" stopAfterLastEvent="true">
			<Event eventName="FilterTargetType" time="0.000" isDuration="false">
				<TemplateObject name="targetId" objectName="self" id="0" isTemp="false" refParamName="" useRefParam="false"/>
				<bool name="bFilterHero" value="false" refParamName="" useRefParam="false"/>
				<bool name="bFilterMonter" value="false" refParamName="" useRefParam="false"/>
				<bool name="bFilterBoss" value="false" refParamName="" useRefParam="false"/>
				<bool name="bFilterOrgan" value="false" refParamName="" useRefParam="false"/>
				<bool name="bFilterChest" value="false" refParamName="" useRefParam="false"/>
				<bool name="bFilterEye" value="false" refParamName="" useRefParam="false"/>
				<bool name="bFilterPet" value="false" refParamName="" useRefParam="false"/>
				<bool name="bFilterMajorMonster" value="false" refParamName="" useRefParam="false"/>
				<bool name="bFilterMinorMonster" value="false" refParamName="" useRefParam="false"/>
				<bool name="bFilterSoldier" value="false" refParamName="" useRefParam="false"/>
				<bool name="bFilterOtherMonster" value="false" refParamName="" useRefParam="false"/>
				<bool name="bFilterSameCamp" value="true" refParamName="" useRefParam="false"/>
				<bool name="bFilterDiffCamp" value="false" refParamName="" useRefParam="false"/>
				<bool name="bWatchingAvaild" value="false" refParamName="" useRefParam="false"/>
				<bool name="bFilterCampWithTarget" value="false" refParamName="" useRefParam="false"/>
				<TemplateObject name="filterObjID" objectName="None" id="-1" isTemp="false" refParamName="" useRefParam="false"/>
				<bool name="bFilterSameCampWithTarget" value="false" refParamName="" useRefParam="false"/>
				<bool name="bFilterDiffCampWithTarget" value="false" refParamName="" useRefParam="false"/>
				<bool name="bOnlySelf" value="false" refParamName="" useRefParam="false"/>
				<bool name="bOnlyHostHero" value="false" refParamName="" useRefParam="false"/>
				<bool name="bImmediateRevive" value="false" refParamName="" useRefParam="false"/>
				<Enum name="attackType" value="0" refParamName="" useRefParam="false">
					<uint name="所有英雄"/>
					<uint name="近战英雄"/>
					<uint name="远程英雄"/>
				</Enum>
				<bool name="bSelectJob" value="false" refParamName="" useRefParam="false"/>
				<Enum name="jobType" value="0" refParamName="" useRefParam="false">
					<uint name="N/A"/>
					<uint name="坦克"/>
					<uint name="战士"/>
					<uint name="刺客"/>
					<uint name="法师"/>
					<uint name="射手"/>
					<uint name="辅助"/>
					<uint name=""/>
					<uint name=""/>
					<uint name=""/>
				</Enum>
				<bool name="bFilterGrouped" value="false" refParamName="" useRefParam="false"/>
				<bool name="bFilterSelf" value="false" refParamName="" useRefParam="false"/>
				<bool name="bFilterTarget" value="false" refParamName="" useRefParam="false"/>
				<bool name="bInverse" value="false" refParamName="" useRefParam="false"/>
				<int name="groupActorType" value="0" refParamName="" useRefParam="false"/>
				<int name="groupRadius" value="10000" refParamName="" useRefParam="false"/>
				<bool name="bFilterInTeam" value="false" refParamName="" useRefParam="false"/>
				<int name="teamHeroID" value="0" refParamName="" useRefParam="false"/>
				<bool name="bFilterDiffTeam" value="false" refParamName="" useRefParam="false"/>
				<int name="diffTeamHeroID" value="0" refParamName="" useRefParam="false"/>
				<bool name="bFilterMonsterType" value="false" refParamName="" useRefParam="false"/>
				<int name="monsterTypeMask" value="0" refParamName="" useRefParam="false"/>
				<int name="soldierTypeMask" value="0" refParamName="" useRefParam="false"/>
			</Event>
		</Track>
		<Track trackName="HideAllParticlesDuration0" eventType="HideAllParticlesDuration" guid="6c92c2d7-c7a6-4bf2-b87c-06c51a934963" enabled="true" refParamName="" useRefParam="false" r="0.000" g="1.000" b="0.883" execOnForceStopped="false" execOnActionCompleted="false" stopAfterLastEvent="true">
			<Condition id="8" guid="3014ad36-e5db-4ea3-b259-be357e676965" status="true"/>
			<Event eventName="HideAllParticlesDuration" time="0.000" length="1.000" isDuration="true">
				<TemplateObject name="targetId" objectName="target" id="1" isTemp="false" refParamName="" useRefParam="false"/>
				<bool name="bHideShadow" value="true" refParamName="" useRefParam="false"/>
			</Event>
		</Track>
		<Track trackName="HitTriggerTick0" eventType="HitTriggerTick" guid="ca9043bf-8a68-418f-977a-82f39418a280" enabled="true" refParamName="" useRefParam="false" r="1.000" g="0.267" b="0.000" execOnForceStopped="false" execOnActionCompleted="false" stopAfterLastEvent="true">
			<Event eventName="HitTriggerTick" time="0.000" isDuration="false">
				<TemplateObject name="targetId" objectName="self" id="0" isTemp="false" refParamName="" useRefParam="false"/>
				<TemplateObject name="hitTargetId" objectName="None" id="-1" isTemp="false" refParamName="" useRefParam="false"/>
				<bool name="bInheritRefParams" value="false" refParamName="" useRefParam="false"/>
				<bool name="bulletHit" value="false" refParamName="" useRefParam="false"/>
				<TemplateObject name="victimId" objectName="None" id="-1" isTemp="false" refParamName="" useRefParam="false"/>
				<bool name="lastHit" value="false" refParamName="" useRefParam="false"/>
				<bool name="bSkillCombineChoose" value="false" refParamName="" useRefParam="false"/>
				<int name="SelfSkillCombineID_1" value="196951" refParamName="" useRefParam="false"/>
				<int name="SelfSkillCombineID_2" value="0" refParamName="" useRefParam="false"/>
				<int name="SelfSkillCombineID_3" value="0" refParamName="" useRefParam="false"/>
				<int name="SelfSkillCombineID1Probability" value="0" refParamName="" useRefParam="false"/>
				<int name="SelfSkillCombineID2Probability" value="0" refParamName="" useRefParam="false"/>
				<int name="SelfSkillCombineID3Probability" value="0" refParamName="" useRefParam="false"/>
				<int name="TargetSkillCombine_1" value="0" refParamName="" useRefParam="false"/>
				<int name="TargetSkillCombine_2" value="0" refParamName="" useRefParam="false"/>
				<int name="TargetSkillCombine_3" value="0" refParamName="" useRefParam="false"/>
				<int name="TargetSkillCombineID1Probability" value="0" refParamName="" useRefParam="false"/>
				<int name="TargetSkillCombineID2Probability" value="0" refParamName="" useRefParam="false"/>
				<int name="TargetSkillCombineID3Probability" value="0" refParamName="" useRefParam="false"/>
				<bool name="bCheckSight" value="false" refParamName="" useRefParam="false"/>
				<bool name="bCheckSkillLevel" value="false" refParamName="" useRefParam="false"/>
				<Enum name="refSkillSlot" value="1" refParamName="" useRefParam="false">
					<uint name="普攻"/>
					<uint name="技能1"/>
					<uint name="技能2"/>
					<uint name="技能3"/>
					<uint name="技能4"/>
					<uint name="天赋技能"/>
					<uint name="回城"/>
					<uint name="饰品栏技能"/>
					<uint name=""/>
					<uint name=""/>
					<uint name=""/>
				</Enum>
				<int name="refSkillLevel" value="0" refParamName="" useRefParam="false"/>
				<Enum name="compareOPType" value="3" refParamName="" useRefParam="false">
					<uint name="不比较"/>
					<uint name="小于"/>
					<uint name="小等于"/>
					<uint name="等于"/>
					<uint name="大于"/>
					<uint name="大等于"/>
					<uint name=""/>
					<uint name=""/>
					<uint name=""/>
				</Enum>
				<TemplateObject name="triggerId" objectName="None" id="-1" isTemp="false" refParamName="" useRefParam="false"/>
				<bool name="bExtraBuff" value="false" refParamName="" useRefParam="false"/>
				<bool name="bOverrideParam" value="false" refParamName="" useRefParam="false"/>
				<int name="buffOverrideParam1" value="0" refParamName="" useRefParam="false"/>
				<int name="buffOverrideParam2" value="0" refParamName="" useRefParam="false"/>
				<int name="buffOverrideParam3" value="0" refParamName="" useRefParam="false"/>
				<int name="buffOverrideParam4" value="0" refParamName="" useRefParam="false"/>
				<int name="buffOverrideParam5" value="0" refParamName="" useRefParam="false"/>
				<TemplateObject name="paramTargetId" objectName="None" id="-1" isTemp="false" refParamName="" useRefParam="false"/>
				<TemplateObject name="paramTargetId2" objectName="None" id="-1" isTemp="false" refParamName="" useRefParam="false"/>
				<bool name="bUseTargetToHitTargetAsEffectDir" value="false" refParamName="" useRefParam="false"/>
			</Event>
		</Track>
	</Action>
</Project>

