﻿<?xml version="1.0" encoding="utf-8"?>
<Project>
	<TemplateObjectList>
		<TemplateObject objectName="self" id="0" isTemp="false" />
		<TemplateObject objectName="target" id="1" isTemp="false" />
		<TemplateObject objectName="monster" id="2" isTemp="false" />
		<TemplateObject objectName="bullet" id="3" isTemp="true" />
		<TemplateObject objectName="bullet0" id="4" isTemp="true" />
	</TemplateObjectList>
	<RefParamList>
		<Vector3i name="_BulletDir" x="0" y="0" z="0" refParamName="" useRefParam="false" />
	</RefParamList>
	<Action tag="" length="300.000" loop="false">
		<Track trackName="SpawnObjectDuration0" eventType="SpawnObjectDuration" guid="cd3baca8-1e77-4465-8e14-327eae05dc72" enabled="true" useRefParam="false" refParamName="" r="1.000" g="0.567" b="0.000" execOnForceStopped="false" execOnActionCompleted="false" stopAfterLastEvent="true">
			<Event eventName="SpawnObjectDuration" time="0.000" length="300.000" isDuration="true">
				<TemplateObject name="targetId" objectName="bullet" id="3" isTemp="true" refParamName="" useRefParam="false" />
				<TemplateObject name="parentId" objectName="self" id="0" isTemp="false" refParamName="" useRefParam="false" />
				<bool name="bTransNotFollowParent" value="false" refParamName="" useRefParam="false" />
				<bool name="bDirNotFollowedByParent" value="false" refParamName="" useRefParam="false" />
				<TemplateObject name="objectSpaceId" objectName="self" id="0" isTemp="false" refParamName="" useRefParam="false" />
				<bool name="bTargetPosition" value="false" refParamName="" useRefParam="false" />
				<Vector3i name="targetPosition" x="0" y="0" z="0" refParamName="" useRefParam="false" />
				<bool name="bUseRecordPos" value="false" refParamName="" useRefParam="false" />
				<bool name="bUseIndicatorDir" value="false" refParamName="" useRefParam="false" />
				<String name="prefabName" value="prefab_characters/commonempty" refParamName="" useRefParam="false" />
				<bool name="bMoveCollision" value="false" refParamName="" useRefParam="false" />
				<bool name="recreateExisting" value="true" refParamName="" useRefParam="false" />
				<bool name="superTranslation" value="false" refParamName="" useRefParam="false" />
				<bool name="modifyTranslation" value="true" refParamName="" useRefParam="false" />
				<Vector3i name="translation" x="0" y="0" z="0" refParamName="" useRefParam="false" />
				<bool name="modifyDirection" value="true" refParamName="" useRefParam="false" />
				<Vector3i name="direction" x="0" y="0" z="0" refParamName="" useRefParam="false" />
				<bool name="modifyScaling" value="false" refParamName="" useRefParam="false" />
				<Vector3 name="scaling" x="1.000" y="1.000" z="1.000" refParamName="" useRefParam="false" />
				<bool name="enableLayer" value="false" refParamName="" useRefParam="false" />
				<int name="layer" value="0" refParamName="" useRefParam="false" />
				<bool name="enableTag" value="false" refParamName="" useRefParam="false" />
				<String name="tag" value="" refParamName="" useRefParam="false" />
				<bool name="applyActionSpeedToAnimation" value="true" refParamName="" useRefParam="false" />
				<bool name="applyActionSpeedToParticle" value="true" refParamName="" useRefParam="false" />
				<bool name="bUseSkin" value="true" refParamName="" useRefParam="false" />
				<bool name="bUseSkinAdvance" value="false" refParamName="" useRefParam="false" />
				<int name="sightRadius" value="7000" refParamName="" useRefParam="false" />
				<int name="SightRadiusGrowth" value="0" refParamName="" useRefParam="false" />
				<bool name="bVisibleByFow" value="true" refParamName="" useRefParam="false" />
				<bool name="bCheckVisibleByShape" value="false" refParamName="" useRefParam="false" />
				<bool name="bParentVisibility" value="false" refParamName="" useRefParam="false" />
				<bool name="bEyeObj" value="false" refParamName="" useRefParam="false" />
				<int name="EyeLifeTime" value="0" refParamName="" useRefParam="false" />
				<bool name="bBlockObj" value="false" refParamName="" useRefParam="false" />
				<int name="EyeLiftTimeGrowth" value="0" refParamName="" useRefParam="false" />
				<int name="EyePerishAdvTime" value="5000" refParamName="" useRefParam="false" />
				<int name="EyeCfgIdByMonster" value="0" refParamName="" useRefParam="false" />
				<bool name="bInvisibleBullet" value="false" refParamName="" useRefParam="false" />
				<bool name="bForbidBulletInObstacle" value="false" refParamName="" useRefParam="false" />
				<bool name="bSpawnInOriginatorPos" value="false" refParamName="" useRefParam="false" />
				<int name="distanceRatio" value="-1" refParamName="" useRefParam="false" />
				<bool name="bRecordObjPosition" value="false" refParamName="" useRefParam="false" />
				<TemplateObject name="recordTargeID" objectName="None" id="-1" isTemp="false" refParamName="" useRefParam="false" />
				<bool name="bRandomPosition" value="false" refParamName="" useRefParam="false" />
				<int name="randomRange" value="0" refParamName="" useRefParam="false" />
			</Event>
		</Track>
		<Track trackName="SetCollisionTick0" eventType="SetCollisionTick" guid="1d87990e-0ea9-4ddf-8613-0905ec522c7f" enabled="true" useRefParam="false" refParamName="" r="0.167" g="1.000" b="0.000" execOnForceStopped="false" execOnActionCompleted="false" stopAfterLastEvent="true">
			<Event eventName="SetCollisionTick" time="0.000" isDuration="false">
				<TemplateObject name="targetId" objectName="bullet" id="3" isTemp="false" refParamName="" useRefParam="false" />
				<Enum name="type" value="1" refParamName="" useRefParam="false">
					<uint name="BOX" />
					<uint name="SPHERE" />
					<uint name="CYLINDERSECTOR" />
				</Enum>
				<Vector3i name="Pos" x="0" y="0" z="0" refParamName="" useRefParam="false" />
				<Vector3i name="Size" x="0" y="0" z="0" refParamName="" useRefParam="false" />
				<Vector3i name="SizeGrowthValue" x="0" y="0" z="0" refParamName="" useRefParam="false" />
				<Vector3i name="boxSizeAffectedByEnergy" x="0" y="0" z="0" refParamName="" useRefParam="false" />
				<int name="Radius" value="1750" refParamName="" useRefParam="false" />
				<int name="RadiusGrowthValue" value="0" refParamName="" useRefParam="false" />
				<int name="RadiusGrowthValueWithEnergy" value="0" refParamName="" useRefParam="false" />
				<int name="SectorRadius" value="1000" refParamName="" useRefParam="false" />
				<int name="Height" value="500" refParamName="" useRefParam="false" />
				<int name="Degree" value="160" refParamName="" useRefParam="false" />
				<int name="Rotation" value="160" refParamName="" useRefParam="false" />
				<int name="SectorRadiusGrow" value="0" refParamName="" useRefParam="false" />
				<int name="HeightGrow" value="0" refParamName="" useRefParam="false" />
				<int name="DegreeGrow" value="0" refParamName="" useRefParam="false" />
				<int name="RotationGrow" value="0" refParamName="" useRefParam="false" />
			</Event>
		</Track>
		<Track trackName="HitTriggerDuration0" eventType="HitTriggerDuration" guid="a3cbc8bf-bc51-48e4-9b4c-b44f59bfbc24" enabled="true" useRefParam="false" refParamName="" r="1.000" g="0.000" b="0.833" execOnForceStopped="false" execOnActionCompleted="false" stopAfterLastEvent="true">
			<Event eventName="HitTriggerDuration" time="0.000" length="300.000" isDuration="true">
				<TemplateObject name="triggerId" objectName="bullet" id="3" isTemp="false" refParamName="" useRefParam="false" />
				<TemplateObject name="attackerId" objectName="self" id="0" isTemp="false" refParamName="" useRefParam="false" />
				<int name="triggerInterval" value="30" refParamName="" useRefParam="false" />
				<int name="TriggerActorInterval" value="30" refParamName="" useRefParam="false" />
				<bool name="bFilterEnemy" value="false" refParamName="" useRefParam="false" />
				<bool name="bFilterFriend" value="true" refParamName="" useRefParam="false" />
				<bool name="bFilterHero" value="false" refParamName="" useRefParam="false" />
				<bool name="bFileterMonter" value="true" refParamName="" useRefParam="false" />
				<bool name="bFilterMonsterShieldSoldier" value="false" refParamName="" useRefParam="false" />
				<bool name="bFilterMonsterShieldCreep" value="false" refParamName="" useRefParam="false" />
				<bool name="bFilterMonsterShieldBoss" value="false" refParamName="" useRefParam="false" />
				<bool name="bFileterOrgan" value="true" refParamName="" useRefParam="false" />
				<bool name="bFilterEye" value="true" refParamName="" useRefParam="false" />
				<bool name="bFilterCallActor" value="false" refParamName="" useRefParam="false" />
				<bool name="bFilterMyself" value="true" refParamName="" useRefParam="false" />
				<bool name="bFilterDead" value="true" refParamName="" useRefParam="false" />
				<bool name="bFilterCurrentTarget" value="false" refParamName="" useRefParam="false" />
				<bool name="bFilterDeadControlHero" value="true" refParamName="" useRefParam="false" />
				<bool name="bFilterMoveDirection" value="false" refParamName="" useRefParam="false" />
				<int name="Angle" value="-1" refParamName="" useRefParam="false" />
				<bool name="bFilterFriendWithoutSelf" value="false" refParamName="" useRefParam="false" />
				<int name="TriggerActorCount" value="3" refParamName="" useRefParam="false" />
				<Enum name="SelectMode" value="0" refParamName="" useRefParam="false">
					<uint name="随机选择" />
					<uint name="血量选择" />
					<uint name="按眼的规则选择" />
					<uint name="距离选择" />
				</Enum>
				<int name="CollideMaxCount" value="-1" refParamName="" useRefParam="false" />
				<bool name="bResetTargetCollideCountWhenTriggerInterrupt" value="false" refParamName="" useRefParam="false" />
				<bool name="bEdgeCheck" value="false" refParamName="" useRefParam="false" />
				<bool name="bExtraBuff" value="false" refParamName="" useRefParam="false" />
				<int name="SelfSkillCombineID_1" value="196120" refParamName="" useRefParam="false" />
				<int name="SelfSkillCombineID_2" value="196130" refParamName="" useRefParam="false" />
				<int name="SelfSkillCombineID_3" value="0" refParamName="" useRefParam="false" />
				<int name="TargetSkillCombine_1" value="0" refParamName="" useRefParam="false" />
				<int name="TargetSkillCombine_2" value="0" refParamName="" useRefParam="false" />
				<int name="TargetSkillCombine_3" value="0" refParamName="" useRefParam="false" />
				<bool name="bTriggerBullet" value="false" refParamName="" useRefParam="false" />
				<bool name="bTriggerStrengthenBullet" value="false" refParamName="" useRefParam="false" />
				<bool name="bUseBulletNameArray" value="false" refParamName="" useRefParam="false" />
				<int name="spawnBulletNeedContinuousCollideTime" value="0" refParamName="" useRefParam="false" />
				<String name="BulletActionName" value="" refParamName="" useRefParam="false" />
				<String name="StrengthenBulletActionName" value="" refParamName="" useRefParam="false" />
				<Array name="bulletActionNameArray" refParamName="" useRefParam="false" type="String" />
				<Array name="strengthenBulletActionNameArray" refParamName="" useRefParam="false" type="String" />
				<Enum name="spawnBulletTag" value="0" refParamName="" useRefParam="false">
					<uint name="无tag" />
					<uint name="占位" />
					<uint name="普通火种" />
					<uint name="一段火种" />
					<uint name="二段火种" />
					<uint name="风" />
					<uint name="" />
				</Enum>
				<int name="spawnBulletTypeId" value="0" refParamName="" useRefParam="false" />
				<int name="spawnBulletUpperLimit" value="0" refParamName="" useRefParam="false" />
				<String name="bulletUpperLimitActionName" value="" refParamName="" useRefParam="false" />
				<bool name="bDestroyedBySpecialBullet" value="false" refParamName="" useRefParam="false" />
				<bool name="bAgeImmeExcute" value="false" refParamName="" useRefParam="false" />
				<String name="BulletActionName2" value="" refParamName="" useRefParam="false" />
				<Enum name="spawnBulletTag2" value="0" refParamName="" useRefParam="false">
					<uint name="无tag" />
					<uint name="占位" />
					<uint name="普通火种" />
					<uint name="一段火种" />
					<uint name="二段火种" />
					<uint name="风" />
					<uint name="子弹移动路径" />
					<uint name="" />
				</Enum>
				<int name="spawnBulletTypeId2" value="0" refParamName="" useRefParam="false" />
				<int name="spawnBulletUpperLimit2" value="0" refParamName="" useRefParam="false" />
				<String name="bulletUpperLimitActionName2" value="" refParamName="" useRefParam="false" />
				<bool name="bDestroyedBySpecialBullet2" value="false" refParamName="" useRefParam="false" />
				<bool name="bAgeImmeExcute2" value="false" refParamName="" useRefParam="false" />
				<bool name="bUseTriggerObj" value="true" refParamName="" useRefParam="false" />
				<bool name="bTargetOnlyCheckLocation" value="false" refParamName="" useRefParam="false" />
				<bool name="bTriggerActorAsLimitMovementAreaRefObj" value="false" refParamName="" useRefParam="false" />
				<bool name="bOnlyTriggerBullet" value="false" refParamName="" useRefParam="false" />
				<Enum name="triggerBulletTag" value="0" refParamName="" useRefParam="false">
					<uint name="无tag限制" />
					<uint name="所有火种" />
					<uint name="普通火种" />
					<uint name="一段火种" />
					<uint name="二段火种" />
					<uint name="风" />
					<uint name="" />
				</Enum>
				<bool name="bOnlyTriggerSelfSpawnedBullet" value="false" refParamName="" useRefParam="false" />
				<bool name="bOnlyTriggerTargetInSourceCircle" value="false" refParamName="" useRefParam="false" />
				<bool name="bOnlyTriggerSourceInTargetCircle" value="false" refParamName="" useRefParam="false" />
				<bool name="bOnlyTriggerSpecificIdenticalBulletOnce" value="false" refParamName="" useRefParam="false" />
				<bool name="bStopCurrentActionSkillIfCanNotTrigger" value="false" refParamName="" useRefParam="false" />
				<bool name="bCheckSight" value="false" refParamName="" useRefParam="false" />
				<bool name="bTriggerMode" value="false" refParamName="" useRefParam="false" />
				<bool name="bTriggerBounceBullet" value="false" refParamName="" useRefParam="false" />
				<TemplateObject name="refActorId" objectName="None" id="-1" isTemp="false" refParamName="" useRefParam="false" />
				<bool name="bRandomPosition" value="false" refParamName="" useRefParam="false" />
				<int name="randomRange" value="0" refParamName="" useRefParam="false" />
				<bool name="bCheckFirstTrigger" value="false" refParamName="" useRefParam="false" />
				<bool name="bTriggerWhenLeave" value="false" refParamName="" useRefParam="false" />
			</Event>
		</Track>
		<Track trackName="SkillFuncDuration0" eventType="SkillFuncDuration" guid="d4fcae03-2b3c-4c32-9191-fa0325966447" enabled="true" useRefParam="false" refParamName="" r="0.000" g="1.000" b="0.250" execOnForceStopped="false" execOnActionCompleted="false" stopAfterLastEvent="true">
			<Event eventName="SkillFuncDuration" time="0.000" length="300.000" isDuration="true">
				<Enum name="SkillFuncType" value="45" refParamName="" useRefParam="false">
					<uint name="物理伤害" />
					<uint name="法术伤害" />
					<uint name="真实伤害" />
					<uint name="回复生命值" />
					<uint name="增加攻击速度" />
					<uint name="减少攻击速度" />
					<uint name="增加移动速度" />
					<uint name="减少移动速度" />
					<uint name="提高攻击力" />
					<uint name="降低攻击力" />
					<uint name="吸血" />
					<uint name="增加护甲" />
					<uint name="减少护甲" />
					<uint name="增加抗性" />
					<uint name="减少抗性" />
					<uint name="免疫效果" />
					<uint name="减少技能CD" />
					<uint name="增加法术强度" />
					<uint name="减少法术强度" />
					<uint name="增加暴击率" />
					<uint name="减少暴击率" />
					<uint name="增加最大生命" />
					<uint name="减少最大生命" />
					<uint name="增加物理穿透" />
					<uint name="减少物理穿透" />
					<uint name="增加法术穿透" />
					<uint name="减少法术穿透" />
					<uint name="护盾" />
					<uint name="增加技能印记" />
					<uint name="触发技能印记" />
					<uint name="免疫伤害" />
					<uint name="免疫控制" />
					<uint name="迅速复活" />
					<uint name="法球效果" />
					<uint name="驱散效果" />
					<uint name="物理吸血" />
					<uint name="法术吸血" />
					<uint name="伤害免疫率" />
					<uint name="获取视野效果" />
					<uint name="隐身效果" />
					<uint name="伤害输出率效果" />
					<uint name="韧性率效果" />
					<uint name="冷却缩减效果" />
					<uint name="抗暴率效果" />
					<uint name="条件伤害输出率效果" />
					<uint name="忽略RVO" />
					<uint name="生命条件效果" />
					<uint name="更换血条风格" />
					<uint name="目标伤害加成效果" />
					<uint name="击杀经验加成效果" />
					<uint name="增加经验效果" />
					<uint name="受控额外效果" />
					<uint name="免疫暴击效果" />
					<uint name="限制最大伤害效果" />
					<uint name="免疫致命伤害效果" />
					<uint name="改变技能" />
					<uint name="禁用技能" />
					<uint name="改变暴击伤害效果" />
					<uint name="回复能量值" />
					<uint name="改变护甲穿透率" />
					<uint name="改变法术穿透率" />
					<uint name="普攻带法术效果" />
					<uint name="增加法术强度率" />
					<uint name="法术强度增益效果" />
					<uint name="回复增益效果" />
					<uint name="脱离战斗提速效果" />
					<uint name="护盾免疫控制" />
					<uint name="护甲减伤率" />
					<uint name="生命低时额外伤害" />
					<uint name="致盲" />
					<uint name="移除技能效果" />
					<uint name="击杀金币加成效果" />
					<uint name="技能额外伤害效果" />
					<uint name="改变被动技能参数" />
					<uint name="改变狂意值" />
					<uint name="现形效果" />
					<uint name="增加能量值" />
					<uint name="增加怒气值" />
					<uint name="改变法球槽位" />
					<uint name="根据护甲值增加攻击力" />
					<uint name="格挡伤害" />
					<uint name="增大视野半径" />
					<uint name="单个技能吸血" />
					<uint name="反弹伤害" />
					<uint name="伤害触发技能效果" />
					<uint name="减少复活时间" />
					<uint name="增加金钱效果" />
					<uint name="根据额外生命增加攻击力" />
					<uint name="共享免疫控制" />
					<uint name="改变敌方吸血率" />
					<uint name="改变训诫值" />
					<uint name="免疫普攻伤害" />
					<uint name="反击普攻伤害" />
					<uint name="清空能量值" />
					<uint name="改变锐气值" />
					<uint name="共享伤害" />
					<uint name="离开攻击者一定范围后清除BUFF" />
					<uint name="背后攻击暴击" />
					<uint name="暴击率转化暴击伤害" />
					<uint name="改变射程" />
					<uint name="返还生命值" />
					<uint name="属性互相增益效果" />
					<uint name="挂上被动" />
					<uint name="范围反击伤害" />
					<uint name="增加最大能量" />
					<uint name="减少最大能量" />
					<uint name="改变被寻敌优先级" />
					<uint name="补偿收益" />
					<uint name="增加普攻强度" />
					<uint name="增加新的技能" />
					<uint name="指定目标伤害加成" />
					<uint name="角色重生" />
					<uint name="设置属性上限" />
					<uint name="强化子弹" />
				</Enum>
			</Event>
		</Track>
	</Action>
</Project>