<?xml version="1.0" encoding="utf-8"?>
<Project>
	<TemplateObjectList>
		<TemplateObject objectName="self" id="0" isTemp="false"/>
		<TemplateObject objectName="target" id="1" isTemp="false"/>
	</TemplateObjectList>
	<RefParamList/>
	<Action tag="" length="1.000" loop="false">
		<Track trackName="SetCameraHeightDuration0" eventType="SetCameraHeightDuration" guid="9489c796-894b-4c2e-9a95-acf27873964a" enabled="true" useRefParam="false" refParamName="" r="0.000" g="0.517" b="1.000" execOnForceStopped="false" execOnActionCompleted="false" stopAfterLastEvent="true">
			<Event eventName="SetCameraHeightDuration" time="0.000" length="1.000" isDuration="true">
				<int name="slerpTick" value="1000" refParamName="" useRefParam="false"/>
				<bool name="cutBackOnExit" value="true" refParamName="" useRefParam="false"/>
				<float name="heightRate" value="1.100" refParamName="" useRefParam="false"/>
				<bool name="bOverride" value="true" refParamName="" useRefParam="false"/>
				<bool name="leftTimeSlerpBack" value="false" refParamName="" useRefParam="false"/>
				<bool name="exitKeepCurrentValue" value="false" refParamName="" useRefParam="false"/>
				<bool name="isSlerpBackWhenInterrupted" value="false" refParamName="" useRefParam="false"/>
				<int name="slerpBackTick" value="500" refParamName="" useRefParam="false"/>
			</Event>
		</Track>
	</Action>
</Project>

