<?xml version="1.0" encoding="utf-8"?>
<Project>
	<TemplateObjectList>
		<TemplateObject objectName="self" id="0" isTemp="false"/>
		<TemplateObject objectName="target" id="1" isTemp="false"/>
		<TemplateObject objectName="bullet" id="2" isTemp="true"/>
	</TemplateObjectList>
	<RefParamList>
		<Vector3i name="_TargetPos" x="0" y="0" z="0" refParamName="" useRefParam="false"/>
	</RefParamList>
	<Action tag="" length="2.000" loop="false">
		<Track trackName="FilterTargetType0" eventType="FilterTargetType" guid="a1cd7ea5-236f-45b8-98e0-9f5de4d1650e" enabled="true" useRefParam="false" refParamName="" r="0.000" g="0.233" b="1.000" execOnForceStopped="false" execOnActionCompleted="false" stopAfterLastEvent="true">
			<Event eventName="FilterTargetType" time="0.000" isDuration="false">
				<TemplateObject name="targetId" objectName="self" id="0" isTemp="false" refParamName="" useRefParam="false"/>
				<bool name="bFilterHero" value="false" refParamName="" useRefParam="false"/>
				<bool name="bFilterMonter" value="false" refParamName="" useRefParam="false"/>
				<bool name="bFilterBoss" value="false" refParamName="" useRefParam="false"/>
				<bool name="bFilterOrgan" value="false" refParamName="" useRefParam="false"/>
				<bool name="bFilterChest" value="false" refParamName="" useRefParam="false"/>
				<bool name="bFilterEye" value="false" refParamName="" useRefParam="false"/>
				<bool name="bFilterPet" value="false" refParamName="" useRefParam="false"/>
				<bool name="bFilterMajorMonster" value="false" refParamName="" useRefParam="false"/>
				<bool name="bFilterMinorMonster" value="false" refParamName="" useRefParam="false"/>
				<bool name="bFilterSoldier" value="false" refParamName="" useRefParam="false"/>
				<bool name="bFilterOtherMonster" value="false" refParamName="" useRefParam="false"/>
				<bool name="bFilterSameCamp" value="false" refParamName="" useRefParam="false"/>
				<bool name="bFilterDiffCamp" value="true" refParamName="" useRefParam="false"/>
				<bool name="bOnlySelf" value="false" refParamName="" useRefParam="false"/>
				<bool name="bOnlyHostHero" value="false" refParamName="" useRefParam="false"/>
				<bool name="bImmediateRevive" value="false" refParamName="" useRefParam="false"/>
				<Enum name="attackType" value="0" refParamName="" useRefParam="false">
					<uint name="所有英雄"/>
					<uint name="近战英雄"/>
					<uint name="远程英雄"/>
				</Enum>
				<bool name="bSelectJob" value="false" refParamName="" useRefParam="false"/>
				<Enum name="jobType" value="0" refParamName="" useRefParam="false">
					<uint name="N/A"/>
					<uint name="坦克"/>
					<uint name="战士"/>
					<uint name="刺客"/>
					<uint name="法师"/>
					<uint name="射手"/>
					<uint name="辅助"/>
					<uint name=""/>
				</Enum>
				<bool name="bFilterGrouped" value="false" refParamName="" useRefParam="false"/>
				<int name="groupActorType" value="0" refParamName="" useRefParam="false"/>
				<int name="groupRadius" value="10000" refParamName="" useRefParam="false"/>
				<bool name="bFilterInTeam" value="false" refParamName="" useRefParam="false"/>
				<int name="teamHeroID" value="0" refParamName="" useRefParam="false"/>
				<bool name="bFilterDiffTeam" value="false" refParamName="" useRefParam="false"/>
				<int name="diffTeamHeroID" value="0" refParamName="" useRefParam="false"/>
			</Event>
		</Track>
		<Track trackName="FilterTargetType4" eventType="FilterTargetType" guid="f105f460-2f90-456c-a900-db7bc0600b23" enabled="true" useRefParam="false" refParamName="" r="1.000" g="0.000" b="0.500" execOnForceStopped="false" execOnActionCompleted="false" stopAfterLastEvent="true">
			<Event eventName="FilterTargetType" time="0.000" isDuration="false">
				<TemplateObject name="targetId" objectName="self" id="0" isTemp="false" refParamName="" useRefParam="false"/>
				<bool name="bFilterHero" value="false" refParamName="" useRefParam="false"/>
				<bool name="bFilterMonter" value="false" refParamName="" useRefParam="false"/>
				<bool name="bFilterBoss" value="false" refParamName="" useRefParam="false"/>
				<bool name="bFilterOrgan" value="false" refParamName="" useRefParam="false"/>
				<bool name="bFilterChest" value="false" refParamName="" useRefParam="false"/>
				<bool name="bFilterEye" value="false" refParamName="" useRefParam="false"/>
				<bool name="bFilterPet" value="false" refParamName="" useRefParam="false"/>
				<bool name="bFilterMajorMonster" value="false" refParamName="" useRefParam="false"/>
				<bool name="bFilterMinorMonster" value="false" refParamName="" useRefParam="false"/>
				<bool name="bFilterSoldier" value="false" refParamName="" useRefParam="false"/>
				<bool name="bFilterOtherMonster" value="false" refParamName="" useRefParam="false"/>
				<bool name="bFilterSameCamp" value="true" refParamName="" useRefParam="false"/>
				<bool name="bFilterDiffCamp" value="false" refParamName="" useRefParam="false"/>
				<bool name="bOnlySelf" value="false" refParamName="" useRefParam="false"/>
				<bool name="bOnlyHostHero" value="false" refParamName="" useRefParam="false"/>
				<bool name="bImmediateRevive" value="false" refParamName="" useRefParam="false"/>
				<Enum name="attackType" value="0" refParamName="" useRefParam="false">
					<uint name="所有英雄"/>
					<uint name="近战英雄"/>
					<uint name="远程英雄"/>
				</Enum>
				<bool name="bSelectJob" value="false" refParamName="" useRefParam="false"/>
				<Enum name="jobType" value="0" refParamName="" useRefParam="false">
					<uint name="N/A"/>
					<uint name="坦克"/>
					<uint name="战士"/>
					<uint name="刺客"/>
					<uint name="法师"/>
					<uint name="射手"/>
					<uint name="辅助"/>
					<uint name=""/>
				</Enum>
				<bool name="bFilterGrouped" value="false" refParamName="" useRefParam="false"/>
				<int name="groupActorType" value="0" refParamName="" useRefParam="false"/>
				<int name="groupRadius" value="10000" refParamName="" useRefParam="false"/>
				<bool name="bFilterInTeam" value="false" refParamName="" useRefParam="false"/>
				<int name="teamHeroID" value="0" refParamName="" useRefParam="false"/>
				<bool name="bFilterDiffTeam" value="false" refParamName="" useRefParam="false"/>
				<int name="diffTeamHeroID" value="0" refParamName="" useRefParam="false"/>
			</Event>
		</Track>
		<Track trackName="SpawnObjectDuration0" eventType="SpawnObjectDuration" guid="9c84ffc6-f7e7-4a67-b6f5-902b651178bd" enabled="true" useRefParam="false" refParamName="" r="0.850" g="1.000" b="0.000" execOnForceStopped="false" execOnActionCompleted="false" stopAfterLastEvent="true">
			<Event eventName="SpawnObjectDuration" time="0.000" length="2.000" isDuration="true">
				<TemplateObject name="targetId" objectName="bullet" id="2" isTemp="true" refParamName="" useRefParam="false"/>
				<TemplateObject name="parentId" objectName="None" id="-1" isTemp="false" refParamName="" useRefParam="false"/>
				<TemplateObject name="objectSpaceId" objectName="None" id="-1" isTemp="false" refParamName="" useRefParam="false"/>
				<bool name="bTargetPosition" value="true" refParamName="" useRefParam="false"/>
				<Vector3i name="targetPosition" x="0" y="0" z="0" refParamName="_TargetPos" useRefParam="true"/>
				<String name="prefabName" value="prefab_characters/commonempty" refParamName="" useRefParam="false"/>
				<bool name="bMoveCollision" value="false" refParamName="" useRefParam="false"/>
				<bool name="recreateExisting" value="true" refParamName="" useRefParam="false"/>
				<bool name="superTranslation" value="false" refParamName="" useRefParam="false"/>
				<bool name="modifyTranslation" value="true" refParamName="" useRefParam="false"/>
				<Vector3i name="translation" x="0" y="0" z="0" refParamName="" useRefParam="false"/>
				<bool name="bHeroEffect" value="false" refParamName="" useRefParam="false"/>
				<bool name="modifyDirection" value="true" refParamName="" useRefParam="false"/>
				<Enum name="modifyDirUsage" value="0" refParamName="" useRefParam="false">
					<uint name="当[参考对象]有值时不使用"/>
					<uint name="作为本物体朝向"/>
					<uint name="本物体朝向它"/>
					<uint name="作为旋转"/>
					<uint name=""/>
				</Enum>
				<Vector3i name="direction" x="0" y="0" z="0" refParamName="" useRefParam="false"/>
				<bool name="bUseRecordPos" value="false" refParamName="" useRefParam="false"/>
				<bool name="bUseRecordDir" value="false" refParamName="" useRefParam="false"/>
				<bool name="bChangeMaterialWithParent" value="false" refParamName="" useRefParam="false"/>
				<TemplateObject name="materialParentActorId" objectName="self" id="0" isTemp="false" refParamName="" useRefParam="false"/>
				<bool name="modifyScaling" value="false" refParamName="" useRefParam="false"/>
				<Vector3 name="scaling" x="1.000" y="1.000" z="1.000" refParamName="" useRefParam="false"/>
				<bool name="enableLayer" value="false" refParamName="" useRefParam="false"/>
				<int name="layer" value="0" refParamName="" useRefParam="false"/>
				<bool name="enableTag" value="false" refParamName="" useRefParam="false"/>
				<String name="tag" value="" refParamName="" useRefParam="false"/>
				<bool name="applyActionSpeedToAnimation" value="true" refParamName="" useRefParam="false"/>
				<bool name="applyActionSpeedToParticle" value="true" refParamName="" useRefParam="false"/>
				<bool name="bUseSkinAdvance" value="false" refParamName="" useRefParam="false"/>
				<bool name="bSameVisibleAsAttacker" value="false" refParamName="" useRefParam="false"/>
				<bool name="bVisibleByFow" value="true" refParamName="" useRefParam="false"/>
				<int name="sightRadius" value="0" refParamName="" useRefParam="false"/>
				<TemplateObject name="visionActorId" objectName="None" id="-1" isTemp="false" refParamName="" useRefParam="false"/>
				<bool name="bRefreshVision" value="false" refParamName="" useRefParam="false"/>
				<bool name="bInvisibleBullet" value="false" refParamName="" useRefParam="false"/>
				<bool name="bForbidBulletInObstacle" value="false" refParamName="" useRefParam="false"/>
				<bool name="bForbidTargetOutOfNavmeshConvexHull" value="false" refParamName="" useRefParam="false"/>
				<bool name="bLayOnNavMesh" value="false" refParamName="" useRefParam="false"/>
				<bool name="bRealTimeSight" value="false" refParamName="" useRefParam="false"/>
				<bool name="bOpenSight" value="false" refParamName="" useRefParam="false"/>
				<bool name="bEnableAnimation" value="false" refParamName="" useRefParam="false"/>
				<bool name="bBlockObj" value="false" refParamName="" useRefParam="false"/>
				<bool name="bUseSkin" value="false" refParamName="" useRefParam="false"/>
				<bool name="bRecordObjPosition" value="false" refParamName="" useRefParam="false"/>
				<TemplateObject name="recordTargeID" objectName="None" id="-1" isTemp="false" refParamName="" useRefParam="false"/>
			</Event>
		</Track>
		<Track trackName="SetCollisionTick0" eventType="SetCollisionTick" guid="b98e9f2e-64d0-44a2-a2eb-d8306f5ef372" enabled="true" useRefParam="false" refParamName="" r="0.450" g="1.000" b="0.000" execOnForceStopped="false" execOnActionCompleted="false" stopAfterLastEvent="true">
			<Event eventName="SetCollisionTick" time="0.000" isDuration="false">
				<TemplateObject name="targetId" objectName="bullet" id="2" isTemp="false" refParamName="" useRefParam="false"/>
				<Enum name="type" value="1" refParamName="" useRefParam="false">
					<uint name="BOX"/>
					<uint name="SPHERE"/>
					<uint name="CYLINDERSECTOR"/>
					<uint name="CIRQUE"/>
				</Enum>
				<bool name="bVaildBlockForSelfTeamHero" value="false" refParamName="" useRefParam="false"/>
				<bool name="bVaildBlockForEnemyTeamHero" value="false" refParamName="" useRefParam="false"/>
				<Vector3i name="Pos" x="0" y="0" z="0" refParamName="" useRefParam="false"/>
				<Vector3i name="Size" x="0" y="0" z="0" refParamName="" useRefParam="false"/>
				<Array name="PosList" refParamName="" useRefParam="false" type="Vector3i"/>
				<int name="Radius" value="2000" refParamName="" useRefParam="false"/>
				<int name="SectorRadius" value="1000" refParamName="" useRefParam="false"/>
				<int name="Height" value="500" refParamName="" useRefParam="false"/>
				<int name="SectorExternalRadiusGrowthValue" value="0" refParamName="" useRefParam="false"/>
				<int name="SectorInnerRadius" value="0" refParamName="" useRefParam="false"/>
				<int name="SectorInnerRadiusGrowthValue" value="0" refParamName="" useRefParam="false"/>
				<int name="Degree" value="160" refParamName="" useRefParam="false"/>
				<int name="Rotation" value="160" refParamName="" useRefParam="false"/>
				<int name="RadiusGrowthValue" value="0" refParamName="" useRefParam="false"/>
				<int name="ExternalRadius" value="0" refParamName="" useRefParam="false"/>
				<int name="ExternalRadiusGrowthValue" value="0" refParamName="" useRefParam="false"/>
				<int name="InnerRadius" value="0" refParamName="" useRefParam="false"/>
				<int name="InnerRadiusGrowthValue" value="0" refParamName="" useRefParam="false"/>
			</Event>
		</Track>
		<Track trackName="同阵营" eventType="TriggerParticle" guid="87f252a0-cb59-48ed-bc42-517cfbccc15c" enabled="true" useRefParam="false" refParamName="" r="0.000" g="1.000" b="0.683" execOnForceStopped="false" execOnActionCompleted="false" stopAfterLastEvent="true">
			<Condition id="0" guid="a1cd7ea5-236f-45b8-98e0-9f5de4d1650e" status="true"/>
			<Event eventName="TriggerParticle" time="0.000" length="2.000" isDuration="true">
				<TemplateObject name="targetId" objectName="None" id="-1" isTemp="false" refParamName="" useRefParam="false"/>
				<TemplateObject name="objectSpaceId" objectName="bullet" id="2" isTemp="false" refParamName="" useRefParam="false"/>
				<String name="parentResourceName" value="" refParamName="" useRefParam="false"/>
				<String name="resourceName" value="Prefab_Skill_Effects/Hero_Skill_Effects/530_Dirak/53002/Dirak_skill02_bullet01" refParamName="" useRefParam="false"/>
				<String name="resourceName2" value="" refParamName="" useRefParam="false"/>
				<String name="resourceName3" value="" refParamName="" useRefParam="false"/>
				<String name="bindPointName" value="" refParamName="" useRefParam="false"/>
				<bool name="dontShowIfNoBindPoint" value="false" refParamName="" useRefParam="false"/>
				<Vector3 name="bindPosOffset" x="0.000" y="0.000" z="0.000" refParamName="" useRefParam="false"/>
				<bool name="bBindPosOffsetInWorldSpace" value="false" refParamName="" useRefParam="false"/>
				<EulerAngle name="bindRotOffset" x="0.000" y="0.000" z="0.000" refParamName="" useRefParam="false"/>
				<Vector3 name="scaling" x="1.000" y="1.000" z="1.000" refParamName="" useRefParam="false"/>
				<bool name="bUseRealScaling" value="false" refParamName="" useRefParam="false"/>
				<bool name="bEnableOptCull" value="true" refParamName="" useRefParam="false"/>
				<bool name="bHeroEffect" value="false" refParamName="" useRefParam="false"/>
				<bool name="bBullerPosDir" value="false" refParamName="" useRefParam="false"/>
				<TemplateObject name="lookTargetId" objectName="None" id="-1" isTemp="false" refParamName="" useRefParam="false"/>
				<bool name="bAlwaysLookTarget" value="false" refParamName="" useRefParam="false"/>
				<bool name="bLookTarget" value="false" refParamName="" useRefParam="false"/>
				<bool name="applyActionSpeedToParticle" value="true" refParamName="" useRefParam="false"/>
				<bool name="applyActionSpeedToAnimation" value="false" refParamName="" useRefParam="false"/>
				<int name="extend" value="10" refParamName="" useRefParam="false"/>
				<bool name="bOnlyFollowPos" value="false" refParamName="" useRefParam="false"/>
				<bool name="bHideWhenDead" value="true" refParamName="" useRefParam="false"/>
				<bool name="bRotateFollowCamera" value="false" refParamName="" useRefParam="false"/>
				<bool name="bUse3DUICamera" value="false" refParamName="" useRefParam="false"/>
				<bool name="bUseTargetSkinEffect" value="false" refParamName="" useRefParam="false"/>
				<bool name="bReplayWhenChangeMesh" value="false" refParamName="" useRefParam="false"/>
				<bool name="bTrailProtect" value="false" refParamName="" useRefParam="false"/>
				<bool name="bKeepChildScale" value="false" refParamName="" useRefParam="false"/>
				<int name="iDelayDisappearTime" value="0" refParamName="" useRefParam="false"/>
				<bool name="bBulletPos" value="false" refParamName="" useRefParam="false"/>
				<bool name="bBulletDir" value="false" refParamName="" useRefParam="false"/>
				<int name="particleScaleGrow" value="0" refParamName="" useRefParam="false"/>
				<bool name="enableMaxFollowTime" value="false" refParamName="" useRefParam="false"/>
				<float name="maxFollowTime" value="0.000" refParamName="" useRefParam="false"/>
				<bool name="bindOnHUD" value="false" refParamName="" useRefParam="false"/>
				<Enum name="showInStatus" value="0" refParamName="" useRefParam="false">
					<uint name="任意状态"/>
					<uint name="Idle状态"/>
					<uint name="移动状态"/>
					<uint name="死亡状态"/>
					<uint name="其他状态"/>
					<uint name="脱战状态"/>
					<uint name="战斗状态"/>
					<uint name="非隐藏在草丛"/>
					<uint name="隐藏在草丛"/>
				</Enum>
				<bool name="bExcludeSpecialActor" value="true" refParamName="" useRefParam="false"/>
				<Enum name="ReplacementUsage" value="0" refParamName="" useRefParam="false">
					<uint name="无"/>
					<uint name="回城特效"/>
					<uint name="击杀特效"/>
					<uint name="泉水加速特效"/>
				</Enum>
				<Enum name="ReplacementSubUsage" value="0" refParamName="" useRefParam="false">
					<uint name="无"/>
					<uint name="回城落地特效"/>
				</Enum>
				<bool name="bNoDynamicLod" value="false" refParamName="" useRefParam="false"/>
				<bool name="bMeshResouce" value="false" refParamName="" useRefParam="false"/>
				<bool name="bAllowEmptyEffect" value="false" refParamName="" useRefParam="false"/>
			</Event>
		</Track>
		<Track trackName="不同阵营" eventType="TriggerParticle" guid="795e0927-64f3-4b61-a616-2377c0b621e2" enabled="true" useRefParam="false" refParamName="" r="0.600" g="0.000" b="1.000" execOnForceStopped="false" execOnActionCompleted="false" stopAfterLastEvent="true">
			<Condition id="1" guid="f105f460-2f90-456c-a900-db7bc0600b23" status="true"/>
			<Event eventName="TriggerParticle" time="0.000" length="2.000" isDuration="true">
				<TemplateObject name="targetId" objectName="None" id="-1" isTemp="false" refParamName="" useRefParam="false"/>
				<TemplateObject name="objectSpaceId" objectName="bullet" id="2" isTemp="false" refParamName="" useRefParam="false"/>
				<String name="parentResourceName" value="" refParamName="" useRefParam="false"/>
				<String name="resourceName" value="Prefab_Skill_Effects/Hero_Skill_Effects/530_Dirak/53002/Dirak_skill02_bullet01_E" refParamName="" useRefParam="false"/>
				<String name="resourceName2" value="" refParamName="" useRefParam="false"/>
				<String name="resourceName3" value="" refParamName="" useRefParam="false"/>
				<String name="bindPointName" value="" refParamName="" useRefParam="false"/>
				<bool name="dontShowIfNoBindPoint" value="false" refParamName="" useRefParam="false"/>
				<Vector3 name="bindPosOffset" x="0.000" y="0.000" z="0.000" refParamName="" useRefParam="false"/>
				<bool name="bBindPosOffsetInWorldSpace" value="false" refParamName="" useRefParam="false"/>
				<EulerAngle name="bindRotOffset" x="0.000" y="0.000" z="0.000" refParamName="" useRefParam="false"/>
				<Vector3 name="scaling" x="1.000" y="1.000" z="1.000" refParamName="" useRefParam="false"/>
				<bool name="bUseRealScaling" value="false" refParamName="" useRefParam="false"/>
				<bool name="bEnableOptCull" value="true" refParamName="" useRefParam="false"/>
				<bool name="bHeroEffect" value="false" refParamName="" useRefParam="false"/>
				<bool name="bBullerPosDir" value="false" refParamName="" useRefParam="false"/>
				<TemplateObject name="lookTargetId" objectName="None" id="-1" isTemp="false" refParamName="" useRefParam="false"/>
				<bool name="bAlwaysLookTarget" value="false" refParamName="" useRefParam="false"/>
				<bool name="bLookTarget" value="false" refParamName="" useRefParam="false"/>
				<bool name="applyActionSpeedToParticle" value="true" refParamName="" useRefParam="false"/>
				<bool name="applyActionSpeedToAnimation" value="false" refParamName="" useRefParam="false"/>
				<int name="extend" value="10" refParamName="" useRefParam="false"/>
				<bool name="bOnlyFollowPos" value="false" refParamName="" useRefParam="false"/>
				<bool name="bHideWhenDead" value="true" refParamName="" useRefParam="false"/>
				<bool name="bRotateFollowCamera" value="false" refParamName="" useRefParam="false"/>
				<bool name="bUse3DUICamera" value="false" refParamName="" useRefParam="false"/>
				<bool name="bUseTargetSkinEffect" value="false" refParamName="" useRefParam="false"/>
				<bool name="bReplayWhenChangeMesh" value="false" refParamName="" useRefParam="false"/>
				<bool name="bTrailProtect" value="false" refParamName="" useRefParam="false"/>
				<bool name="bKeepChildScale" value="false" refParamName="" useRefParam="false"/>
				<int name="iDelayDisappearTime" value="0" refParamName="" useRefParam="false"/>
				<bool name="bBulletPos" value="false" refParamName="" useRefParam="false"/>
				<bool name="bBulletDir" value="false" refParamName="" useRefParam="false"/>
				<int name="particleScaleGrow" value="0" refParamName="" useRefParam="false"/>
				<bool name="enableMaxFollowTime" value="false" refParamName="" useRefParam="false"/>
				<float name="maxFollowTime" value="0.000" refParamName="" useRefParam="false"/>
				<bool name="bindOnHUD" value="false" refParamName="" useRefParam="false"/>
				<Enum name="showInStatus" value="0" refParamName="" useRefParam="false">
					<uint name="任意状态"/>
					<uint name="Idle状态"/>
					<uint name="移动状态"/>
					<uint name="死亡状态"/>
					<uint name="其他状态"/>
					<uint name="脱战状态"/>
					<uint name="战斗状态"/>
					<uint name="非隐藏在草丛"/>
					<uint name="隐藏在草丛"/>
				</Enum>
				<bool name="bExcludeSpecialActor" value="true" refParamName="" useRefParam="false"/>
				<Enum name="ReplacementUsage" value="0" refParamName="" useRefParam="false">
					<uint name="无"/>
					<uint name="回城特效"/>
					<uint name="击杀特效"/>
					<uint name="泉水加速特效"/>
				</Enum>
				<Enum name="ReplacementSubUsage" value="0" refParamName="" useRefParam="false">
					<uint name="无"/>
					<uint name="回城落地特效"/>
				</Enum>
				<bool name="bNoDynamicLod" value="false" refParamName="" useRefParam="false"/>
				<bool name="bMeshResouce" value="false" refParamName="" useRefParam="false"/>
				<bool name="bAllowEmptyEffect" value="false" refParamName="" useRefParam="false"/>
			</Event>
		</Track>
	</Action>
</Project>

