﻿<?xml version="1.0" encoding="utf-8"?>
<Project>
	<TemplateObjectList>
		<TemplateObject objectName="self" id="0" isTemp="false" />
		<TemplateObject objectName="target" id="1" isTemp="false" />
	</TemplateObjectList>
	<RefParamList />
	<Action tag="" length="2.400" loop="false">
		<Track trackName="FilterTargetType2" eventType="FilterTargetType" guid="60edf8f4-95d4-4506-810f-6a826c90e217" enabled="true" useRefParam="false" refParamName="" r="0.583" g="1.000" b="0.000" execOnForceStopped="false" execOnActionCompleted="false" stopAfterLastEvent="true">
			<Event eventName="FilterTargetType" time="0.000" isDuration="false">
				<TemplateObject name="targetId" objectName="target" id="1" isTemp="false" refParamName="" useRefParam="false" />
				<bool name="bFilterHero" value="false" refParamName="" useRefParam="false" />
				<bool name="bFilterMonter" value="false" refParamName="" useRefParam="false" />
				<bool name="bFilterBoss" value="false" refParamName="" useRefParam="false" />
				<bool name="bFilterOrgan" value="true" refParamName="" useRefParam="false" />
				<bool name="bFilterSameCamp" value="false" refParamName="" useRefParam="false" />
				<bool name="bFilterDiffCamp" value="false" refParamName="" useRefParam="false" />
				<bool name="bOnlySelf" value="false" refParamName="" useRefParam="false" />
				<bool name="bImmediateRevive" value="false" refParamName="" useRefParam="false" />
			</Event>
		</Track>
		<Track trackName="HitTriggerTick0" eventType="HitTriggerTick" guid="1e6aaccd-b613-4371-8cca-ea0b6651167b" enabled="true" useRefParam="false" refParamName="" r="0.250" g="0.000" b="1.000" execOnForceStopped="false" execOnActionCompleted="false" stopAfterLastEvent="true">
			<Condition id="0" guid="60edf8f4-95d4-4506-810f-6a826c90e217" status="true" />
			<Event eventName="HitTriggerTick" time="0.000" isDuration="false">
				<TemplateObject name="targetId" objectName="self" id="0" isTemp="false" refParamName="" useRefParam="false" />
				<TemplateObject name="triggerId" objectName="target" id="1" isTemp="false" refParamName="" useRefParam="false" />
				<bool name="bulletHit" value="false" refParamName="" useRefParam="false" />
				<TemplateObject name="victimId" objectName="None" id="-1" isTemp="false" refParamName="" useRefParam="false" />
				<bool name="lastHit" value="false" refParamName="" useRefParam="false" />
				<bool name="bSkillCombineChoose" value="false" refParamName="" useRefParam="false" />
				<int name="SelfSkillCombineID_1" value="0" refParamName="" useRefParam="false" />
				<int name="SelfSkillCombineID_2" value="0" refParamName="" useRefParam="false" />
				<int name="SelfSkillCombineID_3" value="0" refParamName="" useRefParam="false" />
				<int name="TargetSkillCombine_1" value="184390" refParamName="" useRefParam="false" />
				<int name="TargetSkillCombine_2" value="0" refParamName="" useRefParam="false" />
				<int name="TargetSkillCombine_3" value="0" refParamName="" useRefParam="false" />
				<bool name="bCheckSight" value="false" refParamName="" useRefParam="false" />
			</Event>
		</Track>
		<Track trackName="TriggerParticleTick0" eventType="TriggerParticleTick" guid="92ef92f4-7530-4537-ac01-550393baabf4" enabled="true" useRefParam="false" refParamName="" r="0.000" g="0.783" b="1.000" execOnForceStopped="false" execOnActionCompleted="false" stopAfterLastEvent="true">
			<Condition id="0" guid="60edf8f4-95d4-4506-810f-6a826c90e217" status="true" />
			<Event eventName="TriggerParticleTick" time="0.000" isDuration="false">
				<TemplateObject name="targetId" objectName="None" id="-1" isTemp="false" refParamName="" useRefParam="false" />
				<TemplateObject name="objectSpaceId" objectName="target" id="1" isTemp="false" refParamName="" useRefParam="false" />
				<String name="resourceName" value="Prefab_Skill_Effects/Hero_Skill_Effects/184_CaiWenJi/18402/caiwenji_hurt02_spell03" refParamName="" useRefParam="false" />
				<float name="lifeTime" value="1.000" refParamName="" useRefParam="false" />
				<String name="bindPointName" value="" refParamName="" useRefParam="false" />
				<Vector3 name="bindPosOffset" x="0.000" y="0.000" z="0.000" refParamName="" useRefParam="false" />
				<EulerAngle name="bindRotOffset" x="0.000" y="0.000" z="0.000" refParamName="" useRefParam="false" />
				<Vector3 name="scaling" x="1.000" y="1.000" z="1.000" refParamName="" useRefParam="false" />
				<bool name="bEnableOptCull" value="true" refParamName="" useRefParam="false" />
				<bool name="enableLayer" value="false" refParamName="" useRefParam="false" />
				<bool name="bBulletPos" value="false" refParamName="" useRefParam="false" />
				<bool name="bBulletDir" value="false" refParamName="" useRefParam="false" />
				<bool name="bBullerPosDir" value="false" refParamName="" useRefParam="false" />
				<int name="layer" value="0" refParamName="" useRefParam="false" />
				<bool name="enableTag" value="false" refParamName="" useRefParam="false" />
				<String name="tag" value="" refParamName="" useRefParam="false" />
				<bool name="enableMaxLimit" value="false" refParamName="" useRefParam="false" />
				<int name="MaxLimit" value="10" refParamName="" useRefParam="false" />
				<int name="LimitType" value="-1" refParamName="" useRefParam="false" />
				<bool name="applyActionSpeedToParticle" value="true" refParamName="" useRefParam="false" />
				<int name="extend" value="10" refParamName="" useRefParam="false" />
				<bool name="bUseSkin" value="false" refParamName="" useRefParam="false" />
				<bool name="bUseSkinAdvance" value="false" refParamName="" useRefParam="false" />
			</Event>
		</Track>
	</Action>
</Project>