<?xml version="1.0" encoding="utf-8"?>
<Project>
	<TemplateObjectList>
		<TemplateObject objectName="self" id="0" isTemp="false"/>
		<TemplateObject objectName="target" id="1" isTemp="false"/>
		<TemplateObject objectName="bullet" id="2" isTemp="true"/>
	</TemplateObjectList>
	<RefParamList>
		<bool name="_TriggerBullet" value="false" refParamName="" useRefParam="false"/>
		<Vector3i name="_BulletPos" x="0" y="0" z="0" refParamName="" useRefParam="false"/>
		<Vector3i name="_TargetDir" x="0" y="0" z="0" refParamName="" useRefParam="false"/>
		<Vector3i name="_TargetPos" x="0" y="0" z="0" refParamName="" useRefParam="false"/>
	</RefParamList>
	<Action tag="" length="1.630" loop="false">
		<Track trackName="FilterTargetType37" eventType="FilterTargetType" guid="54d5f7d0-50e1-4991-a1e5-50911312e444" enabled="true" refParamName="" useRefParam="false" r="1.000" g="0.000" b="0.950" execOnForceStopped="false" execOnActionCompleted="false" stopAfterLastEvent="true">
			<Event eventName="FilterTargetType" time="0.000" isDuration="false">
				<TemplateObject name="targetId" objectName="self" id="0" isTemp="false" refParamName="" useRefParam="false"/>
				<bool name="bFilterHero" value="false" refParamName="" useRefParam="false"/>
				<bool name="bFilterMonter" value="false" refParamName="" useRefParam="false"/>
				<bool name="bFilterBoss" value="false" refParamName="" useRefParam="false"/>
				<bool name="bFilterOrgan" value="false" refParamName="" useRefParam="false"/>
				<bool name="bFilterChest" value="false" refParamName="" useRefParam="false"/>
				<bool name="bFilterEye" value="false" refParamName="" useRefParam="false"/>
				<bool name="bFilterPet" value="false" refParamName="" useRefParam="false"/>
				<bool name="bFilterMajorMonster" value="false" refParamName="" useRefParam="false"/>
				<bool name="bFilterMinorMonster" value="false" refParamName="" useRefParam="false"/>
				<bool name="bFilterSoldier" value="false" refParamName="" useRefParam="false"/>
				<bool name="bFilterOtherMonster" value="false" refParamName="" useRefParam="false"/>
				<bool name="bFilterSameCamp" value="false" refParamName="" useRefParam="false"/>
				<bool name="bFilterDiffCamp" value="true" refParamName="" useRefParam="false"/>
				<bool name="bWatchingAvaild" value="false" refParamName="" useRefParam="false"/>
				<bool name="bFilterCampWithTarget" value="false" refParamName="" useRefParam="false"/>
				<TemplateObject name="filterObjID" objectName="None" id="-1" isTemp="false" refParamName="" useRefParam="false"/>
				<bool name="bFilterSameCampWithTarget" value="false" refParamName="" useRefParam="false"/>
				<bool name="bFilterDiffCampWithTarget" value="false" refParamName="" useRefParam="false"/>
				<bool name="bOnlySelf" value="false" refParamName="" useRefParam="false"/>
				<bool name="bOnlyHostHero" value="false" refParamName="" useRefParam="false"/>
				<bool name="bImmediateRevive" value="false" refParamName="" useRefParam="false"/>
				<Enum name="attackType" value="0" refParamName="" useRefParam="false">
					<uint name="所有英雄"/>
					<uint name="近战英雄"/>
					<uint name="远程英雄"/>
				</Enum>
				<bool name="bSelectJob" value="false" refParamName="" useRefParam="false"/>
				<Enum name="jobType" value="0" refParamName="" useRefParam="false">
					<uint name="N/A"/>
					<uint name="坦克"/>
					<uint name="战士"/>
					<uint name="刺客"/>
					<uint name="法师"/>
					<uint name="射手"/>
					<uint name="辅助"/>
					<uint name=""/>
					<uint name=""/>
					<uint name=""/>
				</Enum>
				<bool name="bFilterGrouped" value="false" refParamName="" useRefParam="false"/>
				<bool name="bFilterSelf" value="false" refParamName="" useRefParam="false"/>
				<bool name="bFilterTarget" value="false" refParamName="" useRefParam="false"/>
				<bool name="bInverse" value="false" refParamName="" useRefParam="false"/>
				<int name="groupActorType" value="0" refParamName="" useRefParam="false"/>
				<int name="groupRadius" value="10000" refParamName="" useRefParam="false"/>
				<bool name="bFilterInTeam" value="false" refParamName="" useRefParam="false"/>
				<int name="teamHeroID" value="0" refParamName="" useRefParam="false"/>
				<bool name="bFilterDiffTeam" value="false" refParamName="" useRefParam="false"/>
				<int name="diffTeamHeroID" value="0" refParamName="" useRefParam="false"/>
				<bool name="bFilterMonsterType" value="false" refParamName="" useRefParam="false"/>
				<int name="monsterTypeMask" value="0" refParamName="" useRefParam="false"/>
				<int name="soldierTypeMask" value="0" refParamName="" useRefParam="false"/>
			</Event>
		</Track>
		<Track trackName="FilterTargetType38" eventType="FilterTargetType" guid="9b13184c-f570-41b2-8ed9-0e6e7004cd4a" enabled="true" refParamName="" useRefParam="false" r="0.717" g="0.000" b="1.000" execOnForceStopped="false" execOnActionCompleted="false" stopAfterLastEvent="true">
			<Event eventName="FilterTargetType" time="0.000" isDuration="false">
				<TemplateObject name="targetId" objectName="self" id="0" isTemp="false" refParamName="" useRefParam="false"/>
				<bool name="bFilterHero" value="false" refParamName="" useRefParam="false"/>
				<bool name="bFilterMonter" value="false" refParamName="" useRefParam="false"/>
				<bool name="bFilterBoss" value="false" refParamName="" useRefParam="false"/>
				<bool name="bFilterOrgan" value="false" refParamName="" useRefParam="false"/>
				<bool name="bFilterChest" value="false" refParamName="" useRefParam="false"/>
				<bool name="bFilterEye" value="false" refParamName="" useRefParam="false"/>
				<bool name="bFilterPet" value="false" refParamName="" useRefParam="false"/>
				<bool name="bFilterMajorMonster" value="false" refParamName="" useRefParam="false"/>
				<bool name="bFilterMinorMonster" value="false" refParamName="" useRefParam="false"/>
				<bool name="bFilterSoldier" value="false" refParamName="" useRefParam="false"/>
				<bool name="bFilterOtherMonster" value="false" refParamName="" useRefParam="false"/>
				<bool name="bFilterSameCamp" value="true" refParamName="" useRefParam="false"/>
				<bool name="bFilterDiffCamp" value="false" refParamName="" useRefParam="false"/>
				<bool name="bWatchingAvaild" value="false" refParamName="" useRefParam="false"/>
				<bool name="bFilterCampWithTarget" value="false" refParamName="" useRefParam="false"/>
				<TemplateObject name="filterObjID" objectName="None" id="-1" isTemp="false" refParamName="" useRefParam="false"/>
				<bool name="bFilterSameCampWithTarget" value="false" refParamName="" useRefParam="false"/>
				<bool name="bFilterDiffCampWithTarget" value="false" refParamName="" useRefParam="false"/>
				<bool name="bOnlySelf" value="false" refParamName="" useRefParam="false"/>
				<bool name="bOnlyHostHero" value="false" refParamName="" useRefParam="false"/>
				<bool name="bImmediateRevive" value="false" refParamName="" useRefParam="false"/>
				<Enum name="attackType" value="0" refParamName="" useRefParam="false">
					<uint name="所有英雄"/>
					<uint name="近战英雄"/>
					<uint name="远程英雄"/>
				</Enum>
				<bool name="bSelectJob" value="false" refParamName="" useRefParam="false"/>
				<Enum name="jobType" value="0" refParamName="" useRefParam="false">
					<uint name="N/A"/>
					<uint name="坦克"/>
					<uint name="战士"/>
					<uint name="刺客"/>
					<uint name="法师"/>
					<uint name="射手"/>
					<uint name="辅助"/>
					<uint name=""/>
					<uint name=""/>
					<uint name=""/>
				</Enum>
				<bool name="bFilterGrouped" value="false" refParamName="" useRefParam="false"/>
				<bool name="bFilterSelf" value="false" refParamName="" useRefParam="false"/>
				<bool name="bFilterTarget" value="false" refParamName="" useRefParam="false"/>
				<bool name="bInverse" value="false" refParamName="" useRefParam="false"/>
				<int name="groupActorType" value="0" refParamName="" useRefParam="false"/>
				<int name="groupRadius" value="10000" refParamName="" useRefParam="false"/>
				<bool name="bFilterInTeam" value="false" refParamName="" useRefParam="false"/>
				<int name="teamHeroID" value="0" refParamName="" useRefParam="false"/>
				<bool name="bFilterDiffTeam" value="false" refParamName="" useRefParam="false"/>
				<int name="diffTeamHeroID" value="0" refParamName="" useRefParam="false"/>
				<bool name="bFilterMonsterType" value="false" refParamName="" useRefParam="false"/>
				<int name="monsterTypeMask" value="0" refParamName="" useRefParam="false"/>
				<int name="soldierTypeMask" value="0" refParamName="" useRefParam="false"/>
			</Event>
		</Track>
		<Track trackName="SetBehaviourModeTick4" eventType="SetBehaviourModeTick" guid="cb2d7ff1-962e-4814-b9cd-1116d6359a3c" enabled="true" refParamName="" useRefParam="false" r="0.000" g="0.683" b="1.000" execOnForceStopped="false" execOnActionCompleted="false" stopAfterLastEvent="true">
			<Event eventName="SetBehaviourModeTick" time="0.000" isDuration="false">
				<TemplateObject name="targetId" objectName="self" id="0" isTemp="false" refParamName="" useRefParam="false"/>
				<bool name="stopMove" value="true" refParamName="" useRefParam="false"/>
				<bool name="clearMove" value="false" refParamName="" useRefParam="false"/>
				<bool name="IsClearSkillCache" value="false" refParamName="" useRefParam="false"/>
				<bool name="stopCurSkill" value="false" refParamName="" useRefParam="false"/>
				<bool name="delayStopCurSkill" value="false" refParamName="" useRefParam="false"/>
				<bool name="deadControl" value="false" refParamName="" useRefParam="false"/>
				<Enum name="eAbortLevel" value="0" refParamName="" useRefParam="false">
					<uint name="不打断"/>
					<uint name="延迟打断"/>
					<uint name="强制打断"/>
				</Enum>
				<bool name="interuptAutoAttack" value="false" refParamName="" useRefParam="false"/>
			</Event>
		</Track>
		<Track trackName="SetAttackDirDuration0" eventType="SetAttackDirDuration" guid="e0bc52c8-f08c-41ca-b0cd-763164475e20" enabled="true" refParamName="" useRefParam="false" r="1.000" g="0.000" b="0.017" execOnForceStopped="false" execOnActionCompleted="false" stopAfterLastEvent="true">
			<Event eventName="SetAttackDirDuration" time="0.000" length="0.066" isDuration="true">
				<TemplateObject name="attackerId" objectName="self" id="0" isTemp="false" refParamName="" useRefParam="false"/>
				<bool name="bForceRotate" value="false" refParamName="" useRefParam="false"/>
				<bool name="bImmediateRotate" value="true" refParamName="" useRefParam="false"/>
				<bool name="bUseSpecifiedDir" value="false" refParamName="" useRefParam="false"/>
				<Vector3i name="specifiedDir" x="0" y="0" z="0" refParamName="" useRefParam="false"/>
			</Event>
		</Track>
		<Track trackName="ForbidAbilityDuration2" eventType="ForbidAbilityDuration" guid="fc0e2e94-f3a6-4b0a-9827-8273ccea9616" enabled="true" refParamName="" useRefParam="false" r="0.000" g="1.000" b="0.317" execOnForceStopped="false" execOnActionCompleted="false" stopAfterLastEvent="true">
			<Event eventName="ForbidAbilityDuration" time="0.000" length="1.000" isDuration="true">
				<TemplateObject name="attackerId" objectName="self" id="0" isTemp="false" refParamName="" useRefParam="false"/>
				<bool name="forbidMove" value="true" refParamName="" useRefParam="false"/>
				<bool name="forbidSkill" value="false" refParamName="" useRefParam="false"/>
				<bool name="forceForbidding" value="false" refParamName="" useRefParam="false"/>
				<bool name="forbidSkillAndHideBtn" value="false" refParamName="" useRefParam="false"/>
				<bool name="forbidFilterSkill0" value="false" refParamName="" useRefParam="false"/>
				<bool name="forbidFilterSkill1" value="false" refParamName="" useRefParam="false"/>
				<bool name="forbidFilterSkill2" value="false" refParamName="" useRefParam="false"/>
				<bool name="forbidFilterSkill3" value="false" refParamName="" useRefParam="false"/>
				<bool name="forbidFilterSkill4" value="false" refParamName="" useRefParam="false"/>
				<bool name="forbidFilterSkill5" value="false" refParamName="" useRefParam="false"/>
				<bool name="forbidFilterSkill6" value="false" refParamName="" useRefParam="false"/>
				<bool name="forbidFilterSkill7" value="false" refParamName="" useRefParam="false"/>
				<bool name="forbidFilterSkill8" value="false" refParamName="" useRefParam="false"/>
				<bool name="forbidFilterSkill9" value="false" refParamName="" useRefParam="false"/>
				<bool name="forbidFilterSkill10" value="false" refParamName="" useRefParam="false"/>
				<bool name="forbidFilterSkill11" value="false" refParamName="" useRefParam="false"/>
				<bool name="forbidFilterSummonerSkill" value="false" refParamName="" useRefParam="false"/>
				<bool name="forbidFilterMapSkill" value="false" refParamName="" useRefParam="false"/>
				<bool name="forbidFilterEquipActiveSkill" value="false" refParamName="" useRefParam="false"/>
				<bool name="forbidFilterActiveSkill" value="false" refParamName="" useRefParam="false"/>
				<bool name="forbidSkillAbort" value="true" refParamName="" useRefParam="false"/>
				<bool name="abortFilterSkill0" value="false" refParamName="" useRefParam="false"/>
				<bool name="abortFilterSkill1" value="false" refParamName="" useRefParam="false"/>
				<bool name="abortFilterSkill2" value="false" refParamName="" useRefParam="false"/>
				<bool name="abortFilterSkill3" value="false" refParamName="" useRefParam="false"/>
				<bool name="abortFilterSkill4" value="false" refParamName="" useRefParam="false"/>
				<bool name="abortFilterSkill5" value="false" refParamName="" useRefParam="false"/>
				<bool name="abortFilterSkill7" value="false" refParamName="" useRefParam="false"/>
				<bool name="abortFilterSkill8" value="false" refParamName="" useRefParam="false"/>
				<bool name="abortFilterSkill9" value="false" refParamName="" useRefParam="false"/>
				<bool name="abortFilterSkill10" value="false" refParamName="" useRefParam="false"/>
				<bool name="abortFilterSkill11" value="false" refParamName="" useRefParam="false"/>
				<bool name="abortFilterMove" value="false" refParamName="" useRefParam="false"/>
				<bool name="abortFilterDamage" value="false" refParamName="" useRefParam="false"/>
				<bool name="forbidMoveRotate" value="false" refParamName="" useRefParam="false"/>
				<bool name="delaySkillAbort" value="true" refParamName="" useRefParam="false"/>
				<Enum name="protectAbortLevel" value="0" refParamName="" useRefParam="false">
					<uint name="不保护"/>
					<uint name="保护延迟打断"/>
					<uint name="保护强制打断"/>
				</Enum>
				<bool name="ImmuneNegative" value="false" refParamName="" useRefParam="false"/>
				<bool name="ImmuneControl" value="false" refParamName="" useRefParam="false"/>
				<bool name="forbidEnergyRecover" value="false" refParamName="" useRefParam="false"/>
				<bool name="MoveIgnoreObstructArea" value="false" refParamName="" useRefParam="false"/>
				<bool name="ImmuneSkillSelect" value="false" refParamName="" useRefParam="false"/>
				<bool name="bReplaceHPBarImmuneSelect" value="false" refParamName="" useRefParam="false"/>
				<bool name="forbidCallBoss" value="false" refParamName="" useRefParam="false"/>
				<bool name="forbidExtraBtnSlot1" value="false" refParamName="" useRefParam="false"/>
				<bool name="bForceClearSkillIndicator" value="false" refParamName="" useRefParam="false"/>
				<bool name="forbidCollisionDetection" value="false" refParamName="" useRefParam="false"/>
			</Event>
		</Track>
		<Track trackName="SkillInputCacheDuration0" eventType="SkillInputCacheDuration" guid="70f6e72d-653b-44a8-a8c9-50ec9a2402b9" enabled="true" refParamName="" useRefParam="false" r="0.000" g="0.967" b="1.000" execOnForceStopped="false" execOnActionCompleted="false" stopAfterLastEvent="true">
			<Event eventName="SkillInputCacheDuration" time="0.000" length="1.000" isDuration="true">
				<TemplateObject name="targetId" objectName="self" id="0" isTemp="false" refParamName="" useRefParam="false"/>
				<bool name="cacheSkill" value="true" refParamName="" useRefParam="false"/>
				<bool name="bReturnCacheWhenLeaving" value="false" refParamName="" useRefParam="false"/>
				<bool name="forceCacheSkill" value="false" refParamName="" useRefParam="false"/>
				<bool name="notForceCacheSkill0" value="false" refParamName="" useRefParam="false"/>
				<bool name="notForceCacheSkill1" value="false" refParamName="" useRefParam="false"/>
				<bool name="notForceCacheSkill2" value="false" refParamName="" useRefParam="false"/>
				<bool name="notForceCacheSkill3" value="false" refParamName="" useRefParam="false"/>
				<bool name="notForceCacheSkill4" value="false" refParamName="" useRefParam="false"/>
				<bool name="notForceCacheSkill5" value="false" refParamName="" useRefParam="false"/>
				<bool name="notForceCacheSkill6" value="false" refParamName="" useRefParam="false"/>
				<bool name="notForceCacheSkill7" value="false" refParamName="" useRefParam="false"/>
				<bool name="notForceCacheSkill8" value="false" refParamName="" useRefParam="false"/>
				<bool name="notForceCacheSkill9" value="false" refParamName="" useRefParam="false"/>
				<bool name="notForceCacheSkill10" value="false" refParamName="" useRefParam="false"/>
				<bool name="notForceCacheSkill11" value="false" refParamName="" useRefParam="false"/>
				<bool name="bCacheSkillReCalcLock" value="false" refParamName="" useRefParam="false"/>
				<bool name="cacheMove" value="false" refParamName="" useRefParam="false"/>
				<bool name="forceCacheMove" value="false" refParamName="" useRefParam="false"/>
				<bool name="checkMoveAbortCurSkill" value="false" refParamName="" useRefParam="false"/>
				<bool name="checkNoMove" value="false" refParamName="" useRefParam="false"/>
				<String name="OutputCacheMoveDirName" value="" refParamName="" useRefParam="false"/>
				<int name="delayFrame" value="0" refParamName="" useRefParam="false"/>
				<bool name="clearCacheMoveWhenEntering" value="false" refParamName="" useRefParam="false"/>
				<bool name="clearCacheMoveWhenLeaving" value="false" refParamName="" useRefParam="false"/>
			</Event>
		</Track>
		<Track trackName="SkillInputCacheDuration0" eventType="SkillInputCacheDuration" guid="eb6c1ac8-78bd-4e15-b0b8-f41c23647332" enabled="true" refParamName="" useRefParam="false" r="0.783" g="0.000" b="1.000" execOnForceStopped="false" execOnActionCompleted="false" stopAfterLastEvent="true">
			<Event eventName="SkillInputCacheDuration" time="0.900" length="0.100" isDuration="true">
				<TemplateObject name="targetId" objectName="self" id="0" isTemp="false" refParamName="" useRefParam="false"/>
				<bool name="cacheSkill" value="false" refParamName="" useRefParam="false"/>
				<bool name="bReturnCacheWhenLeaving" value="false" refParamName="" useRefParam="false"/>
				<bool name="forceCacheSkill" value="false" refParamName="" useRefParam="false"/>
				<bool name="notForceCacheSkill0" value="false" refParamName="" useRefParam="false"/>
				<bool name="notForceCacheSkill1" value="false" refParamName="" useRefParam="false"/>
				<bool name="notForceCacheSkill2" value="false" refParamName="" useRefParam="false"/>
				<bool name="notForceCacheSkill3" value="false" refParamName="" useRefParam="false"/>
				<bool name="notForceCacheSkill4" value="false" refParamName="" useRefParam="false"/>
				<bool name="notForceCacheSkill5" value="false" refParamName="" useRefParam="false"/>
				<bool name="notForceCacheSkill6" value="false" refParamName="" useRefParam="false"/>
				<bool name="notForceCacheSkill7" value="false" refParamName="" useRefParam="false"/>
				<bool name="notForceCacheSkill8" value="false" refParamName="" useRefParam="false"/>
				<bool name="notForceCacheSkill9" value="false" refParamName="" useRefParam="false"/>
				<bool name="notForceCacheSkill10" value="false" refParamName="" useRefParam="false"/>
				<bool name="notForceCacheSkill11" value="false" refParamName="" useRefParam="false"/>
				<bool name="bCacheSkillReCalcLock" value="false" refParamName="" useRefParam="false"/>
				<bool name="cacheMove" value="false" refParamName="" useRefParam="false"/>
				<bool name="forceCacheMove" value="false" refParamName="" useRefParam="false"/>
				<bool name="checkMoveAbortCurSkill" value="false" refParamName="" useRefParam="false"/>
				<bool name="checkNoMove" value="false" refParamName="" useRefParam="false"/>
				<String name="OutputCacheMoveDirName" value="" refParamName="" useRefParam="false"/>
				<int name="delayFrame" value="0" refParamName="" useRefParam="false"/>
				<bool name="clearCacheMoveWhenEntering" value="false" refParamName="" useRefParam="false"/>
				<bool name="clearCacheMoveWhenLeaving" value="false" refParamName="" useRefParam="false"/>
			</Event>
		</Track>
		<Track trackName="PlayAnimDuration0" eventType="PlayAnimDuration" guid="36aa255c-bfc4-4ca1-adf7-a1f3cfc6d142" enabled="true" refParamName="" useRefParam="false" r="0.000" g="0.417" b="1.000" execOnForceStopped="false" execOnActionCompleted="false" stopAfterLastEvent="true">
			<Event eventName="PlayAnimDuration" time="0.000" length="0.630" isDuration="true">
				<TemplateObject name="targetId" objectName="self" id="0" isTemp="false" refParamName="" useRefParam="false"/>
				<String name="clipName" value="Spell1_1" refParamName="" useRefParam="false"/>
				<bool name="bDontReplaceSameAnim" value="false" refParamName="" useRefParam="false"/>
				<int name="layer" value="1" refParamName="" useRefParam="false"/>
				<int name="subLayer" value="0" refParamName="" useRefParam="false"/>
				<int name="animatorOverrideLayer" value="-1" refParamName="" useRefParam="false"/>
				<bool name="bLoop" value="false" refParamName="" useRefParam="false"/>
				<float name="crossFadeTime" value="0.200" refParamName="" useRefParam="false"/>
				<bool name="bUseFadeOutTime" value="true" refParamName="" useRefParam="false"/>
				<float name="fadeOutTime" value="0.200" refParamName="" useRefParam="false"/>
				<float name="startTime" value="0.000" refParamName="" useRefParam="false"/>
				<float name="endTime" value="9999.000" refParamName="" useRefParam="false"/>
				<bool name="applyActionSpeed" value="true" refParamName="" useRefParam="false"/>
				<bool name="alwaysAnimate" value="false" refParamName="" useRefParam="false"/>
				<bool name="bKeepOldSpeed" value="false" refParamName="" useRefParam="false"/>
				<bool name="bCanNotBeCulled" value="false" refParamName="" useRefParam="false"/>
				<String name="beginClipName" value="" refParamName="" useRefParam="false"/>
				<bool name="bPlayBeginClipName" value="false" refParamName="" useRefParam="false"/>
				<String name="endClipName" value="" refParamName="" useRefParam="false"/>
				<bool name="bPlayEndClipName" value="false" refParamName="" useRefParam="false"/>
				<bool name="bForcePlay" value="false" refParamName="" useRefParam="false"/>
				<float name="animSpeedRate" value="1.000" refParamName="" useRefParam="false"/>
			</Event>
		</Track>
		<Track trackName="PlayAnimDuration0" eventType="PlayAnimDuration" guid="f608e2ef-cabe-42fd-9b0f-9d7b5e040e29" enabled="true" refParamName="" useRefParam="false" r="0.267" g="0.000" b="1.000" execOnForceStopped="false" execOnActionCompleted="false" stopAfterLastEvent="true">
			<Event eventName="PlayAnimDuration" time="0.630" length="1.000" isDuration="true">
				<TemplateObject name="targetId" objectName="self" id="0" isTemp="false" refParamName="" useRefParam="false"/>
				<String name="clipName" value="Spell1_3" refParamName="" useRefParam="false"/>
				<bool name="bDontReplaceSameAnim" value="false" refParamName="" useRefParam="false"/>
				<int name="layer" value="1" refParamName="" useRefParam="false"/>
				<int name="subLayer" value="0" refParamName="" useRefParam="false"/>
				<int name="animatorOverrideLayer" value="-1" refParamName="" useRefParam="false"/>
				<bool name="bLoop" value="false" refParamName="" useRefParam="false"/>
				<float name="crossFadeTime" value="0.200" refParamName="" useRefParam="false"/>
				<bool name="bUseFadeOutTime" value="true" refParamName="" useRefParam="false"/>
				<float name="fadeOutTime" value="0.200" refParamName="" useRefParam="false"/>
				<float name="startTime" value="0.000" refParamName="" useRefParam="false"/>
				<float name="endTime" value="99999.000" refParamName="" useRefParam="false"/>
				<bool name="applyActionSpeed" value="false" refParamName="" useRefParam="false"/>
				<bool name="alwaysAnimate" value="false" refParamName="" useRefParam="false"/>
				<bool name="bKeepOldSpeed" value="false" refParamName="" useRefParam="false"/>
				<bool name="bCanNotBeCulled" value="false" refParamName="" useRefParam="false"/>
				<String name="beginClipName" value="" refParamName="" useRefParam="false"/>
				<bool name="bPlayBeginClipName" value="false" refParamName="" useRefParam="false"/>
				<String name="endClipName" value="" refParamName="" useRefParam="false"/>
				<bool name="bPlayEndClipName" value="false" refParamName="" useRefParam="false"/>
				<bool name="bForcePlay" value="false" refParamName="" useRefParam="false"/>
				<float name="animSpeedRate" value="1.000" refParamName="" useRefParam="false"/>
			</Event>
		</Track>
		<Track trackName="SpawnBulletTick0" eventType="SpawnBulletTick" guid="64579ac2-b2fa-48b8-8192-16a60f8c4800" enabled="false" refParamName="" useRefParam="false" r="0.900" g="1.000" b="0.000" execOnForceStopped="false" execOnActionCompleted="false" stopAfterLastEvent="true">
			<Event eventName="SpawnBulletTick" time="0.637" isDuration="false">
				<TemplateObject name="targetId" objectName="self" id="0" isTemp="false" refParamName="" useRefParam="false"/>
				<TemplateObject name="targetPosActorId" objectName="None" id="-1" isTemp="true" refParamName="" useRefParam="false"/>
				<TemplateObject name="referenceObjectId" objectName="None" id="-1" isTemp="false" refParamName="" useRefParam="false"/>
				<bool name="bInheritRefParams" value="false" refParamName="" useRefParam="false"/>
				<String name="ActionName" value="prefab_characters/prefab_hero/126_xiahoudun/skill/s1b2" refParamName="" useRefParam="false"/>
				<String name="SpecialActionName" value="" refParamName="" useRefParam="false"/>
				<bool name="bIsUseSpecialActionAsCondi" value="false" refParamName="" useRefParam="false"/>
				<bool name="bDeadRemove" value="false" refParamName="" useRefParam="false"/>
				<bool name="bImmeExcute" value="true" refParamName="" useRefParam="false"/>
				<bool name="bAgeEternal" value="false" refParamName="" useRefParam="false"/>
				<int name="bulletTypeId" value="0" refParamName="" useRefParam="false"/>
				<int name="bulletUpperLimit" value="1" refParamName="" useRefParam="false"/>
				<bool name="bSpawnBounceBullet" value="false" refParamName="" useRefParam="false"/>
				<bool name="bUseIndicatorPos" value="false" refParamName="" useRefParam="false"/>
				<Enum name="bulletSkillType" value="0" refParamName="" useRefParam="false">
					<uint name="默认类型_0"/>
					<uint name="允许特殊打断_1"/>
				</Enum>
				<bool name="bAbort" value="false" refParamName="" useRefParam="false"/>
				<bool name="bDestroyedBySpecialBullet" value="false" refParamName="" useRefParam="false"/>
			</Event>
		</Track>
		<Track trackName="SpawnObjectDuration0" eventType="SpawnObjectDuration" guid="d251389a-5e44-4697-bb6a-f22485ab50f0" enabled="true" refParamName="" useRefParam="false" r="1.000" g="0.550" b="0.000" execOnForceStopped="false" execOnActionCompleted="false" stopAfterLastEvent="true">
			<Event eventName="SpawnObjectDuration" time="0.750" length="0.340" isDuration="true">
				<TemplateObject name="targetId" objectName="bullet" id="2" isTemp="true" refParamName="" useRefParam="false"/>
				<TemplateObject name="parentId" objectName="None" id="-1" isTemp="false" refParamName="" useRefParam="false"/>
				<TemplateObject name="objectSpaceId" objectName="self" id="0" isTemp="false" refParamName="" useRefParam="false"/>
				<uint name="RefLiteBulletID" value="0" refParamName="" useRefParam="false"/>
				<bool name="bTargetPosition" value="false" refParamName="" useRefParam="false"/>
				<Vector3i name="targetPosition" x="0" y="0" z="0" refParamName="" useRefParam="false"/>
				<String name="prefabName" value="prefab_characters/commonempty" refParamName="" useRefParam="false"/>
				<bool name="bMoveCollision" value="false" refParamName="" useRefParam="false"/>
				<bool name="recreateExisting" value="true" refParamName="" useRefParam="false"/>
				<bool name="superTranslation" value="false" refParamName="" useRefParam="false"/>
				<bool name="modifyTranslation" value="true" refParamName="" useRefParam="false"/>
				<Vector3i name="translation" x="0" y="0" z="0" refParamName="" useRefParam="false"/>
				<bool name="bHeroEffect" value="false" refParamName="" useRefParam="false"/>
				<bool name="bUseIndicatorDir" value="false" refParamName="" useRefParam="false"/>
				<bool name="modifyDirection" value="true" refParamName="" useRefParam="false"/>
				<Enum name="modifyDirUsage" value="0" refParamName="" useRefParam="false">
					<uint name="当[参考对象]有值时不使用"/>
					<uint name="作为本物体朝向"/>
					<uint name="本物体朝向它"/>
					<uint name=""/>
				</Enum>
				<Vector3i name="direction" x="0" y="0" z="0" refParamName="_TargetDir" useRefParam="true"/>
				<bool name="bRotation" value="false" refParamName="" useRefParam="false"/>
				<int name="yRotation" value="0" refParamName="" useRefParam="false"/>
				<bool name="bUseRecordPos" value="false" refParamName="" useRefParam="false"/>
				<bool name="bUseRecordDir" value="false" refParamName="" useRefParam="false"/>
				<bool name="bChangeMaterialWithParent" value="false" refParamName="" useRefParam="false"/>
				<TemplateObject name="materialParentActorId" objectName="self" id="0" isTemp="false" refParamName="" useRefParam="false"/>
				<bool name="modifyScaling" value="true" refParamName="" useRefParam="false"/>
				<Vector3 name="scaling" x="1.000" y="1.000" z="1.000" refParamName="" useRefParam="false"/>
				<bool name="enableLayer" value="false" refParamName="" useRefParam="false"/>
				<int name="layer" value="0" refParamName="" useRefParam="false"/>
				<bool name="enableTag" value="false" refParamName="" useRefParam="false"/>
				<String name="tag" value="" refParamName="" useRefParam="false"/>
				<bool name="applyActionSpeedToAnimation" value="true" refParamName="" useRefParam="false"/>
				<bool name="applyActionSpeedToParticle" value="true" refParamName="" useRefParam="false"/>
				<bool name="bSameVisibleAsAttacker" value="false" refParamName="" useRefParam="false"/>
				<bool name="bUseSkinAdvance" value="false" refParamName="" useRefParam="false"/>
				<bool name="bVisibleByFow" value="true" refParamName="" useRefParam="false"/>
				<int name="sightRadius" value="0" refParamName="" useRefParam="false"/>
				<TemplateObject name="visionActorId" objectName="self" id="0" isTemp="false" refParamName="" useRefParam="false"/>
				<bool name="bRefreshVision" value="false" refParamName="" useRefParam="false"/>
				<bool name="bInvisibleBullet" value="false" refParamName="" useRefParam="false"/>
				<bool name="bForbidBulletInObstacle" value="false" refParamName="" useRefParam="false"/>
				<bool name="bForbidTargetOutOfNavmeshConvexHull" value="false" refParamName="" useRefParam="false"/>
				<bool name="bLayOnNavMesh" value="false" refParamName="" useRefParam="false"/>
				<bool name="bRealTimeSight" value="false" refParamName="" useRefParam="false"/>
				<bool name="bOpenSight" value="false" refParamName="" useRefParam="false"/>
				<bool name="bEnableAnimation" value="false" refParamName="" useRefParam="false"/>
				<bool name="bBlockObj" value="false" refParamName="" useRefParam="false"/>
				<bool name="bUseSkin" value="false" refParamName="" useRefParam="false"/>
				<bool name="bRecordObjPosition" value="false" refParamName="" useRefParam="false"/>
				<TemplateObject name="recordTargeID" objectName="None" id="-1" isTemp="false" refParamName="" useRefParam="false"/>
				<bool name="bOnlyFollowPos" value="false" refParamName="" useRefParam="false"/>
				<TrackObject name="trackId" id="-1" guid="00000000-0000-0000-0000-000000000000" refParamName="" useRefParam="false"/>
			</Event>
		</Track>
		<Track trackName="SetCollisionTick4" eventType="SetCollisionTick" guid="60567405-0a30-45d4-bc07-d21ed5cb9e40" enabled="true" refParamName="" useRefParam="false" r="0.167" g="1.000" b="0.000" execOnForceStopped="false" execOnActionCompleted="false" stopAfterLastEvent="true">
			<Event eventName="SetCollisionTick" time="0.750" isDuration="false">
				<TemplateObject name="targetId" objectName="bullet" id="2" isTemp="false" refParamName="" useRefParam="false"/>
				<Enum name="type" value="0" refParamName="" useRefParam="false">
					<uint name="BOX"/>
					<uint name="SPHERE"/>
				</Enum>
				<bool name="bIsBlockMonsterType" value="false" refParamName="" useRefParam="false"/>
				<bool name="bIsBlockSoliderLine" value="false" refParamName="" useRefParam="false"/>
				<bool name="bIsBlockJungleMonster" value="false" refParamName="" useRefParam="false"/>
				<bool name="bIsBlockSoliderType" value="false" refParamName="" useRefParam="false"/>
				<bool name="bIsBlockPet" value="false" refParamName="" useRefParam="false"/>
				<Enum name="blockCampType" value="0" refParamName="" useRefParam="false">
					<uint name="阻挡敌对阵营"/>
					<uint name="阻挡自己阵营"/>
					<uint name="阻挡所有阵营"/>
				</Enum>
				<bool name="bVaildBlockForSelfTeamHero" value="false" refParamName="" useRefParam="false"/>
				<bool name="bVaildBlockForEnemyTeamHero" value="false" refParamName="" useRefParam="false"/>
				<Vector3i name="Pos" x="0" y="0" z="3500" refParamName="" useRefParam="false"/>
				<Vector3i name="Size" x="5400" y="10000" z="9000" refParamName="" useRefParam="false"/>
				<Array name="PosList" refParamName="" useRefParam="false" type="Vector3i"/>
				<int name="Radius" value="2000" refParamName="" useRefParam="false"/>
				<int name="RadiusGrowthValue" value="0" refParamName="" useRefParam="false"/>
				<int name="SectorRadius" value="1000" refParamName="" useRefParam="false"/>
				<int name="SectorExternalRadiusGrowthValue" value="0" refParamName="" useRefParam="false"/>
				<int name="SectorInnerRadius" value="0" refParamName="" useRefParam="false"/>
				<int name="SectorInnerRadiusGrowthValue" value="0" refParamName="" useRefParam="false"/>
				<int name="Height" value="500" refParamName="" useRefParam="false"/>
				<int name="Degree" value="160" refParamName="" useRefParam="false"/>
				<int name="Rotation" value="160" refParamName="" useRefParam="false"/>
				<int name="ExternalRadius" value="0" refParamName="" useRefParam="false"/>
				<int name="ExternalRadiusGrowthValue" value="0" refParamName="" useRefParam="false"/>
				<int name="InnerRadius" value="0" refParamName="" useRefParam="false"/>
				<int name="InnerRadiusGrowthValue" value="0" refParamName="" useRefParam="false"/>
				<bool name="bCheckCollisionY" value="false" refParamName="" useRefParam="false"/>
				<Vector3i name="CollisionScaler" x="0" y="0" z="0" refParamName="" useRefParam="false"/>
			</Event>
		</Track>
		<Track trackName="HitTriggerDuration5" eventType="HitTriggerDuration" guid="7eced75b-b4e1-4909-ba2e-ab0d2b3250e4" enabled="true" refParamName="" useRefParam="false" r="0.650" g="0.000" b="1.000" execOnForceStopped="false" execOnActionCompleted="false" stopAfterLastEvent="true">
			<Event eventName="HitTriggerDuration" time="0.750" length="0.340" isDuration="true">
				<TemplateObject name="triggerId" objectName="bullet" id="2" isTemp="false" refParamName="" useRefParam="false"/>
				<TemplateObject name="attackerId" objectName="self" id="0" isTemp="false" refParamName="" useRefParam="false"/>
				<bool name="bInheritRefParams" value="false" refParamName="" useRefParam="false"/>
				<int name="triggerInterval" value="300" refParamName="" useRefParam="false"/>
				<int name="TriggerActorInterval" value="300" refParamName="" useRefParam="false"/>
				<bool name="bFilterEnemy" value="false" refParamName="" useRefParam="false"/>
				<bool name="bFilterFriend" value="true" refParamName="" useRefParam="false"/>
				<bool name="bFilterCamp" value="false" refParamName="" useRefParam="false"/>
				<int name="filterCamp" value="0" refParamName="" useRefParam="false"/>
				<bool name="bFilterHero" value="false" refParamName="" useRefParam="false"/>
				<bool name="bFileterMonter" value="false" refParamName="" useRefParam="false"/>
				<bool name="bFileterOrgan" value="true" refParamName="" useRefParam="false"/>
				<bool name="bFilterEye" value="true" refParamName="" useRefParam="false"/>
				<bool name="bFilterChest" value="true" refParamName="" useRefParam="false"/>
				<bool name="bFilterMyself" value="true" refParamName="" useRefParam="false"/>
				<bool name="bFilterDead" value="true" refParamName="" useRefParam="false"/>
				<bool name="bFilterHeroPet" value="false" refParamName="" useRefParam="false"/>
				<bool name="bFilterDeadControlHero" value="true" refParamName="" useRefParam="false"/>
				<bool name="bFilterCurrentTarget" value="false" refParamName="" useRefParam="false"/>
				<bool name="bFilterMoveDirection" value="false" refParamName="" useRefParam="false"/>
				<int name="Angle" value="-1" refParamName="" useRefParam="false"/>
				<bool name="bOnlyOneKillActor" value="false" refParamName="" useRefParam="false"/>
				<bool name="bOnlyBigMonster" value="false" refParamName="" useRefParam="false"/>
				<bool name="bOnlyMe" value="false" refParamName="" useRefParam="false"/>
				<bool name="bOnlyBullet" value="false" refParamName="" useRefParam="false"/>
				<TemplateObject name="bulletID" objectName="None" id="-1" isTemp="false" refParamName="" useRefParam="false"/>
				<bool name="bFilterCantAttack" value="false" refParamName="" useRefParam="false"/>
				<bool name="bFilterSpecialType1" value="true" refParamName="" useRefParam="false"/>
				<bool name="bFilterSpecialType2" value="true" refParamName="" useRefParam="false"/>
				<bool name="bOnlyBeControledActor" value="false" refParamName="" useRefParam="false"/>
				<bool name="bOnlyPet" value="false" refParamName="" useRefParam="false"/>
				<bool name="bOnlyAttackerPet" value="false" refParamName="" useRefParam="false"/>
				<bool name="bOnlyDeadOrgan" value="false" refParamName="" useRefParam="false"/>
				<bool name="bFilterCanntAttackOrgan" value="true" refParamName="" useRefParam="false"/>
				<int name="TriggerActorCount" value="32" refParamName="" useRefParam="false"/>
				<Enum name="SelectMode" value="0" refParamName="" useRefParam="false">
					<uint name="随机选择"/>
					<uint name="血量选择"/>
					<uint name="按眼的规则选择"/>
				</Enum>
				<bool name="bIsUnifiedListSelect" value="false" refParamName="" useRefParam="false"/>
				<int name="CollideMaxCount" value="1" refParamName="" useRefParam="false"/>
				<int name="MaxTriggerCount" value="-1" refParamName="" useRefParam="false"/>
				<int name="MaxSelfBuffCount" value="-1" refParamName="" useRefParam="false"/>
				<int name="MaxTargetBuffCount" value="-1" refParamName="" useRefParam="false"/>
				<bool name="bTotalHitCount" value="false" refParamName="" useRefParam="false"/>
				<bool name="bEdgeCheck" value="false" refParamName="" useRefParam="false"/>
				<bool name="bExtraBuff" value="false" refParamName="" useRefParam="false"/>
				<int name="SelfSkillCombineID_1" value="0" refParamName="" useRefParam="false"/>
				<int name="SelfSkillCombineID_2" value="0" refParamName="" useRefParam="false"/>
				<int name="SelfSkillCombineID_3" value="0" refParamName="" useRefParam="false"/>
				<int name="TargetSkillCombine_1" value="126101" refParamName="" useRefParam="false"/>
				<bool name="TargetSkillLeaveRemove_1" value="false" refParamName="" useRefParam="false"/>
				<int name="TargetSkillCombine_2" value="126111" refParamName="" useRefParam="false"/>
				<bool name="TargetSkillLeaveRemove_2" value="false" refParamName="" useRefParam="false"/>
				<int name="TargetSkillCombine_3" value="0" refParamName="" useRefParam="false"/>
				<bool name="TargetSkillLeaveRemove_3" value="false" refParamName="" useRefParam="false"/>
				<bool name="bTriggerBullet" value="false" refParamName="" useRefParam="false"/>
				<String name="BulletActionName" value="" refParamName="" useRefParam="false"/>
				<bool name="bAgeImmeExcute" value="false" refParamName="" useRefParam="false"/>
				<bool name="bUseTriggerObj" value="true" refParamName="" useRefParam="false"/>
				<bool name="bForceUseTriggerObj" value="false" refParamName="" useRefParam="false"/>
				<bool name="bCheckSight" value="false" refParamName="" useRefParam="false"/>
				<bool name="bTriggerMode" value="false" refParamName="" useRefParam="false"/>
				<bool name="bTriggerBounceBullet" value="false" refParamName="" useRefParam="false"/>
				<bool name="bCheckSkillLevel" value="false" refParamName="" useRefParam="false"/>
				<Enum name="refSkillSlot" value="1" refParamName="" useRefParam="false">
					<uint name="普攻"/>
					<uint name="技能1"/>
					<uint name="技能2"/>
					<uint name="技能3"/>
					<uint name="技能4"/>
					<uint name="天赋技能"/>
					<uint name="回城"/>
					<uint name="饰品栏技能"/>
					<uint name=""/>
				</Enum>
				<int name="refSkillLevel" value="0" refParamName="" useRefParam="false"/>
				<Enum name="compareOPType" value="3" refParamName="" useRefParam="false">
					<uint name="不比较"/>
					<uint name="小于"/>
					<uint name="小等于"/>
					<uint name="等于"/>
					<uint name="大于"/>
					<uint name="大等于"/>
					<uint name=""/>
				</Enum>
				<bool name="bFilterMajorMonster" value="false" refParamName="" useRefParam="false"/>
				<bool name="bFilterMinorMonster" value="false" refParamName="" useRefParam="false"/>
				<bool name="bFilterSoldier" value="false" refParamName="" useRefParam="false"/>
				<bool name="bFilterOtherMonster" value="false" refParamName="" useRefParam="false"/>
				<bool name="bAddEffectCount" value="true" refParamName="" useRefParam="false"/>
				<bool name="bOverrideParam" value="false" refParamName="" useRefParam="false"/>
				<int name="buffOverrideParam1" value="0" refParamName="" useRefParam="false"/>
				<int name="buffOverrideParam2" value="0" refParamName="" useRefParam="false"/>
				<int name="buffOverrideParam3" value="0" refParamName="" useRefParam="false"/>
				<int name="buffOverrideParam4" value="0" refParamName="" useRefParam="false"/>
				<int name="buffOverrideParam5" value="0" refParamName="" useRefParam="false"/>
			</Event>
		</Track>
		<Track trackName="TriggerParticleTick3" eventType="TriggerParticleTick" guid="d7c5474a-3a6b-45e6-8d9d-9b687ffb0e29" enabled="true" refParamName="" useRefParam="false" r="0.000" g="0.667" b="1.000" execOnForceStopped="false" execOnActionCompleted="false" stopAfterLastEvent="true">
			<Event eventName="TriggerParticleTick" time="0.750" isDuration="false">
				<TemplateObject name="targetId" objectName="None" id="-1" isTemp="false" refParamName="" useRefParam="false"/>
				<TemplateObject name="objectSpaceId" objectName="self" id="0" isTemp="false" refParamName="" useRefParam="false"/>
				<uint name="RefLiteBulletID" value="0" refParamName="" useRefParam="false"/>
				<bool name="bDonotAttackToMesh" value="false" refParamName="" useRefParam="false"/>
				<String name="parentResourceName" value="" refParamName="" useRefParam="false"/>
				<String name="resourceName" value="prefab_skill_effects/Hero_Skill_Effects/126_XiaHouDun/12603/xiahoudun_attack_spell04" refParamName="" useRefParam="false"/>
				<String name="resourceName2" value="" refParamName="" useRefParam="false"/>
				<String name="resourceName3" value="" refParamName="" useRefParam="false"/>
				<float name="lifeTime" value="3.000" refParamName="" useRefParam="false"/>
				<bool name="dontShowIfNoBindPoint" value="false" refParamName="" useRefParam="false"/>
				<String name="bindPointName" value="" refParamName="" useRefParam="false"/>
				<bool name="bIsBindPosYRelateBeHitHeight" value="false" refParamName="" useRefParam="false"/>
				<Vector3 name="bindPosOffset" x="0.000" y="0.000" z="0.000" refParamName="" useRefParam="false"/>
				<EulerAngle name="bindRotOffset" x="0.000" y="0.000" z="0.000" refParamName="" useRefParam="false"/>
				<bool name="useScalingInt" value="false" refParamName="" useRefParam="false"/>
				<Vector3i name="scalingInt" x="10000" y="10000" z="10000" refParamName="" useRefParam="false"/>
				<bool name="bUseRealScaling" value="false" refParamName="" useRefParam="false"/>
				<bool name="bOnlyScaleRoot" value="false" refParamName="" useRefParam="false"/>
				<Vector3 name="scaling" x="1.000" y="1.000" z="1.000" refParamName="" useRefParam="false"/>
				<bool name="bEnableOptCull" value="true" refParamName="" useRefParam="false"/>
				<bool name="bBulletPos" value="false" refParamName="" useRefParam="false"/>
				<bool name="bBulletDir" value="true" refParamName="" useRefParam="false"/>
				<bool name="bBullerPosDir" value="false" refParamName="" useRefParam="false"/>
				<bool name="applyActionSpeedToAnimation" value="true" refParamName="" useRefParam="false"/>
				<bool name="bUseHeroLocalForward" value="false" refParamName="" useRefParam="false"/>
				<TemplateObject name="lookTargetId" objectName="None" id="-1" isTemp="false" refParamName="" useRefParam="false"/>
				<bool name="b1stTickParentRot" value="false" refParamName="" useRefParam="false"/>
				<bool name="enableMaxLimit" value="false" refParamName="" useRefParam="false"/>
				<bool name="applyActionSpeedToParticle" value="true" refParamName="" useRefParam="false"/>
				<int name="extend" value="10" refParamName="" useRefParam="false"/>
				<bool name="bOnlyFollowPos" value="false" refParamName="" useRefParam="false"/>
				<bool name="bRotateFollowCamera" value="false" refParamName="" useRefParam="false"/>
				<int name="particleScaleGrow" value="0" refParamName="" useRefParam="false"/>
				<Enum name="ReplacementUsage" value="0" refParamName="" useRefParam="false">
					<uint name="无"/>
					<uint name="回城特效"/>
					<uint name="击杀特效"/>
					<uint name="泉水加速特效"/>
				</Enum>
				<Enum name="ReplacementSubUsage" value="0" refParamName="" useRefParam="false">
					<uint name="无"/>
					<uint name="回城落地特效"/>
				</Enum>
				<bool name="bNoDynamicLod" value="false" refParamName="" useRefParam="false"/>
				<bool name="bMeshResouce" value="false" refParamName="" useRefParam="false"/>
				<bool name="bAllowEmptyEffect" value="false" refParamName="" useRefParam="false"/>
				<bool name="bActionCtrlObjs" value="false" refParamName="" useRefParam="false"/>
				<bool name="bInvisibleSelf" value="false" refParamName="" useRefParam="false"/>
				<bool name="bInvisibleEnemy" value="false" refParamName="" useRefParam="false"/>
				<bool name="bInvisibleTeamNotSelf" value="false" refParamName="" useRefParam="false"/>
				<bool name="bRandomRotation" value="false" refParamName="" useRefParam="false"/>
				<EulerAngle name="randRotBegin" x="0.000" y="0.000" z="0.000" refParamName="" useRefParam="false"/>
				<EulerAngle name="randRotEnd" x="0.000" y="0.000" z="0.000" refParamName="" useRefParam="false"/>
				<bool name="bUseTargetSkinEffect" value="false" refParamName="" useRefParam="false"/>
			</Event>
		</Track>
		<Track trackName="TriggerParticleTick3" eventType="TriggerParticleTick" guid="6b7b5930-40d4-4d84-9f15-715ccc12425e" enabled="false" refParamName="" useRefParam="false" r="0.000" g="1.000" b="0.633" execOnForceStopped="false" execOnActionCompleted="false" stopAfterLastEvent="true">
			<Event eventName="TriggerParticleTick" time="0.600" isDuration="false">
				<TemplateObject name="targetId" objectName="self" id="0" isTemp="false" refParamName="" useRefParam="false"/>
				<TemplateObject name="objectSpaceId" objectName="None" id="-1" isTemp="false" refParamName="" useRefParam="false"/>
				<uint name="RefLiteBulletID" value="0" refParamName="" useRefParam="false"/>
				<bool name="bDonotAttackToMesh" value="false" refParamName="" useRefParam="false"/>
				<String name="parentResourceName" value="" refParamName="" useRefParam="false"/>
				<String name="resourceName" value="prefab_skill_effects/Hero_Skill_Effects/126_XiaHouDun/xiahoudun_attack_spell05" refParamName="" useRefParam="false"/>
				<String name="resourceName2" value="" refParamName="" useRefParam="false"/>
				<String name="resourceName3" value="" refParamName="" useRefParam="false"/>
				<float name="lifeTime" value="3.000" refParamName="" useRefParam="false"/>
				<bool name="dontShowIfNoBindPoint" value="false" refParamName="" useRefParam="false"/>
				<String name="bindPointName" value="Bone027" refParamName="" useRefParam="false"/>
				<bool name="bIsBindPosYRelateBeHitHeight" value="false" refParamName="" useRefParam="false"/>
				<Vector3 name="bindPosOffset" x="-1.324" y="1.192" z="0.000" refParamName="" useRefParam="false"/>
				<EulerAngle name="bindRotOffset" x="0.000" y="0.000" z="-91.407" refParamName="" useRefParam="false"/>
				<bool name="useScalingInt" value="false" refParamName="" useRefParam="false"/>
				<Vector3i name="scalingInt" x="10000" y="10000" z="10000" refParamName="" useRefParam="false"/>
				<bool name="bUseRealScaling" value="false" refParamName="" useRefParam="false"/>
				<bool name="bOnlyScaleRoot" value="false" refParamName="" useRefParam="false"/>
				<Vector3 name="scaling" x="1.000" y="1.000" z="1.000" refParamName="" useRefParam="false"/>
				<bool name="bEnableOptCull" value="true" refParamName="" useRefParam="false"/>
				<bool name="bBulletPos" value="false" refParamName="" useRefParam="false"/>
				<bool name="bBulletDir" value="false" refParamName="" useRefParam="false"/>
				<bool name="bBullerPosDir" value="false" refParamName="" useRefParam="false"/>
				<bool name="applyActionSpeedToAnimation" value="true" refParamName="" useRefParam="false"/>
				<bool name="bUseHeroLocalForward" value="false" refParamName="" useRefParam="false"/>
				<TemplateObject name="lookTargetId" objectName="None" id="-1" isTemp="false" refParamName="" useRefParam="false"/>
				<bool name="b1stTickParentRot" value="false" refParamName="" useRefParam="false"/>
				<bool name="enableMaxLimit" value="false" refParamName="" useRefParam="false"/>
				<bool name="applyActionSpeedToParticle" value="true" refParamName="" useRefParam="false"/>
				<int name="extend" value="10" refParamName="" useRefParam="false"/>
				<bool name="bOnlyFollowPos" value="false" refParamName="" useRefParam="false"/>
				<bool name="bRotateFollowCamera" value="false" refParamName="" useRefParam="false"/>
				<int name="particleScaleGrow" value="0" refParamName="" useRefParam="false"/>
				<Enum name="ReplacementUsage" value="0" refParamName="" useRefParam="false">
					<uint name="无"/>
					<uint name="回城特效"/>
					<uint name="击杀特效"/>
					<uint name="泉水加速特效"/>
				</Enum>
				<Enum name="ReplacementSubUsage" value="0" refParamName="" useRefParam="false">
					<uint name="无"/>
					<uint name="回城落地特效"/>
				</Enum>
				<bool name="bNoDynamicLod" value="false" refParamName="" useRefParam="false"/>
				<bool name="bMeshResouce" value="false" refParamName="" useRefParam="false"/>
				<bool name="bAllowEmptyEffect" value="false" refParamName="" useRefParam="false"/>
				<bool name="bActionCtrlObjs" value="false" refParamName="" useRefParam="false"/>
				<bool name="bInvisibleSelf" value="false" refParamName="" useRefParam="false"/>
				<bool name="bInvisibleEnemy" value="false" refParamName="" useRefParam="false"/>
				<bool name="bInvisibleTeamNotSelf" value="false" refParamName="" useRefParam="false"/>
				<bool name="bRandomRotation" value="false" refParamName="" useRefParam="false"/>
				<EulerAngle name="randRotBegin" x="0.000" y="0.000" z="0.000" refParamName="" useRefParam="false"/>
				<EulerAngle name="randRotEnd" x="0.000" y="0.000" z="0.000" refParamName="" useRefParam="false"/>
				<bool name="bUseTargetSkinEffect" value="false" refParamName="" useRefParam="false"/>
			</Event>
		</Track>
		<Track trackName="CameraShakeDuration1" eventType="CameraShakeDuration" guid="90ab868d-dc0d-486b-ae66-7c2c8fc5c17b" enabled="true" refParamName="" useRefParam="false" r="0.000" g="1.000" b="0.250" execOnForceStopped="false" execOnActionCompleted="false" stopAfterLastEvent="true">
			<Event eventName="CameraShakeDuration" time="0.750" length="0.450" isDuration="true">
				<bool name="useMainCamera" value="true" refParamName="" useRefParam="false"/>
				<TemplateObject name="targetId" objectName="None" id="-1" isTemp="false" refParamName="" useRefParam="false"/>
				<Vector3 name="shakeRange" x="0.100" y="0.300" z="0.100" refParamName="" useRefParam="false"/>
				<bool name="filter_self" value="true" refParamName="" useRefParam="false"/>
				<bool name="filter_target" value="true" refParamName="" useRefParam="false"/>
				<bool name="filter_enemy" value="false" refParamName="" useRefParam="false"/>
				<bool name="filter_allies" value="false" refParamName="" useRefParam="false"/>
				<bool name="useAccumOffset" value="false" refParamName="" useRefParam="false"/>
				<bool name="cosDecay" value="false" refParamName="" useRefParam="false"/>
				<float name="cosDecayFactor" value="1.000" refParamName="" useRefParam="false"/>
				<bool name="canBeCover" value="false" refParamName="" useRefParam="false"/>
				<int name="frameRate" value="30" refParamName="" useRefParam="false"/>
				<bool name="bApplyToLocalSpace" value="false" refParamName="" useRefParam="false"/>
				<TemplateObject name="objectSpace" objectName="None" id="-1" isTemp="false" refParamName="" useRefParam="false"/>
				<bool name="bUseMoveSeq" value="false" refParamName="" useRefParam="false"/>
				<String name="moveSeq" value="" refParamName="" useRefParam="false"/>
				<bool name="bUseLerp" value="true" refParamName="" useRefParam="false"/>
				<bool name="bUseCustomCurveMode" value="false" refParamName="" useRefParam="false"/>
				<String name="curvesPath" value="" refParamName="" useRefParam="false"/>
			</Event>
		</Track>
		<Track trackName="TriggerParticle0" eventType="TriggerParticle" guid="2344376b-3b21-41bf-9b8a-203b95024ee4" enabled="true" refParamName="" useRefParam="false" r="0.000" g="1.000" b="0.433" execOnForceStopped="false" execOnActionCompleted="false" stopAfterLastEvent="true">
			<Condition id="0" guid="54d5f7d0-50e1-4991-a1e5-50911312e444" status="true"/>
			<Event eventName="TriggerParticle" time="0.000" length="0.750" isDuration="true">
				<TemplateObject name="targetId" objectName="None" id="-1" isTemp="false" refParamName="" useRefParam="false"/>
				<TemplateObject name="objectSpaceId" objectName="self" id="0" isTemp="false" refParamName="" useRefParam="false"/>
				<uint name="RefLiteBulletID" value="0" refParamName="" useRefParam="false"/>
				<String name="parentResourceName" value="" refParamName="" useRefParam="false"/>
				<String name="resourceName" value="prefab_skill_effects/Hero_Skill_Effects/126_XiaHouDun/12603/xiahoudun_attack_spell01" refParamName="" useRefParam="false"/>
				<String name="resourceName2" value="" refParamName="" useRefParam="false"/>
				<String name="resourceName3" value="" refParamName="" useRefParam="false"/>
				<bool name="dontShowIfNoBindPoint" value="false" refParamName="" useRefParam="false"/>
				<String name="bindPointName" value="" refParamName="" useRefParam="false"/>
				<bool name="bIsBindPosYRelateBeHitHeight" value="false" refParamName="" useRefParam="false"/>
				<Vector3 name="bindPosOffset" x="0.000" y="0.300" z="0.000" refParamName="" useRefParam="false"/>
				<bool name="bBindPosOffsetInWorldSpace" value="false" refParamName="" useRefParam="false"/>
				<EulerAngle name="bindRotOffset" x="0.000" y="0.000" z="0.000" refParamName="" useRefParam="false"/>
				<bool name="useScalingInt" value="false" refParamName="" useRefParam="false"/>
				<Vector3i name="scalingInt" x="10000" y="10000" z="10000" refParamName="" useRefParam="false"/>
				<bool name="bUseRealScaling" value="false" refParamName="" useRefParam="false"/>
				<bool name="bOnlyScaleRoot" value="false" refParamName="" useRefParam="false"/>
				<Vector3 name="scaling" x="1.200" y="1.000" z="1.000" refParamName="" useRefParam="false"/>
				<bool name="bHeroEffect" value="false" refParamName="" useRefParam="false"/>
				<bool name="bEnableOptCull" value="false" refParamName="" useRefParam="false"/>
				<bool name="bBulletPos" value="false" refParamName="" useRefParam="false"/>
				<bool name="bBulletDir" value="false" refParamName="" useRefParam="false"/>
				<bool name="bBullerPosDir" value="false" refParamName="" useRefParam="false"/>
				<bool name="bAlwaysLookTarget" value="false" refParamName="" useRefParam="false"/>
				<bool name="applyActionSpeedToAnimation" value="false" refParamName="" useRefParam="false"/>
				<bool name="bLookTarget" value="false" refParamName="" useRefParam="false"/>
				<TemplateObject name="lookTargetId" objectName="None" id="-1" isTemp="false" refParamName="" useRefParam="false"/>
				<bool name="b1stTickParentRot" value="false" refParamName="" useRefParam="false"/>
				<bool name="bIgnoreWhenHideModel" value="false" refParamName="" useRefParam="false"/>
				<bool name="applyActionSpeedToParticle" value="true" refParamName="" useRefParam="false"/>
				<int name="extend" value="10" refParamName="" useRefParam="false"/>
				<bool name="bOnlyFollowPos" value="false" refParamName="" useRefParam="false"/>
				<bool name="bReplayWhenChangeMesh" value="false" refParamName="" useRefParam="false"/>
				<bool name="bTrailProtect" value="false" refParamName="" useRefParam="false"/>
				<bool name="bKeepChildScale" value="false" refParamName="" useRefParam="false"/>
				<int name="iDelayDisappearTime" value="0" refParamName="" useRefParam="false"/>
				<bool name="bHideWhenDead" value="true" refParamName="" useRefParam="false"/>
				<bool name="bRotateFollowCamera" value="false" refParamName="" useRefParam="false"/>
				<int name="particleScaleGrow" value="0" refParamName="" useRefParam="false"/>
				<bool name="enableMaxFollowTime" value="false" refParamName="" useRefParam="false"/>
				<float name="maxFollowTime" value="0.000" refParamName="" useRefParam="false"/>
				<bool name="bindOnHUD" value="false" refParamName="" useRefParam="false"/>
				<Enum name="showInStatus" value="0" refParamName="" useRefParam="false">
					<uint name="任意状态"/>
					<uint name="Idle状态"/>
					<uint name="移动状态"/>
					<uint name="死亡状态"/>
					<uint name="其他状态"/>
					<uint name="脱战状态"/>
					<uint name="战斗状态"/>
					<uint name="非隐藏在草丛"/>
					<uint name="隐藏在草丛"/>
				</Enum>
				<bool name="bExcludeSpecialActor" value="true" refParamName="" useRefParam="false"/>
				<Enum name="ReplacementUsage" value="0" refParamName="" useRefParam="false">
					<uint name="无"/>
					<uint name="回城特效"/>
					<uint name="击杀特效"/>
					<uint name="泉水加速特效"/>
				</Enum>
				<Enum name="ReplacementSubUsage" value="0" refParamName="" useRefParam="false">
					<uint name="无"/>
					<uint name="回城落地特效"/>
				</Enum>
				<bool name="bNoDynamicLod" value="false" refParamName="" useRefParam="false"/>
				<bool name="bMeshResouce" value="false" refParamName="" useRefParam="false"/>
				<bool name="bAllowEmptyEffect" value="false" refParamName="" useRefParam="false"/>
				<bool name="bSpecialBuffEffect" value="false" refParamName="" useRefParam="false"/>
				<bool name="bActionCtrlObjs" value="false" refParamName="" useRefParam="false"/>
				<bool name="bLayOnNavMesh" value="false" refParamName="" useRefParam="false"/>
				<bool name="bInvisibleSelf" value="false" refParamName="" useRefParam="false"/>
				<bool name="bInvisibleEnemy" value="false" refParamName="" useRefParam="false"/>
				<bool name="bInvisibleTeamNotSelf" value="false" refParamName="" useRefParam="false"/>
				<bool name="bInvisibleEnemyForTarget" value="false" refParamName="" useRefParam="false"/>
				<String name="syncAnimationName" value="" refParamName="" useRefParam="false"/>
				<bool name="bUse3DUICamera" value="false" refParamName="" useRefParam="false"/>
				<bool name="bUseTargetSkinEffect" value="false" refParamName="" useRefParam="false"/>
			</Event>
		</Track>
		<Track trackName="TriggerParticle0" eventType="TriggerParticle" guid="7e9acd20-06fb-467a-81a9-5e4bead9922b" enabled="true" refParamName="" useRefParam="false" r="1.000" g="0.483" b="0.000" execOnForceStopped="false" execOnActionCompleted="false" stopAfterLastEvent="true">
			<Condition id="1" guid="9b13184c-f570-41b2-8ed9-0e6e7004cd4a" status="true"/>
			<Event eventName="TriggerParticle" time="0.000" length="0.750" isDuration="true">
				<TemplateObject name="targetId" objectName="None" id="-1" isTemp="false" refParamName="" useRefParam="false"/>
				<TemplateObject name="objectSpaceId" objectName="self" id="0" isTemp="false" refParamName="" useRefParam="false"/>
				<uint name="RefLiteBulletID" value="0" refParamName="" useRefParam="false"/>
				<String name="parentResourceName" value="" refParamName="" useRefParam="false"/>
				<String name="resourceName" value="prefab_skill_effects/Hero_Skill_Effects/126_XiaHouDun/12603/xiahoudun_attack_spell01_difang" refParamName="" useRefParam="false"/>
				<String name="resourceName2" value="" refParamName="" useRefParam="false"/>
				<String name="resourceName3" value="" refParamName="" useRefParam="false"/>
				<bool name="dontShowIfNoBindPoint" value="false" refParamName="" useRefParam="false"/>
				<String name="bindPointName" value="" refParamName="" useRefParam="false"/>
				<bool name="bIsBindPosYRelateBeHitHeight" value="false" refParamName="" useRefParam="false"/>
				<Vector3 name="bindPosOffset" x="0.000" y="0.300" z="0.000" refParamName="" useRefParam="false"/>
				<bool name="bBindPosOffsetInWorldSpace" value="false" refParamName="" useRefParam="false"/>
				<EulerAngle name="bindRotOffset" x="0.000" y="0.000" z="0.000" refParamName="" useRefParam="false"/>
				<bool name="useScalingInt" value="false" refParamName="" useRefParam="false"/>
				<Vector3i name="scalingInt" x="10000" y="10000" z="10000" refParamName="" useRefParam="false"/>
				<bool name="bUseRealScaling" value="false" refParamName="" useRefParam="false"/>
				<bool name="bOnlyScaleRoot" value="false" refParamName="" useRefParam="false"/>
				<Vector3 name="scaling" x="1.200" y="1.000" z="1.000" refParamName="" useRefParam="false"/>
				<bool name="bHeroEffect" value="false" refParamName="" useRefParam="false"/>
				<bool name="bEnableOptCull" value="false" refParamName="" useRefParam="false"/>
				<bool name="bBulletPos" value="false" refParamName="" useRefParam="false"/>
				<bool name="bBulletDir" value="false" refParamName="" useRefParam="false"/>
				<bool name="bBullerPosDir" value="false" refParamName="" useRefParam="false"/>
				<bool name="bAlwaysLookTarget" value="false" refParamName="" useRefParam="false"/>
				<bool name="applyActionSpeedToAnimation" value="false" refParamName="" useRefParam="false"/>
				<bool name="bLookTarget" value="false" refParamName="" useRefParam="false"/>
				<TemplateObject name="lookTargetId" objectName="None" id="-1" isTemp="false" refParamName="" useRefParam="false"/>
				<bool name="b1stTickParentRot" value="false" refParamName="" useRefParam="false"/>
				<bool name="bIgnoreWhenHideModel" value="false" refParamName="" useRefParam="false"/>
				<bool name="applyActionSpeedToParticle" value="true" refParamName="" useRefParam="false"/>
				<int name="extend" value="10" refParamName="" useRefParam="false"/>
				<bool name="bOnlyFollowPos" value="false" refParamName="" useRefParam="false"/>
				<bool name="bReplayWhenChangeMesh" value="false" refParamName="" useRefParam="false"/>
				<bool name="bTrailProtect" value="false" refParamName="" useRefParam="false"/>
				<bool name="bKeepChildScale" value="false" refParamName="" useRefParam="false"/>
				<int name="iDelayDisappearTime" value="0" refParamName="" useRefParam="false"/>
				<bool name="bHideWhenDead" value="true" refParamName="" useRefParam="false"/>
				<bool name="bRotateFollowCamera" value="false" refParamName="" useRefParam="false"/>
				<int name="particleScaleGrow" value="0" refParamName="" useRefParam="false"/>
				<bool name="enableMaxFollowTime" value="false" refParamName="" useRefParam="false"/>
				<float name="maxFollowTime" value="0.000" refParamName="" useRefParam="false"/>
				<bool name="bindOnHUD" value="false" refParamName="" useRefParam="false"/>
				<Enum name="showInStatus" value="0" refParamName="" useRefParam="false">
					<uint name="任意状态"/>
					<uint name="Idle状态"/>
					<uint name="移动状态"/>
					<uint name="死亡状态"/>
					<uint name="其他状态"/>
					<uint name="脱战状态"/>
					<uint name="战斗状态"/>
					<uint name="非隐藏在草丛"/>
					<uint name="隐藏在草丛"/>
				</Enum>
				<bool name="bExcludeSpecialActor" value="true" refParamName="" useRefParam="false"/>
				<Enum name="ReplacementUsage" value="0" refParamName="" useRefParam="false">
					<uint name="无"/>
					<uint name="回城特效"/>
					<uint name="击杀特效"/>
					<uint name="泉水加速特效"/>
				</Enum>
				<Enum name="ReplacementSubUsage" value="0" refParamName="" useRefParam="false">
					<uint name="无"/>
					<uint name="回城落地特效"/>
				</Enum>
				<bool name="bNoDynamicLod" value="false" refParamName="" useRefParam="false"/>
				<bool name="bMeshResouce" value="false" refParamName="" useRefParam="false"/>
				<bool name="bAllowEmptyEffect" value="false" refParamName="" useRefParam="false"/>
				<bool name="bSpecialBuffEffect" value="false" refParamName="" useRefParam="false"/>
				<bool name="bActionCtrlObjs" value="false" refParamName="" useRefParam="false"/>
				<bool name="bLayOnNavMesh" value="false" refParamName="" useRefParam="false"/>
				<bool name="bInvisibleSelf" value="false" refParamName="" useRefParam="false"/>
				<bool name="bInvisibleEnemy" value="false" refParamName="" useRefParam="false"/>
				<bool name="bInvisibleTeamNotSelf" value="false" refParamName="" useRefParam="false"/>
				<bool name="bInvisibleEnemyForTarget" value="false" refParamName="" useRefParam="false"/>
				<String name="syncAnimationName" value="" refParamName="" useRefParam="false"/>
				<bool name="bUse3DUICamera" value="false" refParamName="" useRefParam="false"/>
				<bool name="bUseTargetSkinEffect" value="false" refParamName="" useRefParam="false"/>
			</Event>
		</Track>
		<Track trackName="TriggerParticle0" eventType="TriggerParticle" guid="c654c656-3dd4-4f45-87d0-fe06cca31b16" enabled="true" refParamName="" useRefParam="false" r="0.633" g="0.000" b="1.000" execOnForceStopped="false" execOnActionCompleted="false" stopAfterLastEvent="true">
			<Event eventName="TriggerParticle" time="0.000" length="0.750" isDuration="true">
				<TemplateObject name="targetId" objectName="self" id="0" isTemp="false" refParamName="" useRefParam="false"/>
				<TemplateObject name="objectSpaceId" objectName="None" id="-1" isTemp="false" refParamName="" useRefParam="false"/>
				<uint name="RefLiteBulletID" value="0" refParamName="" useRefParam="false"/>
				<String name="parentResourceName" value="" refParamName="" useRefParam="false"/>
				<String name="resourceName" value="prefab_skill_effects/Hero_Skill_Effects/126_XiaHouDun/12603/xiahoudun_attack_spell02" refParamName="" useRefParam="false"/>
				<String name="resourceName2" value="" refParamName="" useRefParam="false"/>
				<String name="resourceName3" value="" refParamName="" useRefParam="false"/>
				<bool name="dontShowIfNoBindPoint" value="false" refParamName="" useRefParam="false"/>
				<String name="bindPointName" value="Bip001 Prop1" refParamName="" useRefParam="false"/>
				<bool name="bIsBindPosYRelateBeHitHeight" value="false" refParamName="" useRefParam="false"/>
				<Vector3 name="bindPosOffset" x="-1.324" y="1.192" z="0.000" refParamName="" useRefParam="false"/>
				<bool name="bBindPosOffsetInWorldSpace" value="false" refParamName="" useRefParam="false"/>
				<EulerAngle name="bindRotOffset" x="0.000" y="0.000" z="-91.407" refParamName="" useRefParam="false"/>
				<bool name="useScalingInt" value="false" refParamName="" useRefParam="false"/>
				<Vector3i name="scalingInt" x="10000" y="10000" z="10000" refParamName="" useRefParam="false"/>
				<bool name="bUseRealScaling" value="false" refParamName="" useRefParam="false"/>
				<bool name="bOnlyScaleRoot" value="false" refParamName="" useRefParam="false"/>
				<Vector3 name="scaling" x="1.000" y="1.000" z="1.000" refParamName="" useRefParam="false"/>
				<bool name="bHeroEffect" value="false" refParamName="" useRefParam="false"/>
				<bool name="bEnableOptCull" value="false" refParamName="" useRefParam="false"/>
				<bool name="bBulletPos" value="false" refParamName="" useRefParam="false"/>
				<bool name="bBulletDir" value="false" refParamName="" useRefParam="false"/>
				<bool name="bBullerPosDir" value="false" refParamName="" useRefParam="false"/>
				<bool name="bAlwaysLookTarget" value="false" refParamName="" useRefParam="false"/>
				<bool name="applyActionSpeedToAnimation" value="false" refParamName="" useRefParam="false"/>
				<bool name="bLookTarget" value="false" refParamName="" useRefParam="false"/>
				<TemplateObject name="lookTargetId" objectName="None" id="-1" isTemp="false" refParamName="" useRefParam="false"/>
				<bool name="b1stTickParentRot" value="false" refParamName="" useRefParam="false"/>
				<bool name="bIgnoreWhenHideModel" value="false" refParamName="" useRefParam="false"/>
				<bool name="applyActionSpeedToParticle" value="true" refParamName="" useRefParam="false"/>
				<int name="extend" value="10" refParamName="" useRefParam="false"/>
				<bool name="bOnlyFollowPos" value="false" refParamName="" useRefParam="false"/>
				<bool name="bReplayWhenChangeMesh" value="false" refParamName="" useRefParam="false"/>
				<bool name="bTrailProtect" value="false" refParamName="" useRefParam="false"/>
				<bool name="bKeepChildScale" value="false" refParamName="" useRefParam="false"/>
				<int name="iDelayDisappearTime" value="0" refParamName="" useRefParam="false"/>
				<bool name="bHideWhenDead" value="true" refParamName="" useRefParam="false"/>
				<bool name="bRotateFollowCamera" value="false" refParamName="" useRefParam="false"/>
				<int name="particleScaleGrow" value="0" refParamName="" useRefParam="false"/>
				<bool name="enableMaxFollowTime" value="false" refParamName="" useRefParam="false"/>
				<float name="maxFollowTime" value="0.000" refParamName="" useRefParam="false"/>
				<bool name="bindOnHUD" value="false" refParamName="" useRefParam="false"/>
				<Enum name="showInStatus" value="0" refParamName="" useRefParam="false">
					<uint name="任意状态"/>
					<uint name="Idle状态"/>
					<uint name="移动状态"/>
					<uint name="死亡状态"/>
					<uint name="其他状态"/>
					<uint name="脱战状态"/>
					<uint name="战斗状态"/>
					<uint name="非隐藏在草丛"/>
					<uint name="隐藏在草丛"/>
				</Enum>
				<bool name="bExcludeSpecialActor" value="true" refParamName="" useRefParam="false"/>
				<Enum name="ReplacementUsage" value="0" refParamName="" useRefParam="false">
					<uint name="无"/>
					<uint name="回城特效"/>
					<uint name="击杀特效"/>
					<uint name="泉水加速特效"/>
				</Enum>
				<Enum name="ReplacementSubUsage" value="0" refParamName="" useRefParam="false">
					<uint name="无"/>
					<uint name="回城落地特效"/>
				</Enum>
				<bool name="bNoDynamicLod" value="false" refParamName="" useRefParam="false"/>
				<bool name="bMeshResouce" value="false" refParamName="" useRefParam="false"/>
				<bool name="bAllowEmptyEffect" value="false" refParamName="" useRefParam="false"/>
				<bool name="bSpecialBuffEffect" value="false" refParamName="" useRefParam="false"/>
				<bool name="bActionCtrlObjs" value="false" refParamName="" useRefParam="false"/>
				<bool name="bLayOnNavMesh" value="false" refParamName="" useRefParam="false"/>
				<bool name="bInvisibleSelf" value="false" refParamName="" useRefParam="false"/>
				<bool name="bInvisibleEnemy" value="false" refParamName="" useRefParam="false"/>
				<bool name="bInvisibleTeamNotSelf" value="false" refParamName="" useRefParam="false"/>
				<bool name="bInvisibleEnemyForTarget" value="false" refParamName="" useRefParam="false"/>
				<String name="syncAnimationName" value="" refParamName="" useRefParam="false"/>
				<bool name="bUse3DUICamera" value="false" refParamName="" useRefParam="false"/>
				<bool name="bUseTargetSkinEffect" value="false" refParamName="" useRefParam="false"/>
			</Event>
		</Track>
		<Track trackName="SkillUseCacheTick0" eventType="SkillUseCacheTick" guid="ce3f8cd0-1dba-431d-a723-90c4bab2e9b4" enabled="true" refParamName="" useRefParam="false" r="0.750" g="0.000" b="1.000" execOnForceStopped="false" execOnActionCompleted="false" stopAfterLastEvent="true">
			<Event eventName="SkillUseCacheTick" time="1.000" isDuration="false">
				<TemplateObject name="targetId" objectName="self" id="0" isTemp="false" refParamName="" useRefParam="false"/>
				<bool name="excuteMoveCmd" value="false" refParamName="" useRefParam="false"/>
				<bool name="immediaRotate" value="false" refParamName="" useRefParam="false"/>
			</Event>
		</Track>
		<Track trackName="PlayHeroSoundTick32" eventType="PlayHeroSoundTick" guid="80ae8384-d3c3-4877-9e3b-4cf5b2a0755f" enabled="true" refParamName="" useRefParam="false" r="0.567" g="1.000" b="0.000" execOnForceStopped="false" execOnActionCompleted="false" stopAfterLastEvent="true">
			<Event eventName="PlayHeroSoundTick" time="0.000" isDuration="false">
				<TemplateObject name="targetId" objectName="self" id="0" isTemp="false" refParamName="" useRefParam="false"/>
				<TemplateObject name="sourceId" objectName="self" id="0" isTemp="false" refParamName="" useRefParam="false"/>
				<String name="eventName" value="Play_126_Arduin_Skill_A_Attack_Skin3" refParamName="" useRefParam="false"/>
				<bool name="use1P3PSwitch" value="true" refParamName="" useRefParam="false"/>
				<bool name="useSkinSwitch" value="true" refParamName="" useRefParam="false"/>
				<Array name="extraSkinId" refParamName="" useRefParam="false" type="uint"/>
			</Event>
		</Track>
		<Track trackName="ChangeSkillTriggerTick0" eventType="ChangeSkillTriggerTick" guid="4e252270-767c-48ca-bdeb-2848a6f7cd62" enabled="true" refParamName="" useRefParam="false" r="1.000" g="0.033" b="0.000" execOnForceStopped="false" execOnActionCompleted="false" stopAfterLastEvent="true">
			<Event eventName="ChangeSkillTriggerTick" time="0.000" isDuration="false">
				<TemplateObject name="targetId" objectName="self" id="0" isTemp="false" refParamName="" useRefParam="false"/>
				<bool name="bCurrentSkill" value="false" refParamName="" useRefParam="false"/>
				<Enum name="slotType" value="1" refParamName="" useRefParam="false">
					<uint name="普通"/>
					<uint name="技能1"/>
					<uint name="技能2"/>
					<uint name="技能3"/>
					<uint name="技能4"/>
				</Enum>
				<int name="effectTime" value="0" refParamName="" useRefParam="false"/>
				<int name="changeSkillID" value="12610" refParamName="" useRefParam="false"/>
				<int name="changeSkillID2" value="0" refParamName="" useRefParam="false"/>
				<int name="changeSkillID3" value="0" refParamName="" useRefParam="false"/>
				<int name="changeSkillID4" value="0" refParamName="" useRefParam="false"/>
				<bool name="bUseCombo" value="true" refParamName="" useRefParam="false"/>
				<int name="changeSkillID1Probability" value="100" refParamName="" useRefParam="false"/>
				<int name="changeSkillID2Probability" value="100" refParamName="" useRefParam="false"/>
				<int name="changeSkillID3Probability" value="100" refParamName="" useRefParam="false"/>
				<bool name="bUseSkillLevel" value="false" refParamName="" useRefParam="false"/>
				<int name="changeSkillID4Probability" value="100" refParamName="" useRefParam="false"/>
				<int name="recoverSkillID" value="12610" refParamName="" useRefParam="false"/>
				<bool name="bCheckCondition" value="false" refParamName="" useRefParam="false"/>
				<bool name="bOvertimeCD" value="true" refParamName="" useRefParam="false"/>
				<bool name="bSendEvent" value="true" refParamName="" useRefParam="false"/>
				<bool name="bAbort" value="true" refParamName="" useRefParam="false"/>
				<bool name="bUseStop" value="true" refParamName="" useRefParam="false"/>
				<TemplateObject name="attackTargetId" objectName="None" id="-1" isTemp="false" refParamName="" useRefParam="false"/>
				<bool name="unIntiSkillSlotIfSkillIDNULL" value="false" refParamName="" useRefParam="false"/>
				<Enum name="refSkillSlot" value="1" refParamName="" useRefParam="false">
					<uint name="普攻"/>
					<uint name="技能1"/>
					<uint name="技能2"/>
					<uint name="技能3"/>
					<uint name="技能4"/>
					<uint name="天赋技能"/>
					<uint name="回城"/>
					<uint name="饰品栏技能"/>
					<uint name=""/>
				</Enum>
				<int name="level0Id" value="0" refParamName="" useRefParam="false"/>
				<int name="level1Id" value="0" refParamName="" useRefParam="false"/>
				<int name="level2Id" value="0" refParamName="" useRefParam="false"/>
				<int name="level3Id" value="0" refParamName="" useRefParam="false"/>
				<int name="level4Id" value="0" refParamName="" useRefParam="false"/>
				<int name="level5Id" value="0" refParamName="" useRefParam="false"/>
				<int name="level6Id" value="0" refParamName="" useRefParam="false"/>
				<bool name="bOtherSkillAbort" value="false" refParamName="" useRefParam="false"/>
			</Event>
		</Track>
		<Track trackName="SkillTimerProcessBarDuration3" eventType="SkillTimerProcessBarDuration" guid="b6aba1c8-407b-4f21-8ae4-16527ca06df9" enabled="false" refParamName="" useRefParam="false" r="0.000" g="0.200" b="1.000" execOnForceStopped="false" execOnActionCompleted="false" stopAfterLastEvent="true">
			<Event eventName="SkillTimerProcessBarDuration" time="0.000" length="0.750" isDuration="true">
				<TemplateObject name="targetId" objectName="self" id="0" isTemp="false" refParamName="" useRefParam="false"/>
				<Enum name="timerBarStyle" value="0" refParamName="" useRefParam="false">
					<uint name="普通"/>
					<uint name="蓄力"/>
				</Enum>
				<int name="CriticalPointTimePercent" value="0" refParamName="" useRefParam="false"/>
				<bool name="applyActionSpeed" value="false" refParamName="" useRefParam="false"/>
			</Event>
		</Track>
		<Track trackName="CommonSkillProcessBarDuration0" eventType="CommonSkillProcessBarDuration" guid="14ddfd98-436e-4d25-9031-e3e27cbc6ae6" enabled="true" refParamName="" useRefParam="false" r="0.600" g="0.000" b="1.000" execOnForceStopped="false" execOnActionCompleted="false" stopAfterLastEvent="true">
			<Event eventName="CommonSkillProcessBarDuration" time="0.000" length="0.750" isDuration="true">
				<TemplateObject name="targetId" objectName="self" id="0" isTemp="false" refParamName="" useRefParam="false"/>
				<int name="width" value="150" refParamName="" useRefParam="false"/>
				<bool name="useCurrentSkillName" value="true" refParamName="" useRefParam="false"/>
				<String name="skillNameTextKey" value="" refParamName="" useRefParam="false"/>
			</Event>
		</Track>
	</Action>
</Project>

