﻿<?xml version="1.0" encoding="utf-8"?>
<Project>
	<TemplateObjectList>
		<TemplateObject objectName="攻击者" id="0" isTemp="false" />
		<TemplateObject objectName="target" id="1" isTemp="false" />
	</TemplateObjectList>
	<RefParamList />
	<Action tag="" length="0.200" loop="false">
		<Track trackName="TriggerParticleTick3" eventType="TriggerParticleTick" guid="16e072f9-91e0-4dec-9d74-29de830b42fa" enabled="true" useRefParam="false" refParamName="" r="0.000" g="1.000" b="0.083" execOnForceStopped="false" execOnActionCompleted="false" stopAfterLastEvent="true">
			<Event eventName="TriggerParticleTick" time="0.000" isDuration="false">
				<TemplateObject name="targetId" objectName="None" id="-1" isTemp="false" refParamName="" useRefParam="false" />
				<TemplateObject name="objectSpaceId" objectName="target" id="1" isTemp="false" refParamName="" useRefParam="false" />
				<TemplateObject name="VirtualAttachBulletId" objectName="None" id="-1" isTemp="false" refParamName="" useRefParam="false" />
				<String name="resourceName" value="prefab_skill_effects/hero_skill_effects/199_Li/19904/li_hurt03" refParamName="" useRefParam="false" />
				<float name="lifeTime" value="1.000" refParamName="" useRefParam="false" />
				<String name="bindPointName" value="" refParamName="" useRefParam="false" />
				<Vector3 name="bindPosOffset" x="0.000" y="1.000" z="0.000" refParamName="" useRefParam="false" />
				<EulerAngle name="bindRotOffset" x="0.000" y="0.000" z="0.000" refParamName="" useRefParam="false" />
				<Vector3 name="scaling" x="1.000" y="1.000" z="1.000" refParamName="" useRefParam="false" />
				<bool name="bEnableOptCull" value="true" refParamName="" useRefParam="false" />
				<bool name="enableLayer" value="false" refParamName="" useRefParam="false" />
				<bool name="bBulletPos" value="false" refParamName="" useRefParam="false" />
				<bool name="bBulletDir" value="false" refParamName="" useRefParam="false" />
				<bool name="bBulletMovingDir" value="false" refParamName="" useRefParam="false" />
				<bool name="bBullerPosDir" value="false" refParamName="" useRefParam="false" />
				<bool name="bUseIndicatorDir" value="false" refParamName="" useRefParam="false" />
				<int name="layer" value="0" refParamName="" useRefParam="false" />
				<bool name="enableTag" value="false" refParamName="" useRefParam="false" />
				<String name="tag" value="" refParamName="" useRefParam="false" />
				<bool name="enableMaxLimit" value="false" refParamName="" useRefParam="false" />
				<int name="MaxLimit" value="10" refParamName="" useRefParam="false" />
				<int name="LimitType" value="-1" refParamName="" useRefParam="false" />
				<bool name="applyActionSpeedToParticle" value="true" refParamName="" useRefParam="false" />
				<int name="extend" value="10" refParamName="" useRefParam="false" />
				<bool name="bUseSkin" value="true" refParamName="" useRefParam="false" />
				<int name="particleScaleGrow" value="0" refParamName="" useRefParam="false" />
				<int name="particleScaleGrowAffectedByEnergy" value="0" refParamName="" useRefParam="false" />
			</Event>
		</Track>
		<Track trackName="SkillFuncInstant0" eventType="SkillFuncInstant" guid="69e7e27d-8e8b-4d29-95c9-400601be5ed5" enabled="false" useRefParam="false" refParamName="" r="0.000" g="1.000" b="0.083" execOnForceStopped="false" execOnActionCompleted="false" stopAfterLastEvent="true">
			<Event eventName="SkillFuncInstant" time="0.000" isDuration="false">
				<Enum name="SkillFuncType" value="0" refParamName="" useRefParam="false">
					<uint name="物理伤害" />
					<uint name="法术伤害" />
					<uint name="真实伤害" />
					<uint name="回复生命值" />
					<uint name="增加攻击速度" />
					<uint name="减少攻击速度" />
					<uint name="增加移动速度" />
					<uint name="减少移动速度" />
					<uint name="提高攻击力" />
					<uint name="降低攻击力" />
					<uint name="吸血" />
				</Enum>
			</Event>
		</Track>
		<Track trackName="PlayHeroSoundTick16" eventType="PlayHeroSoundTick" guid="893484f2-7a09-446a-8890-078abe6b6eb9" enabled="true" useRefParam="false" refParamName="" r="0.317" g="0.000" b="1.000" execOnForceStopped="false" execOnActionCompleted="false" stopAfterLastEvent="true">
			<Event eventName="PlayHeroSoundTick" time="0.000" isDuration="false">
				<TemplateObject name="targetId" objectName="target" id="1" isTemp="false" refParamName="" useRefParam="false" />
				<String name="eventName" value="Play_GongSunLi_Skill_C_Hit" refParamName="" useRefParam="false" />
				<String name="eventName2D" value="" refParamName="" useRefParam="false" />
				<bool name="bPlayInvisible" value="false" refParamName="" useRefParam="false" />
			</Event>
		</Track>
		<Track trackName="SkillFuncInstant0" eventType="SkillFuncInstant" guid="ee46bf65-0aa0-4076-a2b2-82327cf4d472" enabled="true" useRefParam="false" refParamName="" r="0.650" g="0.000" b="1.000" execOnForceStopped="false" execOnActionCompleted="false" stopAfterLastEvent="true">
			<Event eventName="SkillFuncInstant" time="0.000" isDuration="false">
				<Enum name="SkillFuncType" value="1" refParamName="" useRefParam="false">
					<uint name="物理伤害" />
					<uint name="法术伤害" />
					<uint name="真实伤害" />
					<uint name="回复生命值" />
					<uint name="增加攻击速度" />
					<uint name="减少攻击速度" />
					<uint name="增加移动速度" />
					<uint name="减少移动速度" />
					<uint name="提高攻击力" />
					<uint name="降低攻击力" />
					<uint name="吸血" />
				</Enum>
			</Event>
		</Track>
	</Action>
</Project>