<?xml version="1.0" encoding="utf-8"?>
<Project>
	<TemplateObjectList>
		<TemplateObject objectName="self" id="0" isTemp="false"/>
		<TemplateObject objectName="target" id="1" isTemp="false"/>
	</TemplateObjectList>
	<RefParamList>
		<Vector3i name="_BulletDir" x="0" y="0" z="0" refParamName="" useRefParam="false"/>
	</RefParamList>
	<Action tag="" length="0.100" loop="false">
		<Track trackName="FilterTargetType0" eventType="FilterTargetType" guid="efdb163c-b41c-4d39-b682-49e0e463281a" enabled="true" useRefParam="false" refParamName="" r="1.000" g="0.000" b="0.717" execOnForceStopped="false" execOnActionCompleted="false" stopAfterLastEvent="true">
			<Event eventName="FilterTargetType" time="0.000" isDuration="false">
				<TemplateObject name="targetId" objectName="target" id="1" isTemp="false" refParamName="" useRefParam="false"/>
				<bool name="bFilterHero" value="true" refParamName="" useRefParam="false"/>
				<bool name="bFilterMonter" value="false" refParamName="" useRefParam="false"/>
				<bool name="bFilterBoss" value="false" refParamName="" useRefParam="false"/>
				<bool name="bFilterChest" value="false" refParamName="" useRefParam="false"/>
				<bool name="bFilterOrgan" value="true" refParamName="" useRefParam="false"/>
				<bool name="bFilterEye" value="false" refParamName="" useRefParam="false"/>
				<bool name="bFilterSameCamp" value="false" refParamName="" useRefParam="false"/>
				<bool name="bFilterDiffCamp" value="false" refParamName="" useRefParam="false"/>
				<bool name="bOnlySelf" value="false" refParamName="" useRefParam="false"/>
				<bool name="bOnlyHostHero" value="false" refParamName="" useRefParam="false"/>
				<Enum name="attackType" value="0" refParamName="" useRefParam="false">
					<uint name="所有英雄"/>
					<uint name="近战英雄"/>
					<uint name="远程英雄"/>
				</Enum>
				<bool name="bImmediateRevive" value="false" refParamName="" useRefParam="false"/>
			</Event>
		</Track>
		<Track trackName="FilterTargetType1" eventType="FilterTargetType" guid="f3326b24-ca54-4b5a-94cd-b1293d7cca6e" enabled="true" useRefParam="false" refParamName="" r="0.000" g="1.000" b="0.483" execOnForceStopped="false" execOnActionCompleted="false" stopAfterLastEvent="true">
			<Event eventName="FilterTargetType" time="0.000" isDuration="false">
				<TemplateObject name="targetId" objectName="target" id="1" isTemp="false" refParamName="" useRefParam="false"/>
				<bool name="bFilterHero" value="false" refParamName="" useRefParam="false"/>
				<bool name="bFilterMonter" value="false" refParamName="" useRefParam="false"/>
				<bool name="bFilterBoss" value="false" refParamName="" useRefParam="false"/>
				<bool name="bFilterChest" value="false" refParamName="" useRefParam="false"/>
				<bool name="bFilterOrgan" value="true" refParamName="" useRefParam="false"/>
				<bool name="bFilterEye" value="false" refParamName="" useRefParam="false"/>
				<bool name="bFilterSameCamp" value="false" refParamName="" useRefParam="false"/>
				<bool name="bFilterDiffCamp" value="false" refParamName="" useRefParam="false"/>
				<bool name="bOnlySelf" value="false" refParamName="" useRefParam="false"/>
				<bool name="bOnlyHostHero" value="false" refParamName="" useRefParam="false"/>
				<Enum name="attackType" value="0" refParamName="" useRefParam="false">
					<uint name="所有英雄"/>
					<uint name="近战英雄"/>
					<uint name="远程英雄"/>
				</Enum>
				<bool name="bImmediateRevive" value="false" refParamName="" useRefParam="false"/>
			</Event>
		</Track>
		<Track trackName="SkillFuncInstant0" eventType="SkillFuncInstant" guid="8d09eb2f-50ed-4358-a741-27ca7e1a94dd" enabled="true" useRefParam="false" refParamName="" r="1.000" g="0.000" b="0.667" execOnForceStopped="false" execOnActionCompleted="false" stopAfterLastEvent="true">
			<Condition id="1" guid="f3326b24-ca54-4b5a-94cd-b1293d7cca6e" status="true"/>
			<Event eventName="SkillFuncInstant" time="0.000" isDuration="false">
				<Enum name="SkillFuncType" value="0" refParamName="" useRefParam="false">
					<uint name="物理伤害"/>
					<uint name="法术伤害"/>
					<uint name="真实伤害"/>
					<uint name="回复生命值"/>
					<uint name="增加攻击速度"/>
					<uint name="减少攻击速度"/>
					<uint name="增加移动速度"/>
					<uint name="减少移动速度"/>
					<uint name="提高攻击力"/>
					<uint name="降低攻击力"/>
					<uint name="吸血"/>
				</Enum>
			</Event>
		</Track>
		<Track trackName="PlayHeroSoundTick1" eventType="PlayHeroSoundTick" guid="789b9a0c-4b6a-4707-8569-0ec84e79bb67" enabled="true" useRefParam="false" refParamName="" r="1.000" g="0.000" b="0.600" execOnForceStopped="false" execOnActionCompleted="false" stopAfterLastEvent="true">
			<Event eventName="PlayHeroSoundTick" time="0.000" isDuration="false">
				<TemplateObject name="targetId" objectName="target" id="1" isTemp="false" refParamName="" useRefParam="false"/>
				<TemplateObject name="sourceId" objectName="self" id="0" isTemp="false" refParamName="" useRefParam="false"/>
				<String name="eventName" value="Play_512_Rourke_Attack_Hit_Skin2" refParamName="" useRefParam="false"/>
				<bool name="use1P3PSwitch" value="true" refParamName="" useRefParam="false"/>
				<bool name="useSkinSwitch" value="true" refParamName="" useRefParam="false"/>
				<Array name="extraSkinId" refParamName="" useRefParam="false" type="uint"/>
			</Event>
		</Track>
		<Track trackName="TriggerParticleTick0" eventType="TriggerParticleTick" guid="2a0ec39a-7a25-4543-b7e7-e53047340651" enabled="true" useRefParam="false" refParamName="" r="1.000" g="0.483" b="0.000" execOnForceStopped="false" execOnActionCompleted="false" stopAfterLastEvent="true">
			<Event eventName="TriggerParticleTick" time="0.000" isDuration="false">
				<TemplateObject name="targetId" objectName="None" id="-1" isTemp="false" refParamName="" useRefParam="false"/>
				<TemplateObject name="objectSpaceId" objectName="target" id="1" isTemp="false" refParamName="" useRefParam="false"/>
				<TemplateObject name="VirtualAttachBulletId" objectName="None" id="-1" isTemp="false" refParamName="" useRefParam="false"/>
				<bool name="bUseAttachBulletShape" value="false" refParamName="" useRefParam="false"/>
				<bool name="bDonotAttackToMesh" value="false" refParamName="" useRefParam="false"/>
				<String name="resourceName" value="Prefab_Skill_Effects/Hero_Skill_Effects/512_Rourke/51202/Liubei_hurt01" refParamName="" useRefParam="false"/>
				<String name="resourceName2" value="" refParamName="" useRefParam="false"/>
				<String name="resourceName3" value="" refParamName="" useRefParam="false"/>
				<float name="lifeTime" value="0.600" refParamName="" useRefParam="false"/>
				<String name="bindPointName" value="" refParamName="" useRefParam="false"/>
				<bool name="dontShowIfNoBindPoint" value="false" refParamName="" useRefParam="false"/>
				<Vector3 name="bindPosOffset" x="0.000" y="1.000" z="0.000" refParamName="" useRefParam="false"/>
				<EulerAngle name="bindRotOffset" x="0.000" y="0.000" z="0.000" refParamName="" useRefParam="false"/>
				<Vector3 name="scaling" x="1.000" y="1.000" z="1.000" refParamName="" useRefParam="false"/>
				<bool name="bEnableOptCull" value="true" refParamName="" useRefParam="false"/>
				<bool name="enableLayer" value="false" refParamName="" useRefParam="false"/>
				<bool name="bBulletPos" value="false" refParamName="" useRefParam="false"/>
				<bool name="bBulletDir" value="true" refParamName="" useRefParam="false"/>
				<bool name="bBullerPosDir" value="false" refParamName="" useRefParam="false"/>
				<bool name="bUseHeroLocalForward" value="false" refParamName="" useRefParam="false"/>
				<TemplateObject name="lookTargetId" objectName="None" id="-1" isTemp="false" refParamName="" useRefParam="false"/>
				<int name="layer" value="0" refParamName="" useRefParam="false"/>
				<bool name="enableTag" value="false" refParamName="" useRefParam="false"/>
				<String name="tag" value="" refParamName="" useRefParam="false"/>
				<bool name="enableMaxLimit" value="false" refParamName="" useRefParam="false"/>
				<int name="MaxLimit" value="10" refParamName="" useRefParam="false"/>
				<int name="LimitType" value="-1" refParamName="" useRefParam="false"/>
				<bool name="applyActionSpeedToParticle" value="true" refParamName="" useRefParam="false"/>
				<int name="extend" value="10" refParamName="" useRefParam="false"/>
				<bool name="bOnlyFollowPos" value="false" refParamName="" useRefParam="false"/>
				<bool name="bUseSkinAdvance" value="false" refParamName="" useRefParam="false"/>
				<bool name="bRotateFollowCamera" value="false" refParamName="" useRefParam="false"/>
				<bool name="bRandomRotation" value="false" refParamName="" useRefParam="false"/>
				<EulerAngle name="randRotBegin" x="0.000" y="0.000" z="0.000" refParamName="" useRefParam="false"/>
				<EulerAngle name="randRotEnd" x="0.000" y="0.000" z="0.000" refParamName="" useRefParam="false"/>
				<bool name="bUseTargetSkinEffect" value="false" refParamName="" useRefParam="false"/>
			</Event>
		</Track>
	</Action>
</Project>

