<?xml version="1.0" encoding="utf-8"?>
<Project>
	<TemplateObjectList>
		<TemplateObject objectName="self" id="0" isTemp="false"/>
		<TemplateObject objectName="target" id="1" isTemp="false"/>
	</TemplateObjectList>
	<RefParamList>
		<Vector3i name="_TargetDir" x="0" y="0" z="0" refParamName="" useRefParam="false"/>
		<Vector3i name="_TargetPos" x="0" y="0" z="0" refParamName="" useRefParam="false"/>
	</RefParamList>
	<Action tag="" length="9.000" loop="false">
		<Track trackName="ChangeHDHeightDuration0" eventType="ChangeHDHeightDuration" guid="f092f299-98a7-4689-9c85-8c1ca8d1398b" enabled="true" refParamName="" useRefParam="false" r="0.067" g="1.000" b="0.000" execOnForceStopped="false" execOnActionCompleted="false" stopAfterLastEvent="true">
			<Event eventName="ChangeHDHeightDuration" time="0.000" length="7.000" isDuration="true">
				<TemplateObject name="targetId" objectName="self" id="0" isTemp="false" refParamName="" useRefParam="false"/>
				<int name="heightChange" value="2000" refParamName="" useRefParam="false"/>
				<bool name="enableGradual" value="false" refParamName="" useRefParam="false"/>
				<float name="changeTime" value="0.000" refParamName="" useRefParam="false"/>
			</Event>
		</Track>
	</Action>
</Project>

