<?xml version="1.0" encoding="utf-8"?>
<Project>
	<TemplateObjectList>
		<TemplateObject objectName="self" id="0" isTemp="false"/>
		<TemplateObject objectName="target" id="1" isTemp="false"/>
		<TemplateObject objectName="bullet" id="2" isTemp="true"/>
		<TemplateObject objectName="bullet2" id="3" isTemp="true"/>
	</TemplateObjectList>
	<RefParamList>
		<Vector3i name="targetdir" x="0" y="0" z="0" refParamName="" useRefParam="false"/>
	</RefParamList>
	<Action tag="" length="0.200" loop="false">
		<Track trackName="RegisterEventTick0" eventType="RegisterEventTick" guid="301c8753-4bfd-4d50-bea7-eb2c29739f51" enabled="true" useRefParam="false" refParamName="" r="0.367" g="1.000" b="0.000" execOnForceStopped="false" execOnActionCompleted="false" stopAfterLastEvent="true">
			<Event eventName="RegisterEventTick" time="0.000" isDuration="false">
				<TemplateObject name="targetId" objectName="self" id="0" isTemp="false" refParamName="" useRefParam="false"/>
				<String name="AgeName" value="Prefab_Characters/Prefab_Hero/515_Richter/skill/Passive" refParamName="" useRefParam="false"/>
				<int name="TriggerCount" value="0" refParamName="" useRefParam="false"/>
				<String name="EventName" value="" refParamName="" useRefParam="false"/>
				<Enum name="EventType1" value="8" refParamName="" useRefParam="false">
					<uint name="无"/>
					<uint name="击杀英雄"/>
					<uint name="助攻"/>
					<uint name="死亡"/>
					<uint name="复活"/>
					<uint name="受到伤害"/>
					<uint name="免疫伤害"/>
					<uint name="反弹伤害"/>
					<uint name="所处地形变化"/>
					<uint name="免疫控制"/>
				</Enum>
				<Enum name="EventType2" value="0" refParamName="" useRefParam="false">
					<uint name="无"/>
					<uint name="击杀英雄"/>
					<uint name="助攻"/>
					<uint name="死亡"/>
					<uint name="复活"/>
					<uint name="受到伤害"/>
					<uint name="免疫伤害"/>
					<uint name="反弹伤害"/>
					<uint name="所处地形变化"/>
					<uint name="免疫控制"/>
				</Enum>
				<bool name="bRemove" value="false" refParamName="" useRefParam="false"/>
				<Array name="AreaTags" refParamName="" useRefParam="false" type="String">
					<String value="Grass"/>
					<String value="River"/>
				</Array>
				<Array name="AreaPriority" refParamName="" useRefParam="false" type="int">
					<int32 value="2"/>
					<int32 value="1"/>
				</Array>
				<bool name="bListenAllBuff" value="true" refParamName="" useRefParam="false"/>
				<bool name="bHitFly" value="true" refParamName="" useRefParam="false"/>
				<bool name="bSlowDown" value="true" refParamName="" useRefParam="false"/>
				<bool name="bStun" value="true" refParamName="" useRefParam="false"/>
				<bool name="bFrozen" value="true" refParamName="" useRefParam="false"/>
				<bool name="bSlient" value="true" refParamName="" useRefParam="false"/>
				<bool name="bStone" value="true" refParamName="" useRefParam="false"/>
				<bool name="bTaunt" value="true" refParamName="" useRefParam="false"/>
				<bool name="bFear" value="true" refParamName="" useRefParam="false"/>
				<bool name="bHitBack" value="true" refParamName="" useRefParam="false"/>
			</Event>
		</Track>
	</Action>
</Project>

