<?xml version="1.0" encoding="utf-8"?>
<Project>
	<TemplateObjectList>
		<TemplateObject objectName="self" id="0" isTemp="false"/>
		<TemplateObject objectName="target" id="1" isTemp="false"/>
	</TemplateObjectList>
	<RefParamList>
		<Vector3i name="_BulletDir" x="0" y="0" z="0" refParamName="" useRefParam="false"/>
		<Vector3i name="_TargetDir" x="0" y="0" z="0" refParamName="" useRefParam="false"/>
		<Vector3i name="_TargetPos" x="0" y="0" z="0" refParamName="" useRefParam="false"/>
	</RefParamList>
	<Action tag="" length="0.500" loop="false">
		<Track trackName="TriggerParticleTick2" eventType="TriggerParticleTick" guid="82fc48c1-db81-4d49-99e1-472774d1fa69" enabled="true" useRefParam="false" refParamName="" r="0.000" g="0.667" b="1.000" execOnForceStopped="false" execOnActionCompleted="false" stopAfterLastEvent="true">
			<Event eventName="TriggerParticleTick" time="0.000" isDuration="false">
				<TemplateObject name="targetId" objectName="None" id="-1" isTemp="false" refParamName="" useRefParam="false"/>
				<TemplateObject name="objectSpaceId" objectName="target" id="1" isTemp="false" refParamName="" useRefParam="false"/>
				<bool name="bDonotAttackToMesh" value="false" refParamName="" useRefParam="false"/>
				<String name="parentResourceName" value="" refParamName="" useRefParam="false"/>
				<String name="resourceName" value="prefab_skill_effects/hero_skill_effects/535_Wish/53502/Wish_attack_hurt_01" refParamName="" useRefParam="false"/>
				<String name="resourceName2" value="" refParamName="" useRefParam="false"/>
				<String name="resourceName3" value="" refParamName="" useRefParam="false"/>
				<float name="lifeTime" value="2.000" refParamName="" useRefParam="false"/>
				<String name="bindPointName" value="" refParamName="" useRefParam="false"/>
				<bool name="dontShowIfNoBindPoint" value="false" refParamName="" useRefParam="false"/>
				<Vector3 name="bindPosOffset" x="0.000" y="0.000" z="0.000" refParamName="" useRefParam="false"/>
				<EulerAngle name="bindRotOffset" x="0.000" y="0.000" z="0.000" refParamName="" useRefParam="false"/>
				<Vector3 name="scaling" x="1.000" y="1.000" z="1.000" refParamName="" useRefParam="false"/>
				<bool name="bUseRealScaling" value="false" refParamName="" useRefParam="false"/>
				<bool name="bEnableOptCull" value="true" refParamName="" useRefParam="false"/>
				<bool name="bBullerPosDir" value="false" refParamName="" useRefParam="false"/>
				<bool name="bUseHeroLocalForward" value="false" refParamName="" useRefParam="false"/>
				<TemplateObject name="lookTargetId" objectName="None" id="-1" isTemp="false" refParamName="" useRefParam="false"/>
				<bool name="applyActionSpeedToParticle" value="true" refParamName="" useRefParam="false"/>
				<bool name="applyActionSpeedToAnimation" value="true" refParamName="" useRefParam="false"/>
				<int name="extend" value="10" refParamName="" useRefParam="false"/>
				<bool name="bOnlyFollowPos" value="false" refParamName="" useRefParam="false"/>
				<bool name="b1stTickParentRot" value="false" refParamName="" useRefParam="false"/>
				<bool name="bRotateFollowCamera" value="false" refParamName="" useRefParam="false"/>
				<bool name="bRandomRotation" value="false" refParamName="" useRefParam="false"/>
				<EulerAngle name="randRotBegin" x="0.000" y="0.000" z="0.000" refParamName="" useRefParam="false"/>
				<EulerAngle name="randRotEnd" x="0.000" y="0.000" z="0.000" refParamName="" useRefParam="false"/>
				<bool name="bUseTargetSkinEffect" value="false" refParamName="" useRefParam="false"/>
				<bool name="bBulletPos" value="false" refParamName="" useRefParam="false"/>
				<bool name="bBulletDir" value="false" refParamName="" useRefParam="false"/>
				<int name="particleScaleGrow" value="0" refParamName="" useRefParam="false"/>
				<Enum name="ReplacementUsage" value="0" refParamName="" useRefParam="false">
					<uint name="无"/>
					<uint name="回城特效"/>
					<uint name="击杀特效"/>
					<uint name="泉水加速特效"/>
				</Enum>
				<Enum name="ReplacementSubUsage" value="0" refParamName="" useRefParam="false">
					<uint name="无"/>
					<uint name="回城落地特效"/>
				</Enum>
				<bool name="bNoDynamicLod" value="false" refParamName="" useRefParam="false"/>
				<bool name="bMeshResouce" value="false" refParamName="" useRefParam="false"/>
				<bool name="bAllowEmptyEffect" value="false" refParamName="" useRefParam="false"/>
				<bool name="bActionCtrlObjs" value="false" refParamName="" useRefParam="false"/>
			</Event>
		</Track>
		<Track trackName="SkillFuncInstant0" eventType="SkillFuncInstant" guid="8d09eb2f-50ed-4358-a741-27ca7e1a94dd" enabled="true" useRefParam="false" refParamName="" r="1.000" g="0.000" b="0.667" execOnForceStopped="false" execOnActionCompleted="false" stopAfterLastEvent="true">
			<Event eventName="SkillFuncInstant" time="0.000" isDuration="false">
				<Enum name="SkillFuncType" value="0" refParamName="" useRefParam="false">
					<uint name="物理伤害"/>
					<uint name="法术伤害"/>
					<uint name="真实伤害"/>
					<uint name="回复生命值"/>
					<uint name="增加攻击速度"/>
					<uint name="减少攻击速度"/>
					<uint name="增加移动速度"/>
					<uint name="减少移动速度"/>
					<uint name="提高攻击力"/>
					<uint name="降低攻击力"/>
					<uint name="吸血"/>
				</Enum>
			</Event>
		</Track>
		<Track trackName="PlayHeroSoundTick5" eventType="PlayHeroSoundTick" guid="26aed2af-4865-4bce-9e27-8a00c9f870ac" enabled="true" useRefParam="false" refParamName="" r="1.000" g="0.000" b="1.000" execOnForceStopped="false" execOnActionCompleted="false" stopAfterLastEvent="true">
			<Event eventName="PlayHeroSoundTick" time="0.000" isDuration="false">
				<TemplateObject name="targetId" objectName="self" id="0" isTemp="false" refParamName="" useRefParam="false"/>
				<TemplateObject name="sourceId" objectName="self" id="0" isTemp="false" refParamName="" useRefParam="false"/>
				<String name="eventName" value="Play_53500_Sinestrea_Attack_Melee_2_Hit" refParamName="" useRefParam="false"/>
				<bool name="use1P3PSwitch" value="true" refParamName="" useRefParam="false"/>
				<bool name="useSkinSwitch" value="true" refParamName="" useRefParam="false"/>
				<Array name="extraSkinId" refParamName="" useRefParam="false" type="uint"/>
			</Event>
		</Track>
		<Track trackName="PlayHeroSoundTick2" eventType="PlayHeroSoundTick" guid="044b01a7-a3c5-4b33-8f55-917921fa48aa" enabled="true" useRefParam="false" refParamName="" r="0.000" g="1.000" b="0.000" execOnForceStopped="false" execOnActionCompleted="false" stopAfterLastEvent="true">
			<Event eventName="PlayHeroSoundTick" time="0.000" isDuration="false">
				<TemplateObject name="targetId" objectName="self" id="0" isTemp="false" refParamName="" useRefParam="false"/>
				<TemplateObject name="sourceId" objectName="self" id="0" isTemp="false" refParamName="" useRefParam="false"/>
				<String name="eventName" value="Play_53500_Sinestrea_Attack_Range_Hit" refParamName="" useRefParam="false"/>
				<bool name="use1P3PSwitch" value="true" refParamName="" useRefParam="false"/>
				<bool name="useSkinSwitch" value="true" refParamName="" useRefParam="false"/>
				<Array name="extraSkinId" refParamName="" useRefParam="false" type="uint"/>
			</Event>
		</Track>
	</Action>
</Project>

