<?xml version="1.0" encoding="utf-8"?>
<Project>
	<TemplateObjectList>
		<TemplateObject objectName="self" id="0" isTemp="false"/>
		<TemplateObject objectName="target" id="1" isTemp="false"/>
	</TemplateObjectList>
	<RefParamList>
		<Vector3i name="_TargetDir" x="0" y="0" z="0" refParamName="" useRefParam="false"/>
		<Vector3i name="_TargetPos" x="0" y="0" z="0" refParamName="" useRefParam="false"/>
	</RefParamList>
	<Action tag="" length="3.050" loop="false">
		<Track trackName="CheckHeroIdTick0" eventType="CheckHeroIdTick" guid="0c122b1b-1a85-4f63-83e6-a0ca5d976515" enabled="true" refParamName="" useRefParam="false" r="0.000" g="1.000" b="0.917" execOnForceStopped="false" execOnActionCompleted="false" stopAfterLastEvent="true">
			<Event eventName="CheckHeroIdTick" time="0.000" isDuration="false">
				<TemplateObject name="targetId" objectName="target" id="1" isTemp="false" refParamName="" useRefParam="false"/>
				<int name="heroId" value="534" refParamName="" useRefParam="false"/>
			</Event>
		</Track>
		<Track trackName="RemoveBuffTick0" eventType="RemoveBuffTick" guid="887c5519-a0b4-45a0-a6df-a3e963d4fae9" enabled="false" refParamName="" useRefParam="false" r="0.133" g="0.000" b="1.000" execOnForceStopped="false" execOnActionCompleted="false" stopAfterLastEvent="true">
			<Condition id="0" guid="0c122b1b-1a85-4f63-83e6-a0ca5d976515" status="true"/>
			<Event eventName="RemoveBuffTick" time="0.000" isDuration="false">
				<TemplateObject name="targetId" objectName="target" id="1" isTemp="false" refParamName="" useRefParam="false"/>
				<int name="buffId" value="534011" refParamName="" useRefParam="false"/>
				<int name="BuffLayer" value="1" refParamName="" useRefParam="false"/>
				<bool name="bAllControlBuff" value="false" refParamName="" useRefParam="false"/>
				<bool name="bAllNagativeBuff" value="false" refParamName="" useRefParam="false"/>
				<bool name="bAllPositiveBuff" value="false" refParamName="" useRefParam="false"/>
				<bool name="bDontRefreshBuffTime" value="false" refParamName="" useRefParam="false"/>
			</Event>
		</Track>
		<Track trackName="HitTriggerTick0" eventType="HitTriggerTick" guid="f47e96ca-e6c1-4678-898f-5b26bfa17297" enabled="true" refParamName="" useRefParam="false" r="0.000" g="1.000" b="0.933" execOnForceStopped="false" execOnActionCompleted="false" stopAfterLastEvent="true">
			<Condition id="0" guid="0c122b1b-1a85-4f63-83e6-a0ca5d976515" status="true"/>
			<Event eventName="HitTriggerTick" time="0.000" isDuration="false">
				<TemplateObject name="targetId" objectName="target" id="1" isTemp="false" refParamName="" useRefParam="false"/>
				<TemplateObject name="hitTargetId" objectName="target" id="1" isTemp="false" refParamName="" useRefParam="false"/>
				<bool name="bInheritRefParams" value="false" refParamName="" useRefParam="false"/>
				<bool name="bulletHit" value="false" refParamName="" useRefParam="false"/>
				<TemplateObject name="victimId" objectName="None" id="-1" isTemp="false" refParamName="" useRefParam="false"/>
				<bool name="lastHit" value="false" refParamName="" useRefParam="false"/>
				<bool name="bSkillCombineChoose" value="false" refParamName="" useRefParam="false"/>
				<int name="SelfSkillCombineID_1" value="534013" refParamName="" useRefParam="false"/>
				<int name="SelfSkillCombineID_2" value="0" refParamName="" useRefParam="false"/>
				<int name="SelfSkillCombineID_3" value="0" refParamName="" useRefParam="false"/>
				<int name="SelfSkillCombineID1Probability" value="0" refParamName="" useRefParam="false"/>
				<int name="SelfSkillCombineID2Probability" value="0" refParamName="" useRefParam="false"/>
				<int name="SelfSkillCombineID3Probability" value="0" refParamName="" useRefParam="false"/>
				<int name="TargetSkillCombine_1" value="0" refParamName="" useRefParam="false"/>
				<int name="TargetSkillCombine_2" value="0" refParamName="" useRefParam="false"/>
				<int name="TargetSkillCombine_3" value="0" refParamName="" useRefParam="false"/>
				<int name="TargetSkillCombineID1Probability" value="0" refParamName="" useRefParam="false"/>
				<int name="TargetSkillCombineID2Probability" value="0" refParamName="" useRefParam="false"/>
				<int name="TargetSkillCombineID3Probability" value="0" refParamName="" useRefParam="false"/>
				<bool name="bCheckSight" value="false" refParamName="" useRefParam="false"/>
				<bool name="bCheckSkillLevel" value="false" refParamName="" useRefParam="false"/>
				<Enum name="refSkillSlot" value="1" refParamName="" useRefParam="false">
					<uint name="普攻"/>
					<uint name="技能1"/>
					<uint name="技能2"/>
					<uint name="技能3"/>
					<uint name="技能4"/>
					<uint name="天赋技能"/>
					<uint name="回城"/>
					<uint name="饰品栏技能"/>
					<uint name=""/>
					<uint name=""/>
					<uint name=""/>
					<uint name=""/>
				</Enum>
				<int name="refSkillLevel" value="0" refParamName="" useRefParam="false"/>
				<Enum name="compareOPType" value="3" refParamName="" useRefParam="false">
					<uint name="不比较"/>
					<uint name="小于"/>
					<uint name="小等于"/>
					<uint name="等于"/>
					<uint name="大于"/>
					<uint name="大等于"/>
					<uint name=""/>
					<uint name=""/>
					<uint name=""/>
					<uint name=""/>
				</Enum>
				<TemplateObject name="triggerId" objectName="None" id="-1" isTemp="false" refParamName="" useRefParam="false"/>
				<bool name="bExtraBuff" value="false" refParamName="" useRefParam="false"/>
				<bool name="bOverrideParam" value="false" refParamName="" useRefParam="false"/>
				<int name="buffOverrideParam1" value="0" refParamName="" useRefParam="false"/>
				<int name="buffOverrideParam2" value="0" refParamName="" useRefParam="false"/>
				<int name="buffOverrideParam3" value="0" refParamName="" useRefParam="false"/>
				<int name="buffOverrideParam4" value="0" refParamName="" useRefParam="false"/>
				<int name="buffOverrideParam5" value="0" refParamName="" useRefParam="false"/>
				<TemplateObject name="paramTargetId" objectName="None" id="-1" isTemp="false" refParamName="" useRefParam="false"/>
				<TemplateObject name="paramTargetId2" objectName="None" id="-1" isTemp="false" refParamName="" useRefParam="false"/>
			</Event>
		</Track>
	</Action>
</Project>

