<?xml version="1.0" encoding="utf-8"?>
<Project>
	<TemplateObjectList>
		<TemplateObject objectName="self" id="0" isTemp="false"/>
		<TemplateObject objectName="target" id="1" isTemp="false"/>
	</TemplateObjectList>
	<RefParamList>
		<Vector3i name="_TargetDir" x="0" y="0" z="0" refParamName="" useRefParam="false"/>
		<Vector3i name="_TargetPos" x="0" y="0" z="0" refParamName="" useRefParam="false"/>
	</RefParamList>
	<Action tag="" length="5.000" loop="false">
		<Track trackName="SkillFuncDuration0" eventType="SkillFuncDuration" guid="c6ef205b-3a10-4adf-914e-76cb849546aa" enabled="true" refParamName="" useRefParam="false" r="0.133" g="1.000" b="0.000" execOnForceStopped="false" execOnActionCompleted="false" stopAfterLastEvent="true">
			<Event eventName="SkillFuncDuration" time="0.000" length="5.000" isDuration="true">
				<Enum name="SkillFuncType" value="28" refParamName="" useRefParam="false">
					<uint name="物理伤害"/>
					<uint name="法术伤害"/>
					<uint name="真实伤害"/>
					<uint name="回复生命值"/>
					<uint name="增加攻击速度"/>
					<uint name="减少攻击速度"/>
					<uint name="增加移动速度"/>
					<uint name="减少移动速度"/>
					<uint name="提高攻击力"/>
					<uint name="降低攻击力"/>
					<uint name="吸血"/>
					<uint name="增加护甲"/>
					<uint name="减少护甲"/>
					<uint name="增加抗性"/>
					<uint name="减少抗性"/>
					<uint name="免疫效果"/>
					<uint name="减少技能CD"/>
					<uint name="增加法术强度"/>
					<uint name="减少法术强度"/>
					<uint name="增加暴击率"/>
					<uint name="减少暴击率"/>
					<uint name="增加最大生命"/>
					<uint name="减少最大生命"/>
					<uint name="增加物理穿透"/>
					<uint name="减少物理穿透"/>
					<uint name="增加法术穿透"/>
					<uint name="减少法术穿透"/>
					<uint name="护盾"/>
					<uint name="增加技能印记"/>
					<uint name="触发技能印记"/>
					<uint name="免疫伤害"/>
					<uint name="免疫控制"/>
					<uint name="迅速复活"/>
					<uint name="法球效果"/>
					<uint name="驱散效果"/>
					<uint name="物理吸血"/>
					<uint name="法术吸血"/>
					<uint name="伤害免疫率"/>
					<uint name="获取视野效果"/>
					<uint name="隐身效果"/>
					<uint name="伤害输出率效果"/>
					<uint name="韧性率效果"/>
					<uint name="冷却缩减效果"/>
					<uint name="抗暴率效果"/>
					<uint name="条件伤害输出率效果"/>
					<uint name="忽略RVO"/>
					<uint name="生命条件效果"/>
					<uint name="更换血条风格"/>
					<uint name="目标伤害加成效果"/>
					<uint name="击杀经验加成效果"/>
					<uint name="增加经验效果"/>
					<uint name="受控额外效果"/>
					<uint name="免疫暴击效果"/>
					<uint name="限制最大伤害效果"/>
					<uint name="免疫致命伤害效果"/>
					<uint name="改变技能"/>
					<uint name="禁用技能"/>
					<uint name="改变暴击伤害效果"/>
					<uint name="回复能量值"/>
					<uint name="改变护甲穿透率"/>
					<uint name="改变法术穿透率"/>
					<uint name="普攻带法术效果"/>
					<uint name="增加法术强度率"/>
					<uint name="法术强度增益效果"/>
					<uint name="回复增益效果"/>
					<uint name="脱离战斗提速效果"/>
					<uint name="护盾免疫控制"/>
					<uint name="护甲减伤率"/>
					<uint name="生命低时额外伤害"/>
					<uint name="致盲"/>
					<uint name="移除技能效果"/>
					<uint name="击杀金币加成效果"/>
					<uint name="技能额外伤害效果"/>
					<uint name="改变被动技能参数"/>
					<uint name="改变狂意值"/>
					<uint name="现形效果"/>
					<uint name="增加能量值"/>
					<uint name="增加怒气值"/>
					<uint name="改变法球槽位"/>
					<uint name="根据护甲值增加攻击力"/>
					<uint name="格挡伤害"/>
					<uint name="增大视野半径"/>
					<uint name="单个技能吸血"/>
					<uint name="反弹"/>
					<uint name="伤害触发技能效果"/>
					<uint name="减少复活时间"/>
					<uint name="减少法术伤害"/>
					<uint name="免疫角色技能"/>
					<uint name="槽位伤害加成效果"/>
					<uint name="延长技能效果"/>
					<uint name="属性转换"/>
					<uint name="类型伤害加成效果"/>
					<uint name="增加最大法力值"/>
					<uint name="减少最大法力值"/>
					<uint name="改变训诫值"/>
					<uint name="改变锐气值"/>
					<uint name="共享免疫控制"/>
					<uint name="共享伤害"/>
					<uint name="反击普攻伤害"/>
					<uint name="伤害前调整受到伤害"/>
					<uint name="伤害前调整造成伤害"/>
					<uint name="背后攻击暴击"/>
					<uint name="暴击率转化暴击伤害"/>
					<uint name="槽位修改暴击效果"/>
					<uint name="增加金钱效果"/>
					<uint name="改变英雄生命时长"/>
					<uint name="离开攻击者一定范围后清除BUFF"/>
					<uint name="指定目标伤害加成"/>
					<uint name="除目标外免疫控制"/>
					<uint name="减速抵抗"/>
					<uint name="解除减速效果"/>
					<uint name="免疫死亡"/>
					<uint name="能量消耗削减"/>
					<uint name="增加足球能量"/>
					<uint name="特殊效果奉献"/>
					<uint name="增加自定义能量"/>
					<uint name="角色重生"/>
					<uint name="能量获取削减比例"/>
					<uint name="提高生命五回"/>
					<uint name="降低生命五回"/>
					<uint name="提高魔法五回"/>
					<uint name="降低魔法五回"/>
					<uint name="忽略防御效果"/>
					<uint name="属性互相增益效果"/>
					<uint name="主人属性转化给宠物"/>
					<uint name="恐惧效果"/>
					<uint name="限制单次伤害上下限效果"/>
					<uint name="免疫技能选中"/>
					<uint name="消耗法力值抵挡伤害"/>
					<uint name="溢出法力转化护盾"/>
					<uint name="增加自适应伤害"/>
					<uint name="链接伤害"/>
					<uint name="复活时间减少率"/>
					<uint name="额外护盾"/>
					<uint name="生命低时额外护盾"/>
					<uint name="额外治疗"/>
					<uint name="生命低时额外治疗"/>
					<uint name="装备属性万分比加成"/>
					<uint name="灰血属性"/>
					<uint name="CD标记"/>
					<uint name="在阻挡中移动"/>
					<uint name="增加攻击回蓝率"/>
					<uint name="减少攻击回蓝率"/>
					<uint name="增加受击回蓝率"/>
					<uint name="减少受击回蓝率"/>
					<uint name="挂上被动"/>
					<uint name="分摊伤害"/>
					<uint name="增加最大能量"/>
					<uint name="特殊效果谦让"/>
					<uint name="吸收伤害效果"/>
					<uint name="自杀"/>
					<uint name="消除伤害"/>
					<uint name="延迟伤害"/>
					<uint name="Buff或印记快照"/>
					<uint name="恢复Buff或印记快照"/>
					<uint name="改变射程"/>
				</Enum>
				<bool name="bIsOverrideParamsFromXls" value="false" refParamName="" useRefParam="false"/>
				<int name="OverrideParam1" value="0" refParamName="" useRefParam="false"/>
				<int name="OverrideParam2" value="0" refParamName="" useRefParam="false"/>
				<int name="OverrideParam3" value="0" refParamName="" useRefParam="false"/>
				<int name="OverrideParam4" value="0" refParamName="" useRefParam="false"/>
				<int name="OverrideParam5" value="0" refParamName="" useRefParam="false"/>
			</Event>
		</Track>
		<Track trackName="SkillFuncDuration0" eventType="SkillFuncDuration" guid="d95e766b-5891-4e06-9b87-a3bf4ad8238c" enabled="true" refParamName="" useRefParam="false" r="1.000" g="0.000" b="0.400" execOnForceStopped="false" execOnActionCompleted="false" stopAfterLastEvent="true">
			<Event eventName="SkillFuncDuration" time="0.000" length="5.000" isDuration="true">
				<Enum name="SkillFuncType" value="6" refParamName="" useRefParam="false">
					<uint name="物理伤害"/>
					<uint name="法术伤害"/>
					<uint name="真实伤害"/>
					<uint name="回复生命值"/>
					<uint name="增加攻击速度"/>
					<uint name="减少攻击速度"/>
					<uint name="增加移动速度"/>
					<uint name="减少移动速度"/>
					<uint name="提高攻击力"/>
					<uint name="降低攻击力"/>
					<uint name="吸血"/>
					<uint name="增加护甲"/>
					<uint name="减少护甲"/>
					<uint name="增加抗性"/>
					<uint name="减少抗性"/>
					<uint name="免疫效果"/>
					<uint name="减少技能CD"/>
					<uint name="增加法术强度"/>
					<uint name="减少法术强度"/>
					<uint name="增加暴击率"/>
					<uint name="减少暴击率"/>
					<uint name="增加最大生命"/>
					<uint name="减少最大生命"/>
					<uint name="增加物理穿透"/>
					<uint name="减少物理穿透"/>
					<uint name="增加法术穿透"/>
					<uint name="减少法术穿透"/>
					<uint name="护盾"/>
					<uint name="增加技能印记"/>
					<uint name="触发技能印记"/>
					<uint name="免疫伤害"/>
					<uint name="免疫控制"/>
					<uint name="迅速复活"/>
					<uint name="法球效果"/>
					<uint name="驱散效果"/>
					<uint name="物理吸血"/>
					<uint name="法术吸血"/>
					<uint name="伤害免疫率"/>
					<uint name="获取视野效果"/>
					<uint name="隐身效果"/>
					<uint name="伤害输出率效果"/>
					<uint name="韧性率效果"/>
					<uint name="冷却缩减效果"/>
					<uint name="抗暴率效果"/>
					<uint name="条件伤害输出率效果"/>
					<uint name="忽略RVO"/>
					<uint name="生命条件效果"/>
					<uint name="更换血条风格"/>
					<uint name="目标伤害加成效果"/>
					<uint name="击杀经验加成效果"/>
					<uint name="增加经验效果"/>
					<uint name="受控额外效果"/>
					<uint name="免疫暴击效果"/>
					<uint name="限制最大伤害效果"/>
					<uint name="免疫致命伤害效果"/>
					<uint name="改变技能"/>
					<uint name="禁用技能"/>
					<uint name="改变暴击伤害效果"/>
					<uint name="回复能量值"/>
					<uint name="改变护甲穿透率"/>
					<uint name="改变法术穿透率"/>
					<uint name="普攻带法术效果"/>
					<uint name="增加法术强度率"/>
					<uint name="法术强度增益效果"/>
					<uint name="回复增益效果"/>
					<uint name="脱离战斗提速效果"/>
					<uint name="护盾免疫控制"/>
					<uint name="护甲减伤率"/>
					<uint name="生命低时额外伤害"/>
					<uint name="致盲"/>
					<uint name="移除技能效果"/>
					<uint name="击杀金币加成效果"/>
					<uint name="技能额外伤害效果"/>
					<uint name="改变被动技能参数"/>
					<uint name="改变狂意值"/>
					<uint name="现形效果"/>
					<uint name="增加能量值"/>
					<uint name="增加怒气值"/>
					<uint name="改变法球槽位"/>
					<uint name="根据护甲值增加攻击力"/>
					<uint name="格挡伤害"/>
					<uint name="增大视野半径"/>
					<uint name="单个技能吸血"/>
					<uint name="反弹"/>
					<uint name="伤害触发技能效果"/>
					<uint name="减少复活时间"/>
					<uint name="减少法术伤害"/>
					<uint name="免疫角色技能"/>
					<uint name="槽位伤害加成效果"/>
					<uint name="延长技能效果"/>
					<uint name="属性转换"/>
					<uint name="类型伤害加成效果"/>
					<uint name="增加最大法力值"/>
					<uint name="减少最大法力值"/>
					<uint name="改变训诫值"/>
					<uint name="改变锐气值"/>
					<uint name="共享免疫控制"/>
					<uint name="共享伤害"/>
					<uint name="反击普攻伤害"/>
					<uint name="伤害前调整受到伤害"/>
					<uint name="伤害前调整造成伤害"/>
					<uint name="背后攻击暴击"/>
					<uint name="暴击率转化暴击伤害"/>
					<uint name="槽位修改暴击效果"/>
					<uint name="增加金钱效果"/>
					<uint name="改变英雄生命时长"/>
					<uint name="离开攻击者一定范围后清除BUFF"/>
					<uint name="指定目标伤害加成"/>
					<uint name="除目标外免疫控制"/>
					<uint name="减速抵抗"/>
					<uint name="解除减速效果"/>
					<uint name="免疫死亡"/>
					<uint name="能量消耗削减"/>
					<uint name="增加足球能量"/>
					<uint name="特殊效果奉献"/>
					<uint name="增加自定义能量"/>
					<uint name="角色重生"/>
					<uint name="能量获取削减比例"/>
					<uint name="提高生命五回"/>
					<uint name="降低生命五回"/>
					<uint name="提高魔法五回"/>
					<uint name="降低魔法五回"/>
					<uint name="忽略防御效果"/>
					<uint name="属性互相增益效果"/>
					<uint name="主人属性转化给宠物"/>
					<uint name="恐惧效果"/>
					<uint name="限制单次伤害上下限效果"/>
					<uint name="免疫技能选中"/>
					<uint name="消耗法力值抵挡伤害"/>
					<uint name="溢出法力转化护盾"/>
					<uint name="增加自适应伤害"/>
					<uint name="链接伤害"/>
					<uint name="复活时间减少率"/>
					<uint name="额外护盾"/>
					<uint name="生命低时额外护盾"/>
					<uint name="额外治疗"/>
					<uint name="生命低时额外治疗"/>
					<uint name="装备属性万分比加成"/>
					<uint name="灰血属性"/>
					<uint name="CD标记"/>
					<uint name="在阻挡中移动"/>
					<uint name="增加攻击回蓝率"/>
					<uint name="减少攻击回蓝率"/>
					<uint name="增加受击回蓝率"/>
					<uint name="减少受击回蓝率"/>
					<uint name="挂上被动"/>
					<uint name="分摊伤害"/>
					<uint name="增加最大能量"/>
					<uint name="特殊效果谦让"/>
					<uint name="吸收伤害效果"/>
					<uint name="自杀"/>
					<uint name="消除伤害"/>
					<uint name="延迟伤害"/>
					<uint name="Buff或印记快照"/>
					<uint name="恢复Buff或印记快照"/>
					<uint name="改变射程"/>
				</Enum>
				<bool name="bIsOverrideParamsFromXls" value="false" refParamName="" useRefParam="false"/>
				<int name="OverrideParam1" value="0" refParamName="" useRefParam="false"/>
				<int name="OverrideParam2" value="0" refParamName="" useRefParam="false"/>
				<int name="OverrideParam3" value="0" refParamName="" useRefParam="false"/>
				<int name="OverrideParam4" value="0" refParamName="" useRefParam="false"/>
				<int name="OverrideParam5" value="0" refParamName="" useRefParam="false"/>
			</Event>
		</Track>
		<Track trackName="10层复仇" eventType="CheckSkillCombineConditionTick" guid="63f0d386-971c-4166-ac34-3c8d009a531b" enabled="true" refParamName="" useRefParam="false" r="0.000" g="0.600" b="1.000" execOnForceStopped="false" execOnActionCompleted="false" stopAfterLastEvent="true">
			<Event eventName="CheckSkillCombineConditionTick" time="0.000" isDuration="false">
				<TemplateObject name="targetId" objectName="self" id="0" isTemp="false" refParamName="" useRefParam="false"/>
				<bool name="bCurrentBuffId" value="false" refParamName="" useRefParam="false"/>
				<int name="skillCombineId" value="120001" refParamName="" useRefParam="false"/>
				<Enum name="checkOPType" value="3" refParamName="" useRefParam="false">
					<uint name="不比较"/>
					<uint name="小于"/>
					<uint name="小等于"/>
					<uint name="等于"/>
					<uint name="大于"/>
					<uint name="大等于"/>
				</Enum>
				<int name="skillCombineLevel" value="10" refParamName="" useRefParam="false"/>
				<TemplateObject name="skillCombineSrcId" objectName="None" id="-1" isTemp="false" refParamName="" useRefParam="false"/>
				<bool name="bCheckSkillMark" value="false" refParamName="" useRefParam="false"/>
			</Event>
		</Track>
		<Track trackName="解除减速" eventType="SkillFuncInstant" guid="01a07146-e05b-4928-ac02-6c7466a5d001" enabled="false" refParamName="" useRefParam="false" r="0.067" g="0.000" b="1.000" execOnForceStopped="false" execOnActionCompleted="false" stopAfterLastEvent="true">
			<Condition id="2" guid="63f0d386-971c-4166-ac34-3c8d009a531b" status="true"/>
			<Event eventName="SkillFuncInstant" time="0.000" isDuration="false">
				<Enum name="SkillFuncType" value="110" refParamName="" useRefParam="false">
					<uint name="物理伤害"/>
					<uint name="法术伤害"/>
					<uint name="真实伤害"/>
					<uint name="回复生命值"/>
					<uint name="增加攻击速度"/>
					<uint name="减少攻击速度"/>
					<uint name="增加移动速度"/>
					<uint name="减少移动速度"/>
					<uint name="提高攻击力"/>
					<uint name="降低攻击力"/>
					<uint name="吸血"/>
					<uint name="增加护甲"/>
					<uint name="减少护甲"/>
					<uint name="增加抗性"/>
					<uint name="减少抗性"/>
					<uint name="免疫效果"/>
					<uint name="减少技能CD"/>
					<uint name="增加法术强度"/>
					<uint name="减少法术强度"/>
					<uint name="增加暴击率"/>
					<uint name="减少暴击率"/>
					<uint name="增加最大生命"/>
					<uint name="减少最大生命"/>
					<uint name="增加物理穿透"/>
					<uint name="减少物理穿透"/>
					<uint name="增加法术穿透"/>
					<uint name="减少法术穿透"/>
					<uint name="护盾"/>
					<uint name="增加技能印记"/>
					<uint name="触发技能印记"/>
					<uint name="免疫伤害"/>
					<uint name="免疫控制"/>
					<uint name="迅速复活"/>
					<uint name="法球效果"/>
					<uint name="驱散效果"/>
					<uint name="物理吸血"/>
					<uint name="法术吸血"/>
					<uint name="伤害免疫率"/>
					<uint name="获取视野效果"/>
					<uint name="隐身效果"/>
					<uint name="伤害输出率效果"/>
					<uint name="韧性率效果"/>
					<uint name="冷却缩减效果"/>
					<uint name="抗暴率效果"/>
					<uint name="条件伤害输出率效果"/>
					<uint name="忽略RVO"/>
					<uint name="生命条件效果"/>
					<uint name="更换血条风格"/>
					<uint name="目标伤害加成效果"/>
					<uint name="击杀经验加成效果"/>
					<uint name="增加经验效果"/>
					<uint name="受控额外效果"/>
					<uint name="免疫暴击效果"/>
					<uint name="限制最大伤害效果"/>
					<uint name="免疫致命伤害效果"/>
					<uint name="改变技能"/>
					<uint name="禁用技能"/>
					<uint name="改变暴击伤害效果"/>
					<uint name="回复能量值"/>
					<uint name="改变护甲穿透率"/>
					<uint name="改变法术穿透率"/>
					<uint name="普攻带法术效果"/>
					<uint name="增加法术强度率"/>
					<uint name="法术强度增益效果"/>
					<uint name="回复增益效果"/>
					<uint name="脱离战斗提速效果"/>
					<uint name="护盾免疫控制"/>
					<uint name="护甲减伤率"/>
					<uint name="生命低时额外伤害"/>
					<uint name="致盲（禁止使用）"/>
					<uint name="移除技能效果"/>
					<uint name="击杀金币加成效果"/>
					<uint name="技能额外伤害效果"/>
					<uint name="改变被动技能参数"/>
					<uint name="改变狂意值"/>
					<uint name="现形效果"/>
					<uint name="增加能量值"/>
					<uint name="增加怒气值"/>
					<uint name="改变法球槽位"/>
					<uint name="根据护甲值增加攻击力"/>
					<uint name="格挡伤害"/>
					<uint name="增大视野半径"/>
					<uint name="单个技能吸血"/>
					<uint name="反弹"/>
					<uint name="伤害触发技能效果"/>
					<uint name="减少复活时间"/>
					<uint name="减少法术伤害"/>
					<uint name="免疫角色技能"/>
					<uint name="槽位伤害加成效果"/>
					<uint name="延长技能效果"/>
					<uint name="属性转换"/>
					<uint name="类型伤害加成效果"/>
					<uint name="增加最大法力值"/>
					<uint name="减少最大法力值"/>
					<uint name="改变训诫值"/>
					<uint name="改变锐气值"/>
					<uint name="共享免疫控制"/>
					<uint name="共享伤害"/>
					<uint name="反击普攻伤害"/>
					<uint name="伤害前调整受到伤害"/>
					<uint name="伤害前调整造成伤害"/>
					<uint name="背后攻击暴击"/>
					<uint name="暴击率转化暴击伤害"/>
					<uint name="槽位修改暴击效果"/>
					<uint name="增加金钱效果"/>
					<uint name="改变英雄生命时长"/>
					<uint name="离开攻击者一定范围后清除BUFF"/>
					<uint name="指定目标伤害加成"/>
					<uint name="除目标外免疫控制"/>
					<uint name="减速抵抗"/>
					<uint name="解除减速效果"/>
					<uint name="免疫死亡"/>
					<uint name="能量消耗削减"/>
					<uint name="增加足球能量"/>
					<uint name="特殊效果奉献"/>
					<uint name="增加自定义能量"/>
					<uint name="角色重生"/>
					<uint name="能量获取削减比例"/>
					<uint name="提高生命五回"/>
					<uint name="降低生命五回"/>
					<uint name="提高魔法五回"/>
					<uint name="降低魔法五回"/>
					<uint name="忽略防御效果"/>
					<uint name="属性互相增益效果"/>
					<uint name="主人属性转化给宠物"/>
					<uint name="恐惧效果"/>
					<uint name="限制单次伤害上下限效果"/>
					<uint name="免疫技能选中"/>
					<uint name="消耗法力值抵挡伤害"/>
					<uint name="溢出法力转化护盾"/>
					<uint name="增加自适应伤害"/>
					<uint name="链接伤害"/>
					<uint name="复活时间减少率"/>
					<uint name="额外护盾"/>
					<uint name="生命低时额外护盾"/>
					<uint name="额外治疗"/>
					<uint name="生命低时额外治疗"/>
					<uint name="装备属性万分比加成"/>
					<uint name="灰血属性"/>
					<uint name="CD标记"/>
					<uint name="在阻挡中移动"/>
					<uint name="增加攻击回蓝率"/>
					<uint name="减少攻击回蓝率"/>
					<uint name="增加受击回蓝率"/>
					<uint name="减少受击回蓝率"/>
					<uint name="挂上被动"/>
					<uint name="分摊伤害"/>
					<uint name="增加最大能量"/>
					<uint name="特殊效果谦让"/>
					<uint name="吸收伤害效果"/>
					<uint name="自杀"/>
					<uint name="消除伤害"/>
					<uint name="延迟伤害"/>
					<uint name="Buff或印记快照"/>
					<uint name="恢复Buff或印记快照"/>
					<uint name="改变射程"/>
				</Enum>
			</Event>
		</Track>
		<Track trackName="免疫减速" eventType="SkillFuncDuration" guid="85255f65-c234-4f48-ab16-fca8bfdc8602" enabled="false" refParamName="" useRefParam="false" r="1.000" g="0.000" b="0.483" execOnForceStopped="false" execOnActionCompleted="false" stopAfterLastEvent="true">
			<Condition id="2" guid="63f0d386-971c-4166-ac34-3c8d009a531b" status="true"/>
			<Event eventName="SkillFuncDuration" time="0.000" length="5.000" isDuration="true">
				<Enum name="SkillFuncType" value="109" refParamName="" useRefParam="false">
					<uint name="物理伤害"/>
					<uint name="法术伤害"/>
					<uint name="真实伤害"/>
					<uint name="回复生命值"/>
					<uint name="增加攻击速度"/>
					<uint name="减少攻击速度"/>
					<uint name="增加移动速度"/>
					<uint name="减少移动速度"/>
					<uint name="提高攻击力"/>
					<uint name="降低攻击力"/>
					<uint name="吸血"/>
					<uint name="增加护甲"/>
					<uint name="减少护甲"/>
					<uint name="增加抗性"/>
					<uint name="减少抗性"/>
					<uint name="免疫效果"/>
					<uint name="减少技能CD"/>
					<uint name="增加法术强度"/>
					<uint name="减少法术强度"/>
					<uint name="增加暴击率"/>
					<uint name="减少暴击率"/>
					<uint name="增加最大生命"/>
					<uint name="减少最大生命"/>
					<uint name="增加物理穿透"/>
					<uint name="减少物理穿透"/>
					<uint name="增加法术穿透"/>
					<uint name="减少法术穿透"/>
					<uint name="护盾"/>
					<uint name="增加技能印记"/>
					<uint name="触发技能印记"/>
					<uint name="免疫伤害"/>
					<uint name="免疫控制"/>
					<uint name="迅速复活"/>
					<uint name="法球效果"/>
					<uint name="驱散效果"/>
					<uint name="物理吸血"/>
					<uint name="法术吸血"/>
					<uint name="伤害免疫率"/>
					<uint name="获取视野效果"/>
					<uint name="隐身效果"/>
					<uint name="伤害输出率效果"/>
					<uint name="韧性率效果"/>
					<uint name="冷却缩减效果"/>
					<uint name="抗暴率效果"/>
					<uint name="条件伤害输出率效果"/>
					<uint name="忽略RVO"/>
					<uint name="生命条件效果"/>
					<uint name="更换血条风格"/>
					<uint name="目标伤害加成效果"/>
					<uint name="击杀经验加成效果"/>
					<uint name="增加经验效果"/>
					<uint name="受控额外效果"/>
					<uint name="免疫暴击效果"/>
					<uint name="限制最大伤害效果"/>
					<uint name="免疫致命伤害效果"/>
					<uint name="改变技能"/>
					<uint name="禁用技能"/>
					<uint name="改变暴击伤害效果"/>
					<uint name="回复能量值"/>
					<uint name="改变护甲穿透率"/>
					<uint name="改变法术穿透率"/>
					<uint name="普攻带法术效果"/>
					<uint name="增加法术强度率"/>
					<uint name="法术强度增益效果"/>
					<uint name="回复增益效果"/>
					<uint name="脱离战斗提速效果"/>
					<uint name="护盾免疫控制"/>
					<uint name="护甲减伤率"/>
					<uint name="生命低时额外伤害"/>
					<uint name="致盲"/>
					<uint name="移除技能效果"/>
					<uint name="击杀金币加成效果"/>
					<uint name="技能额外伤害效果"/>
					<uint name="改变被动技能参数"/>
					<uint name="改变狂意值"/>
					<uint name="现形效果"/>
					<uint name="增加能量值"/>
					<uint name="增加怒气值"/>
					<uint name="改变法球槽位"/>
					<uint name="根据护甲值增加攻击力"/>
					<uint name="格挡伤害"/>
					<uint name="增大视野半径"/>
					<uint name="单个技能吸血"/>
					<uint name="反弹"/>
					<uint name="伤害触发技能效果"/>
					<uint name="减少复活时间"/>
					<uint name="减少法术伤害"/>
					<uint name="免疫角色技能"/>
					<uint name="槽位伤害加成效果"/>
					<uint name="延长技能效果"/>
					<uint name="属性转换"/>
					<uint name="类型伤害加成效果"/>
					<uint name="增加最大法力值"/>
					<uint name="减少最大法力值"/>
					<uint name="改变训诫值"/>
					<uint name="改变锐气值"/>
					<uint name="共享免疫控制"/>
					<uint name="共享伤害"/>
					<uint name="反击普攻伤害"/>
					<uint name="伤害前调整受到伤害"/>
					<uint name="伤害前调整造成伤害"/>
					<uint name="背后攻击暴击"/>
					<uint name="暴击率转化暴击伤害"/>
					<uint name="槽位修改暴击效果"/>
					<uint name="增加金钱效果"/>
					<uint name="改变英雄生命时长"/>
					<uint name="离开攻击者一定范围后清除BUFF"/>
					<uint name="指定目标伤害加成"/>
					<uint name="除目标外免疫控制"/>
					<uint name="减速抵抗"/>
					<uint name="解除减速效果"/>
					<uint name="免疫死亡"/>
					<uint name="能量消耗削减"/>
					<uint name="增加足球能量"/>
					<uint name="特殊效果奉献"/>
					<uint name="增加自定义能量"/>
					<uint name="角色重生"/>
					<uint name="能量获取削减比例"/>
					<uint name="提高生命五回"/>
					<uint name="降低生命五回"/>
					<uint name="提高魔法五回"/>
					<uint name="降低魔法五回"/>
					<uint name="忽略防御效果"/>
					<uint name="属性互相增益效果"/>
					<uint name="主人属性转化给宠物"/>
					<uint name="恐惧效果"/>
					<uint name="限制单次伤害上下限效果"/>
					<uint name="免疫技能选中"/>
					<uint name="消耗法力值抵挡伤害"/>
					<uint name="溢出法力转化护盾"/>
					<uint name="增加自适应伤害"/>
					<uint name="链接伤害"/>
					<uint name="复活时间减少率"/>
					<uint name="额外护盾"/>
					<uint name="生命低时额外护盾"/>
					<uint name="额外治疗"/>
					<uint name="生命低时额外治疗"/>
					<uint name="装备属性万分比加成"/>
					<uint name="灰血属性"/>
					<uint name="CD标记"/>
					<uint name="在阻挡中移动"/>
					<uint name="增加攻击回蓝率"/>
					<uint name="减少攻击回蓝率"/>
					<uint name="增加受击回蓝率"/>
					<uint name="减少受击回蓝率"/>
					<uint name="挂上被动"/>
					<uint name="分摊伤害"/>
					<uint name="增加最大能量"/>
					<uint name="特殊效果谦让"/>
					<uint name="吸收伤害效果"/>
					<uint name="自杀"/>
					<uint name="消除伤害"/>
					<uint name="延迟伤害"/>
					<uint name="Buff或印记快照"/>
					<uint name="恢复Buff或印记快照"/>
					<uint name="改变射程"/>
				</Enum>
				<bool name="bIsOverrideParamsFromXls" value="false" refParamName="" useRefParam="false"/>
				<int name="OverrideParam1" value="0" refParamName="" useRefParam="false"/>
				<int name="OverrideParam2" value="0" refParamName="" useRefParam="false"/>
				<int name="OverrideParam3" value="0" refParamName="" useRefParam="false"/>
				<int name="OverrideParam4" value="0" refParamName="" useRefParam="false"/>
				<int name="OverrideParam5" value="0" refParamName="" useRefParam="false"/>
			</Event>
		</Track>
		<Track trackName="一技能CD？" eventType="CheckSkillCDTick" guid="39a33209-f262-4804-b971-84b15b86e092" enabled="false" refParamName="" useRefParam="false" r="0.000" g="1.000" b="0.483" execOnForceStopped="false" execOnActionCompleted="false" stopAfterLastEvent="true">
			<Event eventName="CheckSkillCDTick" time="0.000" isDuration="false">
				<TemplateObject name="targetId" objectName="self" id="0" isTemp="false" refParamName="" useRefParam="false"/>
				<bool name="bCheckSlot" value="true" refParamName="" useRefParam="false"/>
				<Enum name="checkSlot" value="1" refParamName="" useRefParam="false">
					<uint name="普攻"/>
					<uint name="技能1"/>
					<uint name="技能2"/>
					<uint name="技能3"/>
					<uint name="技能4"/>
					<uint name="天赋技能"/>
					<uint name="回城"/>
					<uint name="饰品栏技能"/>
					<uint name=""/>
					<uint name=""/>
					<uint name=""/>
				</Enum>
			</Event>
		</Track>
		<Track trackName="ChangeSkillTriggerTick0" eventType="ChangeSkillTriggerTick" guid="cc560a92-643f-46a6-949e-b8e651cd8b19" enabled="false" refParamName="" useRefParam="false" r="0.950" g="0.000" b="1.000" execOnForceStopped="false" execOnActionCompleted="false" stopAfterLastEvent="true">
			<Condition id="5" guid="39a33209-f262-4804-b971-84b15b86e092" status="true"/>
			<Condition id="2" guid="63f0d386-971c-4166-ac34-3c8d009a531b" status="true"/>
			<Event eventName="ChangeSkillTriggerTick" time="0.000" isDuration="false">
				<TemplateObject name="targetId" objectName="self" id="0" isTemp="false" refParamName="" useRefParam="false"/>
				<bool name="bCurrentSkill" value="false" refParamName="" useRefParam="false"/>
				<Enum name="slotType" value="1" refParamName="" useRefParam="false">
					<uint name="普攻"/>
					<uint name="技能1"/>
					<uint name="技能2"/>
					<uint name="技能3"/>
					<uint name="技能4"/>
					<uint name="天赋技能"/>
					<uint name="回城"/>
					<uint name="饰品栏技能"/>
					<uint name="空"/>
					<uint name="装备主动技能"/>
					<uint name="空"/>
					<uint name="特殊技能"/>
				</Enum>
				<int name="effectTime" value="3000" refParamName="" useRefParam="false"/>
				<int name="recoverSkillID" value="12010" refParamName="" useRefParam="false"/>
				<bool name="bCheckCondition" value="false" refParamName="" useRefParam="false"/>
				<bool name="bOvertimeCD" value="false" refParamName="" useRefParam="false"/>
				<bool name="bSendEvent" value="true" refParamName="" useRefParam="false"/>
				<bool name="bUseCombo" value="true" refParamName="" useRefParam="false"/>
				<bool name="bAbort" value="false" refParamName="" useRefParam="false"/>
				<bool name="bUseStop" value="true" refParamName="" useRefParam="false"/>
				<TemplateObject name="attackTargetId" objectName="None" id="-1" isTemp="false" refParamName="" useRefParam="false"/>
				<bool name="bUseSkillLevel" value="false" refParamName="" useRefParam="false"/>
				<int name="changeSkillID" value="12011" refParamName="" useRefParam="false"/>
				<int name="changeSkillID2" value="0" refParamName="" useRefParam="false"/>
				<int name="changeSkillID3" value="0" refParamName="" useRefParam="false"/>
				<int name="changeSkillID4" value="0" refParamName="" useRefParam="false"/>
				<int name="changeSkillID1Probability" value="100" refParamName="" useRefParam="false"/>
				<int name="changeSkillID2Probability" value="100" refParamName="" useRefParam="false"/>
				<int name="changeSkillID3Probability" value="100" refParamName="" useRefParam="false"/>
				<int name="changeSkillID4Probability" value="100" refParamName="" useRefParam="false"/>
				<Enum name="refSkillSlot" value="1" refParamName="" useRefParam="false">
					<uint name="普攻"/>
					<uint name="技能1"/>
					<uint name="技能2"/>
					<uint name="技能3"/>
					<uint name="技能4"/>
					<uint name="天赋技能"/>
					<uint name="回城"/>
					<uint name="饰品栏技能"/>
					<uint name=""/>
					<uint name=""/>
					<uint name=""/>
				</Enum>
				<int name="level0Id" value="0" refParamName="" useRefParam="false"/>
				<int name="level1Id" value="0" refParamName="" useRefParam="false"/>
				<int name="level2Id" value="0" refParamName="" useRefParam="false"/>
				<int name="level3Id" value="0" refParamName="" useRefParam="false"/>
				<int name="level4Id" value="0" refParamName="" useRefParam="false"/>
				<int name="level5Id" value="0" refParamName="" useRefParam="false"/>
				<int name="level6Id" value="0" refParamName="" useRefParam="false"/>
				<bool name="bOtherSkillAbort" value="false" refParamName="" useRefParam="false"/>
			</Event>
		</Track>
		<Track trackName="SkillTimerProcessBarDuration0" eventType="SkillTimerProcessBarDuration" guid="ea5c6305-6c16-4560-821c-aaae84eb8a32" enabled="false" refParamName="" useRefParam="false" r="0.883" g="1.000" b="0.000" execOnForceStopped="false" execOnActionCompleted="false" stopAfterLastEvent="true">
			<Condition id="5" guid="39a33209-f262-4804-b971-84b15b86e092" status="true"/>
			<Condition id="2" guid="63f0d386-971c-4166-ac34-3c8d009a531b" status="true"/>
			<Event eventName="SkillTimerProcessBarDuration" time="0.000" length="3.000" isDuration="true">
				<TemplateObject name="targetId" objectName="self" id="0" isTemp="false" refParamName="" useRefParam="false"/>
				<Enum name="timerBarStyle" value="0" refParamName="" useRefParam="false">
					<uint name="普通"/>
					<uint name="蓄力"/>
				</Enum>
				<int name="CriticalPointTime" value="0" refParamName="" useRefParam="false"/>
				<bool name="applyActionSpeed" value="false" refParamName="" useRefParam="false"/>
			</Event>
		</Track>
		<Track trackName="二技能CD？" eventType="CheckSkillCDTick" guid="ea6480ac-8eb0-4b2d-b55a-ec300e8acba9" enabled="false" refParamName="" useRefParam="false" r="0.000" g="1.000" b="0.517" execOnForceStopped="false" execOnActionCompleted="false" stopAfterLastEvent="true">
			<Event eventName="CheckSkillCDTick" time="0.000" isDuration="false">
				<TemplateObject name="targetId" objectName="self" id="0" isTemp="false" refParamName="" useRefParam="false"/>
				<bool name="bCheckSlot" value="true" refParamName="" useRefParam="false"/>
				<Enum name="checkSlot" value="2" refParamName="" useRefParam="false">
					<uint name="普攻"/>
					<uint name="技能1"/>
					<uint name="技能2"/>
					<uint name="技能3"/>
					<uint name="技能4"/>
					<uint name="天赋技能"/>
					<uint name="回城"/>
					<uint name="饰品栏技能"/>
					<uint name=""/>
					<uint name=""/>
					<uint name=""/>
				</Enum>
			</Event>
		</Track>
		<Track trackName="ChangeSkillTriggerTick0" eventType="ChangeSkillTriggerTick" guid="c75276df-dbf2-4786-9855-f19a4d2d5b32" enabled="false" refParamName="" useRefParam="false" r="0.483" g="1.000" b="0.000" execOnForceStopped="false" execOnActionCompleted="false" stopAfterLastEvent="true">
			<Condition id="2" guid="63f0d386-971c-4166-ac34-3c8d009a531b" status="true"/>
			<Condition id="8" guid="ea6480ac-8eb0-4b2d-b55a-ec300e8acba9" status="true"/>
			<Event eventName="ChangeSkillTriggerTick" time="0.000" isDuration="false">
				<TemplateObject name="targetId" objectName="self" id="0" isTemp="false" refParamName="" useRefParam="false"/>
				<bool name="bCurrentSkill" value="false" refParamName="" useRefParam="false"/>
				<Enum name="slotType" value="2" refParamName="" useRefParam="false">
					<uint name="普攻"/>
					<uint name="技能1"/>
					<uint name="技能2"/>
					<uint name="技能3"/>
					<uint name="技能4"/>
					<uint name="天赋技能"/>
					<uint name="回城"/>
					<uint name="饰品栏技能"/>
					<uint name="空"/>
					<uint name="装备主动技能"/>
					<uint name="空"/>
					<uint name="特殊技能"/>
				</Enum>
				<int name="effectTime" value="3000" refParamName="" useRefParam="false"/>
				<int name="recoverSkillID" value="12030" refParamName="" useRefParam="false"/>
				<bool name="bCheckCondition" value="false" refParamName="" useRefParam="false"/>
				<bool name="bOvertimeCD" value="false" refParamName="" useRefParam="false"/>
				<bool name="bSendEvent" value="true" refParamName="" useRefParam="false"/>
				<bool name="bUseCombo" value="true" refParamName="" useRefParam="false"/>
				<bool name="bAbort" value="false" refParamName="" useRefParam="false"/>
				<bool name="bUseStop" value="true" refParamName="" useRefParam="false"/>
				<TemplateObject name="attackTargetId" objectName="None" id="-1" isTemp="false" refParamName="" useRefParam="false"/>
				<bool name="bUseSkillLevel" value="false" refParamName="" useRefParam="false"/>
				<int name="changeSkillID" value="12031" refParamName="" useRefParam="false"/>
				<int name="changeSkillID2" value="0" refParamName="" useRefParam="false"/>
				<int name="changeSkillID3" value="0" refParamName="" useRefParam="false"/>
				<int name="changeSkillID4" value="0" refParamName="" useRefParam="false"/>
				<int name="changeSkillID1Probability" value="100" refParamName="" useRefParam="false"/>
				<int name="changeSkillID2Probability" value="100" refParamName="" useRefParam="false"/>
				<int name="changeSkillID3Probability" value="100" refParamName="" useRefParam="false"/>
				<int name="changeSkillID4Probability" value="100" refParamName="" useRefParam="false"/>
				<Enum name="refSkillSlot" value="1" refParamName="" useRefParam="false">
					<uint name="普攻"/>
					<uint name="技能1"/>
					<uint name="技能2"/>
					<uint name="技能3"/>
					<uint name="技能4"/>
					<uint name="天赋技能"/>
					<uint name="回城"/>
					<uint name="饰品栏技能"/>
					<uint name=""/>
					<uint name=""/>
					<uint name=""/>
				</Enum>
				<int name="level0Id" value="0" refParamName="" useRefParam="false"/>
				<int name="level1Id" value="0" refParamName="" useRefParam="false"/>
				<int name="level2Id" value="0" refParamName="" useRefParam="false"/>
				<int name="level3Id" value="0" refParamName="" useRefParam="false"/>
				<int name="level4Id" value="0" refParamName="" useRefParam="false"/>
				<int name="level5Id" value="0" refParamName="" useRefParam="false"/>
				<int name="level6Id" value="0" refParamName="" useRefParam="false"/>
				<bool name="bOtherSkillAbort" value="false" refParamName="" useRefParam="false"/>
			</Event>
		</Track>
		<Track trackName="SkillTimerProcessBarDuration0" eventType="SkillTimerProcessBarDuration" guid="3bb34be3-9967-484a-ad45-8e1e0db83da0" enabled="false" refParamName="" useRefParam="false" r="0.000" g="0.433" b="1.000" execOnForceStopped="false" execOnActionCompleted="false" stopAfterLastEvent="true">
			<Condition id="2" guid="63f0d386-971c-4166-ac34-3c8d009a531b" status="true"/>
			<Condition id="8" guid="ea6480ac-8eb0-4b2d-b55a-ec300e8acba9" status="true"/>
			<Event eventName="SkillTimerProcessBarDuration" time="0.000" length="3.000" isDuration="true">
				<TemplateObject name="targetId" objectName="self" id="0" isTemp="false" refParamName="" useRefParam="false"/>
				<Enum name="timerBarStyle" value="0" refParamName="" useRefParam="false">
					<uint name="普通"/>
					<uint name="蓄力"/>
				</Enum>
				<int name="CriticalPointTime" value="0" refParamName="" useRefParam="false"/>
				<bool name="applyActionSpeed" value="false" refParamName="" useRefParam="false"/>
			</Event>
		</Track>
		<Track trackName="SkillTimerProcessBarDuration0" eventType="SkillTimerProcessBarDuration" guid="3ac39abd-9baf-4830-89b0-d1c79b41c299" enabled="true" refParamName="" useRefParam="false" r="1.000" g="0.283" b="0.000" execOnForceStopped="false" execOnActionCompleted="false" stopAfterLastEvent="true">
			<Condition id="2" guid="63f0d386-971c-4166-ac34-3c8d009a531b" status="true"/>
			<Event eventName="SkillTimerProcessBarDuration" time="0.000" length="5.000" isDuration="true">
				<TemplateObject name="targetId" objectName="self" id="0" isTemp="false" refParamName="" useRefParam="false"/>
				<Enum name="timerBarStyle" value="0" refParamName="" useRefParam="false">
					<uint name="普通"/>
					<uint name="蓄力"/>
				</Enum>
				<int name="CriticalPointTime" value="0" refParamName="" useRefParam="false"/>
				<bool name="applyActionSpeed" value="false" refParamName="" useRefParam="false"/>
			</Event>
		</Track>
		<Track trackName="ChangeSkillTriggerDuration0" eventType="ChangeSkillTriggerDuration" guid="dac14e44-2944-4661-94e7-2f2f5268f173" enabled="true" refParamName="" useRefParam="false" r="0.517" g="1.000" b="0.000" execOnForceStopped="false" execOnActionCompleted="false" stopAfterLastEvent="true">
			<Condition id="2" guid="63f0d386-971c-4166-ac34-3c8d009a531b" status="true"/>
			<Event eventName="ChangeSkillTriggerDuration" time="0.000" length="5.000" isDuration="true">
				<TemplateObject name="targetId" objectName="self" id="0" isTemp="false" refParamName="" useRefParam="false"/>
				<bool name="bCurrentSkill" value="false" refParamName="" useRefParam="false"/>
				<Enum name="slotType" value="1" refParamName="" useRefParam="false">
					<uint name="普攻"/>
					<uint name="技能1"/>
					<uint name="技能2"/>
					<uint name="技能3"/>
					<uint name="技能4"/>
					<uint name="天赋技能"/>
					<uint name="回城"/>
					<uint name="饰品栏技能"/>
					<uint name=""/>
					<uint name=""/>
					<uint name=""/>
				</Enum>
				<int name="changeSkillID" value="12011" refParamName="" useRefParam="false"/>
				<int name="recoverSkillID" value="12010" refParamName="" useRefParam="false"/>
				<bool name="bReturnCDWhenLeave" value="true" refParamName="" useRefParam="false"/>
				<bool name="bCalcCDBackground" value="true" refParamName="" useRefParam="false"/>
				<bool name="bSendEvent" value="true" refParamName="" useRefParam="false"/>
				<bool name="bUseCombo" value="true" refParamName="" useRefParam="false"/>
				<bool name="bAbort" value="false" refParamName="" useRefParam="false"/>
				<bool name="bUseStop" value="true" refParamName="" useRefParam="false"/>
				<bool name="bOtherSkillAbort" value="false" refParamName="" useRefParam="false"/>
			</Event>
		</Track>
		<Track trackName="重置冷却" eventType="HitTriggerTick" guid="b9a3bb4e-8c38-4c35-ae70-ed83bc3595de" enabled="true" refParamName="" useRefParam="false" r="0.900" g="1.000" b="0.000" execOnForceStopped="false" execOnActionCompleted="false" stopAfterLastEvent="true">
			<Condition id="2" guid="63f0d386-971c-4166-ac34-3c8d009a531b" status="true"/>
			<Event eventName="HitTriggerTick" time="0.000" isDuration="false">
				<TemplateObject name="targetId" objectName="self" id="0" isTemp="false" refParamName="" useRefParam="false"/>
				<TemplateObject name="hitTargetId" objectName="None" id="-1" isTemp="false" refParamName="" useRefParam="false"/>
				<bool name="bInheritRefParams" value="false" refParamName="" useRefParam="false"/>
				<bool name="bulletHit" value="false" refParamName="" useRefParam="false"/>
				<TemplateObject name="victimId" objectName="None" id="-1" isTemp="false" refParamName="" useRefParam="false"/>
				<bool name="lastHit" value="false" refParamName="" useRefParam="false"/>
				<bool name="bSkillCombineChoose" value="false" refParamName="" useRefParam="false"/>
				<int name="SelfSkillCombineID_1" value="120003" refParamName="" useRefParam="false"/>
				<int name="SelfSkillCombineID_2" value="0" refParamName="" useRefParam="false"/>
				<int name="SelfSkillCombineID_3" value="0" refParamName="" useRefParam="false"/>
				<int name="SelfSkillCombineID1Probability" value="0" refParamName="" useRefParam="false"/>
				<int name="SelfSkillCombineID2Probability" value="0" refParamName="" useRefParam="false"/>
				<int name="SelfSkillCombineID3Probability" value="0" refParamName="" useRefParam="false"/>
				<int name="TargetSkillCombine_1" value="0" refParamName="" useRefParam="false"/>
				<int name="TargetSkillCombine_2" value="0" refParamName="" useRefParam="false"/>
				<int name="TargetSkillCombine_3" value="0" refParamName="" useRefParam="false"/>
				<int name="TargetSkillCombineID1Probability" value="0" refParamName="" useRefParam="false"/>
				<int name="TargetSkillCombineID2Probability" value="0" refParamName="" useRefParam="false"/>
				<int name="TargetSkillCombineID3Probability" value="0" refParamName="" useRefParam="false"/>
				<bool name="bCheckSight" value="false" refParamName="" useRefParam="false"/>
				<bool name="bCheckSkillLevel" value="false" refParamName="" useRefParam="false"/>
				<Enum name="refSkillSlot" value="1" refParamName="" useRefParam="false">
					<uint name="普攻"/>
					<uint name="技能1"/>
					<uint name="技能2"/>
					<uint name="技能3"/>
					<uint name="技能4"/>
					<uint name="天赋技能"/>
					<uint name="回城"/>
					<uint name="饰品栏技能"/>
					<uint name=""/>
					<uint name=""/>
					<uint name=""/>
				</Enum>
				<int name="refSkillLevel" value="0" refParamName="" useRefParam="false"/>
				<Enum name="compareOPType" value="3" refParamName="" useRefParam="false">
					<uint name="不比较"/>
					<uint name="小于"/>
					<uint name="小等于"/>
					<uint name="等于"/>
					<uint name="大于"/>
					<uint name="大等于"/>
					<uint name=""/>
					<uint name=""/>
					<uint name=""/>
				</Enum>
				<TemplateObject name="triggerId" objectName="None" id="-1" isTemp="false" refParamName="" useRefParam="false"/>
				<bool name="bExtraBuff" value="false" refParamName="" useRefParam="false"/>
				<bool name="bOverrideParam" value="false" refParamName="" useRefParam="false"/>
				<int name="buffOverrideParam1" value="0" refParamName="" useRefParam="false"/>
				<int name="buffOverrideParam2" value="0" refParamName="" useRefParam="false"/>
				<int name="buffOverrideParam3" value="0" refParamName="" useRefParam="false"/>
				<int name="buffOverrideParam4" value="0" refParamName="" useRefParam="false"/>
				<int name="buffOverrideParam5" value="0" refParamName="" useRefParam="false"/>
				<TemplateObject name="paramTargetId" objectName="None" id="-1" isTemp="false" refParamName="" useRefParam="false"/>
				<TemplateObject name="paramTargetId2" objectName="None" id="-1" isTemp="false" refParamName="" useRefParam="false"/>
			</Event>
		</Track>
		<Track trackName="满层互斥" eventType="HitTriggerTick" guid="40e6fce3-cfd3-4501-a0fe-3b5946a346e8" enabled="true" refParamName="" useRefParam="false" r="1.000" g="0.300" b="0.000" execOnForceStopped="false" execOnActionCompleted="false" stopAfterLastEvent="true">
			<Condition id="2" guid="63f0d386-971c-4166-ac34-3c8d009a531b" status="true"/>
			<Event eventName="HitTriggerTick" time="0.000" isDuration="false">
				<TemplateObject name="targetId" objectName="self" id="0" isTemp="false" refParamName="" useRefParam="false"/>
				<TemplateObject name="hitTargetId" objectName="None" id="-1" isTemp="false" refParamName="" useRefParam="false"/>
				<bool name="bInheritRefParams" value="false" refParamName="" useRefParam="false"/>
				<bool name="bulletHit" value="false" refParamName="" useRefParam="false"/>
				<TemplateObject name="victimId" objectName="None" id="-1" isTemp="false" refParamName="" useRefParam="false"/>
				<bool name="lastHit" value="false" refParamName="" useRefParam="false"/>
				<bool name="bSkillCombineChoose" value="false" refParamName="" useRefParam="false"/>
				<int name="SelfSkillCombineID_1" value="120006" refParamName="" useRefParam="false"/>
				<int name="SelfSkillCombineID_2" value="0" refParamName="" useRefParam="false"/>
				<int name="SelfSkillCombineID_3" value="0" refParamName="" useRefParam="false"/>
				<int name="SelfSkillCombineID1Probability" value="0" refParamName="" useRefParam="false"/>
				<int name="SelfSkillCombineID2Probability" value="0" refParamName="" useRefParam="false"/>
				<int name="SelfSkillCombineID3Probability" value="0" refParamName="" useRefParam="false"/>
				<int name="TargetSkillCombine_1" value="0" refParamName="" useRefParam="false"/>
				<int name="TargetSkillCombine_2" value="0" refParamName="" useRefParam="false"/>
				<int name="TargetSkillCombine_3" value="0" refParamName="" useRefParam="false"/>
				<int name="TargetSkillCombineID1Probability" value="0" refParamName="" useRefParam="false"/>
				<int name="TargetSkillCombineID2Probability" value="0" refParamName="" useRefParam="false"/>
				<int name="TargetSkillCombineID3Probability" value="0" refParamName="" useRefParam="false"/>
				<bool name="bCheckSight" value="false" refParamName="" useRefParam="false"/>
				<bool name="bCheckSkillLevel" value="false" refParamName="" useRefParam="false"/>
				<Enum name="refSkillSlot" value="1" refParamName="" useRefParam="false">
					<uint name="普攻"/>
					<uint name="技能1"/>
					<uint name="技能2"/>
					<uint name="技能3"/>
					<uint name="技能4"/>
					<uint name="天赋技能"/>
					<uint name="回城"/>
					<uint name="饰品栏技能"/>
					<uint name=""/>
					<uint name=""/>
					<uint name=""/>
				</Enum>
				<int name="refSkillLevel" value="0" refParamName="" useRefParam="false"/>
				<Enum name="compareOPType" value="3" refParamName="" useRefParam="false">
					<uint name="不比较"/>
					<uint name="小于"/>
					<uint name="小等于"/>
					<uint name="等于"/>
					<uint name="大于"/>
					<uint name="大等于"/>
					<uint name=""/>
					<uint name=""/>
					<uint name=""/>
				</Enum>
				<TemplateObject name="triggerId" objectName="None" id="-1" isTemp="false" refParamName="" useRefParam="false"/>
				<bool name="bExtraBuff" value="false" refParamName="" useRefParam="false"/>
				<bool name="bOverrideParam" value="false" refParamName="" useRefParam="false"/>
				<int name="buffOverrideParam1" value="0" refParamName="" useRefParam="false"/>
				<int name="buffOverrideParam2" value="0" refParamName="" useRefParam="false"/>
				<int name="buffOverrideParam3" value="0" refParamName="" useRefParam="false"/>
				<int name="buffOverrideParam4" value="0" refParamName="" useRefParam="false"/>
				<int name="buffOverrideParam5" value="0" refParamName="" useRefParam="false"/>
				<TemplateObject name="paramTargetId" objectName="None" id="-1" isTemp="false" refParamName="" useRefParam="false"/>
				<TemplateObject name="paramTargetId2" objectName="None" id="-1" isTemp="false" refParamName="" useRefParam="false"/>
			</Event>
		</Track>
		<Track trackName="ChangeSkillTriggerDuration0" eventType="ChangeSkillTriggerDuration" guid="3baa90c8-d17c-4936-a595-2e82d44f43cf" enabled="false" refParamName="" useRefParam="false" r="0.000" g="0.183" b="1.000" execOnForceStopped="false" execOnActionCompleted="false" stopAfterLastEvent="true">
			<Condition id="2" guid="63f0d386-971c-4166-ac34-3c8d009a531b" status="true"/>
			<Event eventName="ChangeSkillTriggerDuration" time="0.000" length="5.000" isDuration="true">
				<TemplateObject name="targetId" objectName="self" id="0" isTemp="false" refParamName="" useRefParam="false"/>
				<bool name="bCurrentSkill" value="false" refParamName="" useRefParam="false"/>
				<Enum name="slotType" value="2" refParamName="" useRefParam="false">
					<uint name="普攻"/>
					<uint name="技能1"/>
					<uint name="技能2"/>
					<uint name="技能3"/>
					<uint name="技能4"/>
					<uint name="天赋技能"/>
					<uint name="回城"/>
					<uint name="饰品栏技能"/>
					<uint name=""/>
					<uint name=""/>
					<uint name=""/>
				</Enum>
				<int name="changeSkillID" value="12031" refParamName="" useRefParam="false"/>
				<int name="recoverSkillID" value="12030" refParamName="" useRefParam="false"/>
				<bool name="bReturnCDWhenLeave" value="true" refParamName="" useRefParam="false"/>
				<bool name="bCalcCDBackground" value="false" refParamName="" useRefParam="false"/>
				<bool name="bSendEvent" value="true" refParamName="" useRefParam="false"/>
				<bool name="bUseCombo" value="true" refParamName="" useRefParam="false"/>
				<bool name="bAbort" value="false" refParamName="" useRefParam="false"/>
				<bool name="bUseStop" value="true" refParamName="" useRefParam="false"/>
				<bool name="bOtherSkillAbort" value="false" refParamName="" useRefParam="false"/>
			</Event>
		</Track>
	</Action>
</Project>

