﻿<?xml version="1.0" encoding="utf-8"?>
<Project>
	<TemplateObjectList>
		<TemplateObject objectName="攻击者" id="0" isTemp="false" />
		<TemplateObject objectName="target" id="1" isTemp="false" />
		<TemplateObject objectName="bullet" id="2" isTemp="true" />
		<TemplateObject objectName="bullet1" id="3" isTemp="true" />
	</TemplateObjectList>
	<RefParamList>
		<String name="BulletPrefab" value="" refParamName="" useRefParam="false" />
		<Vector3i name="_TargetDir" x="0" y="0" z="0" refParamName="" useRefParam="false" />
	</RefParamList>
	<Action tag="" length="1.500" loop="false">
		<Track trackName="SpawnObjectDuration0" eventType="SpawnObjectDuration" guid="c890e4ed-8300-4e21-8d66-757283ec3cc0" enabled="true" useRefParam="false" refParamName="" r="0.000" g="0.433" b="1.000" execOnForceStopped="false" execOnActionCompleted="false" stopAfterLastEvent="true">
			<Event eventName="SpawnObjectDuration" time="0.000" length="0.600" isDuration="true">
				<TemplateObject name="targetId" objectName="bullet" id="2" isTemp="true" refParamName="" useRefParam="false" />
				<TemplateObject name="parentId" objectName="None" id="-1" isTemp="false" refParamName="" useRefParam="false" />
				<TemplateObject name="objectSpaceId" objectName="攻击者" id="0" isTemp="false" refParamName="" useRefParam="false" />
				<bool name="bTargetPosition" value="false" refParamName="" useRefParam="false" />
				<Vector3i name="targetPosition" x="0" y="0" z="0" refParamName="" useRefParam="false" />
				<String name="prefabName" value="prefab_characters/commonempty" refParamName="" useRefParam="false" />
				<bool name="bMoveCollision" value="false" refParamName="" useRefParam="false" />
				<bool name="recreateExisting" value="true" refParamName="" useRefParam="false" />
				<bool name="superTranslation" value="false" refParamName="" useRefParam="false" />
				<bool name="modifyTranslation" value="true" refParamName="" useRefParam="false" />
				<Vector3i name="translation" x="-300" y="1400" z="1000" refParamName="" useRefParam="false" />
				<bool name="modifyDirection" value="true" refParamName="" useRefParam="false" />
				<Vector3i name="direction" x="0" y="0" z="0" refParamName="" useRefParam="false" />
				<bool name="modifyScaling" value="true" refParamName="" useRefParam="false" />
				<Vector3 name="scaling" x="1.000" y="1.000" z="1.000" refParamName="" useRefParam="false" />
				<bool name="enableLayer" value="false" refParamName="" useRefParam="false" />
				<int name="layer" value="0" refParamName="" useRefParam="false" />
				<bool name="enableTag" value="false" refParamName="" useRefParam="false" />
				<String name="tag" value="" refParamName="" useRefParam="false" />
				<bool name="applyActionSpeedToAnimation" value="true" refParamName="" useRefParam="false" />
				<bool name="applyActionSpeedToParticle" value="true" refParamName="" useRefParam="false" />
				<int name="sightRadius" value="0" refParamName="" useRefParam="false" />
				<bool name="bUseSkinAdvance" value="false" refParamName="" useRefParam="false" />
				<bool name="bUseSkin" value="true" refParamName="" useRefParam="false" />
				<int name="SightRadiusGrowth" value="0" refParamName="" useRefParam="false" />
				<bool name="bVisibleByFow" value="true" refParamName="" useRefParam="false" />
				<bool name="bCheckVisibleByShape" value="false" refParamName="" useRefParam="false" />
				<bool name="bEyeObj" value="false" refParamName="" useRefParam="false" />
				<int name="EyeLifeTime" value="0" refParamName="" useRefParam="false" />
				<int name="EyeLiftTimeGrowth" value="0" refParamName="" useRefParam="false" />
				<int name="EyePerishAdvTime" value="5000" refParamName="" useRefParam="false" />
				<int name="EyeCfgIdByMonster" value="0" refParamName="" useRefParam="false" />
				<bool name="bInvisibleBullet" value="false" refParamName="" useRefParam="false" />
				<bool name="bForbidBulletInObstacle" value="false" refParamName="" useRefParam="false" />
			</Event>
		</Track>
		<Track trackName="SetCollisionTick4" eventType="SetCollisionTick" guid="404fc34f-aead-48ae-890c-d8932ee06ed5" enabled="true" useRefParam="false" refParamName="" r="0.000" g="1.000" b="0.867" execOnForceStopped="false" execOnActionCompleted="false" stopAfterLastEvent="true">
			<Event eventName="SetCollisionTick" time="0.000" isDuration="false">
				<TemplateObject name="targetId" objectName="bullet" id="2" isTemp="false" refParamName="" useRefParam="false" />
				<Enum name="type" value="1" refParamName="" useRefParam="false">
					<uint name="BOX" />
					<uint name="SPHERE" />
				</Enum>
				<Vector3i name="Pos" x="0" y="0" z="0" refParamName="" useRefParam="false" />
				<Vector3i name="Size" x="0" y="0" z="0" refParamName="" useRefParam="false" />
				<Vector3i name="SizeGrowthValue" x="0" y="0" z="0" refParamName="" useRefParam="false" />
				<int name="Radius" value="1000" refParamName="" useRefParam="false" />
				<int name="RadiusGrowthValue" value="0" refParamName="" useRefParam="false" />
				<int name="SectorRadius" value="1000" refParamName="" useRefParam="false" />
				<int name="Height" value="500" refParamName="" useRefParam="false" />
				<int name="Degree" value="160" refParamName="" useRefParam="false" />
				<int name="Rotation" value="160" refParamName="" useRefParam="false" />
				<int name="SectorRadiusGrow" value="0" refParamName="" useRefParam="false" />
				<int name="HeightGrow" value="0" refParamName="" useRefParam="false" />
				<int name="DegreeGrow" value="0" refParamName="" useRefParam="false" />
				<int name="RotationGrow" value="0" refParamName="" useRefParam="false" />
			</Event>
		</Track>
		<Track trackName="TriggerParticle6" eventType="TriggerParticle" guid="d1939f1f-84aa-46f2-9322-abcc2231ad1a" enabled="true" useRefParam="false" refParamName="" r="0.000" g="1.000" b="0.833" execOnForceStopped="false" execOnActionCompleted="false" stopAfterLastEvent="true">
			<Event eventName="TriggerParticle" time="0.100" length="0.500" isDuration="true">
				<TemplateObject name="targetId" objectName="bullet" id="2" isTemp="false" refParamName="" useRefParam="false" />
				<TemplateObject name="objectSpaceId" objectName="None" id="-1" isTemp="false" refParamName="" useRefParam="false" />
				<TemplateObject name="VirtualAttachBulletId" objectName="None" id="-1" isTemp="false" refParamName="" useRefParam="false" />
				<String name="resourceName" value="Prefab_Skill_Effects/Hero_Skill_Effects/177_ChengJiSiHan/17702/ChengJiSiHan_fly_01" refParamName="" useRefParam="false" />
				<String name="bindPointName" value="" refParamName="" useRefParam="false" />
				<Vector3 name="bindPosOffset" x="0.000" y="0.000" z="1.000" refParamName="" useRefParam="false" />
				<EulerAngle name="bindRotOffset" x="0.000" y="0.000" z="0.000" refParamName="" useRefParam="false" />
				<Vector3 name="scaling" x="0.800" y="0.800" z="0.800" refParamName="" useRefParam="false" />
				<bool name="bEnableOptCull" value="true" refParamName="" useRefParam="false" />
				<bool name="enableLayer" value="false" refParamName="" useRefParam="false" />
				<bool name="bBulletPos" value="false" refParamName="" useRefParam="false" />
				<bool name="bBulletDir" value="false" refParamName="" useRefParam="false" />
				<bool name="bBullerPosDir" value="false" refParamName="" useRefParam="false" />
				<int name="layer" value="0" refParamName="" useRefParam="false" />
				<bool name="enableTag" value="false" refParamName="" useRefParam="false" />
				<String name="tag" value="" refParamName="" useRefParam="false" />
				<bool name="applyActionSpeedToParticle" value="true" refParamName="" useRefParam="false" />
				<int name="extend" value="10" refParamName="" useRefParam="false" />
				<bool name="bOnlyFollowPos" value="false" refParamName="" useRefParam="false" />
				<bool name="bUseSkin" value="true" refParamName="" useRefParam="false" />
				<bool name="bUseSkinAdvance" value="false" refParamName="" useRefParam="false" />
				<int name="iDelayDisappearTime" value="0" refParamName="" useRefParam="false" />
				<int name="particleScaleGrow" value="0" refParamName="" useRefParam="false" />
			</Event>
		</Track>
		<Track trackName="TriggerParticle7" eventType="TriggerParticle" guid="db5eac5a-0a6a-4d59-a368-8ddcc202a4ae" enabled="true" useRefParam="false" refParamName="" r="0.000" g="0.867" b="1.000" execOnForceStopped="false" execOnActionCompleted="false" stopAfterLastEvent="true">
			<Event eventName="TriggerParticle" time="0.100" length="0.500" isDuration="true">
				<TemplateObject name="targetId" objectName="bullet" id="2" isTemp="false" refParamName="" useRefParam="false" />
				<TemplateObject name="objectSpaceId" objectName="None" id="-1" isTemp="false" refParamName="" useRefParam="false" />
				<TemplateObject name="VirtualAttachBulletId" objectName="None" id="-1" isTemp="false" refParamName="" useRefParam="false" />
				<String name="resourceName" value="Prefab_Skill_Effects/Hero_Skill_Effects/177_ChengJiSiHan/17702/ChengJiSiHan_fly_02" refParamName="" useRefParam="false" />
				<String name="bindPointName" value="" refParamName="" useRefParam="false" />
				<Vector3 name="bindPosOffset" x="0.000" y="0.000" z="0.000" refParamName="" useRefParam="false" />
				<EulerAngle name="bindRotOffset" x="0.000" y="0.000" z="0.000" refParamName="" useRefParam="false" />
				<Vector3 name="scaling" x="1.000" y="1.000" z="1.000" refParamName="" useRefParam="false" />
				<bool name="bEnableOptCull" value="true" refParamName="" useRefParam="false" />
				<bool name="enableLayer" value="false" refParamName="" useRefParam="false" />
				<bool name="bBulletPos" value="false" refParamName="" useRefParam="false" />
				<bool name="bBulletDir" value="false" refParamName="" useRefParam="false" />
				<bool name="bBullerPosDir" value="false" refParamName="" useRefParam="false" />
				<int name="layer" value="0" refParamName="" useRefParam="false" />
				<bool name="enableTag" value="false" refParamName="" useRefParam="false" />
				<String name="tag" value="" refParamName="" useRefParam="false" />
				<bool name="applyActionSpeedToParticle" value="true" refParamName="" useRefParam="false" />
				<int name="extend" value="10" refParamName="" useRefParam="false" />
				<bool name="bOnlyFollowPos" value="false" refParamName="" useRefParam="false" />
				<bool name="bUseSkin" value="true" refParamName="" useRefParam="false" />
				<bool name="bUseSkinAdvance" value="false" refParamName="" useRefParam="false" />
				<int name="iDelayDisappearTime" value="0" refParamName="" useRefParam="false" />
				<int name="particleScaleGrow" value="0" refParamName="" useRefParam="false" />
			</Event>
		</Track>
		<Track trackName="MoveBulletDuration0" eventType="MoveBulletDuration" guid="a4b4420f-87ae-4a8f-8c74-f5b800394aec" enabled="true" useRefParam="false" refParamName="" r="1.000" g="0.000" b="0.367" execOnForceStopped="false" execOnActionCompleted="false" stopAfterLastEvent="true">
			<Event eventName="MoveBulletDuration" time="0.100" length="0.500" isDuration="true">
				<TemplateObject name="targetId" objectName="bullet" id="2" isTemp="false" refParamName="" useRefParam="false" />
				<TemplateObject name="destId" objectName="None" id="-1" isTemp="false" refParamName="" useRefParam="false" />
				<Vector3i name="targetPosition" x="0" y="0" z="0" refParamName="" useRefParam="false" />
				<Vector3i name="offsetDir" x="0" y="3" z="0" refParamName="" useRefParam="false" />
				<Enum name="MoveType" value="2" refParamName="" useRefParam="false">
					<uint name="指定目标" />
					<uint name="指定位置" />
					<uint name="指定朝向" />
				</Enum>
				<int name="distance" value="6000" refParamName="" useRefParam="false" />
				<bool name="bResetMoveDistance" value="false" refParamName="" useRefParam="false" />
				<int name="velocity" value="18000" refParamName="" useRefParam="false" />
				<int name="acceleration" value="0" refParamName="" useRefParam="false" />
				<int name="gravity" value="0" refParamName="" useRefParam="false" />
				<bool name="bMoveRotate" value="true" refParamName="" useRefParam="false" />
				<bool name="bAdjustSpeed" value="false" refParamName="" useRefParam="false" />
				<bool name="bBulletUseDir" value="false" refParamName="" useRefParam="false" />
				<bool name="bUseIndicatorDir" value="false" refParamName="" useRefParam="false" />
				<bool name="bReachDestStop" value="true" refParamName="" useRefParam="false" />
				<bool name="bMoveOnXAxis" value="false" refParamName="" useRefParam="false" />
				<int name="distanceZ0" value="0" refParamName="" useRefParam="false" />
				<int name="distanceZ1" value="0" refParamName="" useRefParam="false" />
				<int name="distanceX" value="0" refParamName="" useRefParam="false" />
			</Event>
		</Track>
		<Track trackName="HitTriggerDuration5" eventType="HitTriggerDuration" guid="42a1f1d4-ad56-4ce4-98a3-e8d44d584741" enabled="true" useRefParam="false" refParamName="" r="0.000" g="1.000" b="0.900" execOnForceStopped="false" execOnActionCompleted="false" stopAfterLastEvent="true">
			<Event eventName="HitTriggerDuration" time="0.100" length="0.500" isDuration="true">
				<TemplateObject name="triggerId" objectName="bullet" id="2" isTemp="false" refParamName="" useRefParam="false" />
				<TemplateObject name="attackerId" objectName="攻击者" id="0" isTemp="false" refParamName="" useRefParam="false" />
				<int name="triggerInterval" value="30" refParamName="" useRefParam="false" />
				<int name="TriggerActorInterval" value="30" refParamName="" useRefParam="false" />
				<bool name="bFilterEnemy" value="false" refParamName="" useRefParam="false" />
				<bool name="bFilterFriend" value="true" refParamName="" useRefParam="false" />
				<bool name="bFilterHero" value="false" refParamName="" useRefParam="false" />
				<bool name="bFileterMonter" value="false" refParamName="" useRefParam="false" />
				<bool name="bFileterOrgan" value="false" refParamName="" useRefParam="false" />
				<bool name="bFilterEye" value="true" refParamName="" useRefParam="false" />
				<bool name="bFilterMyself" value="true" refParamName="" useRefParam="false" />
				<bool name="bFilterDead" value="true" refParamName="" useRefParam="false" />
				<bool name="bFilterDeadControlHero" value="true" refParamName="" useRefParam="false" />
				<bool name="bFilterMoveDirection" value="false" refParamName="" useRefParam="false" />
				<int name="Angle" value="-1" refParamName="" useRefParam="false" />
				<int name="TriggerActorCount" value="1" refParamName="" useRefParam="false" />
				<Enum name="SelectMode" value="0" refParamName="" useRefParam="false">
					<uint name="随机选择" />
					<uint name="血量选择" />
					<uint name="按眼的规则选择" />
				</Enum>
				<int name="CollideMaxCount" value="1" refParamName="" useRefParam="false" />
				<bool name="bEdgeCheck" value="false" refParamName="" useRefParam="false" />
				<bool name="bExtraBuff" value="false" refParamName="" useRefParam="false" />
				<int name="SelfSkillCombineID_1" value="0" refParamName="" useRefParam="false" />
				<int name="SelfSkillCombineID_2" value="0" refParamName="" useRefParam="false" />
				<int name="SelfSkillCombineID_3" value="0" refParamName="" useRefParam="false" />
				<int name="TargetSkillCombine_1" value="177040" refParamName="" useRefParam="false" />
				<bool name="TargetSkillLeaveRemove_1" value="false" refParamName="" useRefParam="false" />
				<int name="TargetSkillCombine_2" value="0" refParamName="" useRefParam="false" />
				<bool name="TargetSkillLeaveRemove_2" value="false" refParamName="" useRefParam="false" />
				<int name="TargetSkillCombine_3" value="0" refParamName="" useRefParam="false" />
				<bool name="TargetSkillLeaveRemove_3" value="false" refParamName="" useRefParam="false" />
				<bool name="bTriggerBullet" value="false" refParamName="" useRefParam="false" />
				<String name="BulletActionName" value="" refParamName="" useRefParam="false" />
				<bool name="bAgeImmeExcute" value="false" refParamName="" useRefParam="false" />
				<bool name="bUseTriggerObj" value="true" refParamName="" useRefParam="false" />
				<bool name="bCheckSight" value="false" refParamName="" useRefParam="false" />
				<bool name="bTriggerMode" value="false" refParamName="" useRefParam="false" />
				<bool name="bTriggerBounceBullet" value="false" refParamName="" useRefParam="false" />
			</Event>
		</Track>
		<Track trackName="StopTrack1" eventType="StopTrack" guid="8633109d-53e5-4931-87b1-bf3472773aed" enabled="true" useRefParam="false" refParamName="" r="0.000" g="1.000" b="0.633" execOnForceStopped="false" execOnActionCompleted="false" stopAfterLastEvent="true">
			<Condition id="5" guid="42a1f1d4-ad56-4ce4-98a3-e8d44d584741" status="true" />
			<Event eventName="StopTrack" time="0.000" isDuration="false">
				<TrackObject name="trackId" id="2" guid="d1939f1f-84aa-46f2-9322-abcc2231ad1a" refParamName="" useRefParam="false" />
			</Event>
		</Track>
		<Track trackName="StopTrack5" eventType="StopTrack" guid="8d584109-07dd-454c-b19e-58f1ffc84e5f" enabled="true" useRefParam="false" refParamName="" r="0.000" g="1.000" b="0.467" execOnForceStopped="false" execOnActionCompleted="false" stopAfterLastEvent="true">
			<Condition id="5" guid="42a1f1d4-ad56-4ce4-98a3-e8d44d584741" status="true" />
			<Event eventName="StopTrack" time="0.000" isDuration="false">
				<TrackObject name="trackId" id="4" guid="a4b4420f-87ae-4a8f-8c74-f5b800394aec" refParamName="" useRefParam="false" />
			</Event>
		</Track>
	</Action>
</Project>