﻿<?xml version="1.0" encoding="utf-8"?>
<Project>
	<TemplateObjectList>
		<TemplateObject objectName="攻击者" id="0" isTemp="false" />
		<TemplateObject objectName="target" id="1" isTemp="false" />
	</TemplateObjectList>
	<RefParamList />
	<Action tag="" length="0.500" loop="false">
		<Track trackName="TriggerParticleTick0" eventType="TriggerParticleTick" guid="0f80c57a-20ec-4a36-8195-d291b546d450" enabled="false" lod="0" useRefParam="false" refParamName="" r="1.000" g="0.000" b="0.467" execOnForceStopped="false" execOnActionCompleted="false" stopAfterLastEvent="true">
			<Event eventName="TriggerParticleTick" time="0.000" isDuration="false">
				<TemplateObject name="targetId" objectName="None" id="-1" isTemp="false" refParamName="" useRefParam="false" />
				<TemplateObject name="objectSpaceId" objectName="target" id="1" isTemp="false" refParamName="" useRefParam="false" />
				<String name="resourceName" value="Prefab_Skill_Effects/Hero_Skill_Effects/173_LiYuanFang/17305/Liyuanfang_hurt03" refParamName="" useRefParam="false" />
				<float name="lifeTime" value="1.000" refParamName="" useRefParam="false" />
				<String name="bindPointName" value="" refParamName="" useRefParam="false" />
				<Vector3 name="bindPosOffset" x="0.000" y="1.000" z="0.000" refParamName="" useRefParam="false" />
				<EulerAngle name="bindRotOffset" x="0.000" y="0.000" z="0.000" refParamName="" useRefParam="false" />
				<Vector3 name="scaling" x="1.000" y="1.000" z="1.000" refParamName="" useRefParam="false" />
				<bool name="bEnableOptCull" value="true" refParamName="" useRefParam="false" />
				<bool name="enableLayer" value="false" refParamName="" useRefParam="false" />
				<bool name="bBulletPos" value="false" refParamName="" useRefParam="false" />
				<bool name="bBulletDir" value="false" refParamName="" useRefParam="false" />
				<bool name="bBullerPosDir" value="false" refParamName="" useRefParam="false" />
				<int name="layer" value="0" refParamName="" useRefParam="false" />
				<bool name="enableTag" value="false" refParamName="" useRefParam="false" />
				<String name="tag" value="" refParamName="" useRefParam="false" />
				<bool name="enableMaxLimit" value="false" refParamName="" useRefParam="false" />
				<int name="MaxLimit" value="10" refParamName="" useRefParam="false" />
				<int name="LimitType" value="-1" refParamName="" useRefParam="false" />
				<bool name="applyActionSpeedToParticle" value="true" refParamName="" useRefParam="false" />
				<int name="extend" value="10" refParamName="" useRefParam="false" />
				<bool name="bUseSkin" value="false" refParamName="" useRefParam="false" />
				<bool name="bUseSkinAdvance" value="false" refParamName="" useRefParam="false" />
			</Event>
		</Track>
		<Track trackName="SkillFuncInstant2" eventType="SkillFuncInstant" guid="375052b9-12b0-4f15-813e-e82d62c39b9e" enabled="true" lod="0" useRefParam="false" refParamName="" r="0.000" g="0.317" b="1.000" execOnForceStopped="false" execOnActionCompleted="false" stopAfterLastEvent="true">
			<Event eventName="SkillFuncInstant" time="0.000" isDuration="false">
				<Enum name="SkillFuncType" value="0" refParamName="" useRefParam="false">
					<uint name="物理伤害" />
					<uint name="法术伤害" />
					<uint name="真实伤害" />
					<uint name="回复生命值" />
					<uint name="增加攻击速度" />
					<uint name="减少攻击速度" />
					<uint name="增加移动速度" />
					<uint name="减少移动速度" />
					<uint name="提高攻击力" />
					<uint name="降低攻击力" />
					<uint name="吸血" />
					<uint name="增加护甲" />
					<uint name="减少护甲" />
					<uint name="增加抗性" />
					<uint name="减少抗性" />
					<uint name="免疫效果" />
					<uint name="减少技能CD" />
					<uint name="增加法术强度" />
					<uint name="减少法术强度" />
					<uint name="增加暴击率" />
					<uint name="减少暴击率" />
					<uint name="增加最大生命" />
					<uint name="减少最大生命" />
					<uint name="增加物理穿透" />
					<uint name="减少物理穿透" />
					<uint name="增加法术穿透" />
					<uint name="减少法术穿透" />
					<uint name="护盾" />
					<uint name="增加技能印记" />
					<uint name="触发技能印记" />
					<uint name="免疫伤害" />
					<uint name="免疫控制" />
					<uint name="迅速复活" />
					<uint name="法球效果" />
					<uint name="驱散效果" />
					<uint name="物理吸血" />
					<uint name="法术吸血" />
					<uint name="伤害免疫率" />
					<uint name="获取视野效果" />
					<uint name="隐身效果" />
					<uint name="伤害输出率效果" />
					<uint name="韧性率效果" />
					<uint name="冷却缩减效果" />
					<uint name="抗暴率效果" />
					<uint name="条件伤害输出率效果" />
					<uint name="忽略RVO" />
					<uint name="生命条件效果" />
					<uint name="更换血条风格" />
					<uint name="目标伤害加成效果" />
					<uint name="击杀经验加成效果" />
					<uint name="增加经验效果" />
					<uint name="受控额外效果" />
					<uint name="免疫暴击效果" />
					<uint name="限制最大伤害效果" />
					<uint name="免疫致命伤害效果" />
					<uint name="改变技能" />
					<uint name="禁用技能" />
					<uint name="改变暴击伤害效果" />
					<uint name="回复能量值" />
					<uint name="改变护甲穿透率" />
					<uint name="改变法术穿透率" />
					<uint name="普攻带法术效果" />
					<uint name="增加法术强度率" />
					<uint name="法术强度增益效果" />
					<uint name="回复增益效果" />
					<uint name="脱离战斗提速效果" />
					<uint name="护盾免疫控制" />
					<uint name="护甲减伤率" />
					<uint name="生命低时额外伤害" />
					<uint name="致盲（禁止使用）" />
					<uint name="移除技能效果" />
					<uint name="击杀金币加成效果" />
					<uint name="技能额外伤害效果" />
					<uint name="改变被动技能参数" />
					<uint name="改变狂意值" />
					<uint name="现形效果" />
				</Enum>
			</Event>
		</Track>
	</Action>
</Project>