<?xml version="1.0" encoding="utf-8"?>
<Project>
	<TemplateObjectList>
		<TemplateObject objectName="self" id="0" isTemp="false"/>
		<TemplateObject objectName="target" id="1" isTemp="false"/>
		<TemplateObject objectName="bullet" id="2" isTemp="true"/>
	</TemplateObjectList>
	<RefParamList>
		<Vector3i name="_TargetDir" x="0" y="0" z="0" refParamName="" useRefParam="false"/>
		<Vector3i name="_TargetPos" x="0" y="0" z="0" refParamName="" useRefParam="false"/>
	</RefParamList>
	<Action tag="" length="1.000" loop="false">
		<Track trackName="SetBehaviourModeTick4" eventType="SetBehaviourModeTick" guid="cb2d7ff1-962e-4814-b9cd-1116d6359a3c" enabled="true" refParamName="" useRefParam="false" r="0.000" g="0.683" b="1.000" execOnForceStopped="false" execOnActionCompleted="false" stopAfterLastEvent="true">
			<Event eventName="SetBehaviourModeTick" time="0.000" isDuration="false">
				<TemplateObject name="targetId" objectName="self" id="0" isTemp="false" refParamName="" useRefParam="false"/>
				<bool name="stopMove" value="true" refParamName="" useRefParam="false"/>
				<bool name="clearMove" value="false" refParamName="" useRefParam="false"/>
				<bool name="IsClearSkillCache" value="false" refParamName="" useRefParam="false"/>
				<bool name="stopCurSkill" value="false" refParamName="" useRefParam="false"/>
				<bool name="delayStopCurSkill" value="false" refParamName="" useRefParam="false"/>
				<bool name="deadControl" value="false" refParamName="" useRefParam="false"/>
				<Enum name="eAbortLevel" value="0" refParamName="" useRefParam="false">
					<uint name="不打断"/>
					<uint name="延迟打断"/>
					<uint name="强制打断"/>
				</Enum>
				<bool name="interuptAutoAttack" value="false" refParamName="" useRefParam="false"/>
			</Event>
		</Track>
		<Track trackName="SetAttackDirDuration0" eventType="SetAttackDirDuration" guid="c23ffb9b-9c27-4248-b264-2d4782a105a8" enabled="true" refParamName="" useRefParam="false" r="0.950" g="0.000" b="1.000" execOnForceStopped="false" execOnActionCompleted="false" stopAfterLastEvent="true">
			<Event eventName="SetAttackDirDuration" time="0.000" length="0.050" isDuration="true">
				<TemplateObject name="attackerId" objectName="self" id="0" isTemp="false" refParamName="" useRefParam="false"/>
				<bool name="bForceRotate" value="false" refParamName="" useRefParam="false"/>
				<bool name="bImmediateRotate" value="false" refParamName="" useRefParam="false"/>
				<bool name="bUseSpecifiedDir" value="false" refParamName="" useRefParam="false"/>
				<Vector3i name="specifiedDir" x="0" y="0" z="0" refParamName="" useRefParam="false"/>
			</Event>
		</Track>
		<Track trackName="ForbidAbilityDuration2" eventType="ForbidAbilityDuration" guid="fc0e2e94-f3a6-4b0a-9827-8273ccea9616" enabled="true" refParamName="" useRefParam="false" r="0.000" g="1.000" b="0.317" execOnForceStopped="false" execOnActionCompleted="false" stopAfterLastEvent="true">
			<Event eventName="ForbidAbilityDuration" time="0.000" length="0.267" isDuration="true">
				<TemplateObject name="attackerId" objectName="self" id="0" isTemp="false" refParamName="" useRefParam="false"/>
				<bool name="forbidMove" value="true" refParamName="" useRefParam="false"/>
				<bool name="forbidSkill" value="false" refParamName="" useRefParam="false"/>
				<bool name="forceForbidding" value="false" refParamName="" useRefParam="false"/>
				<bool name="forbidSkillAndHideBtn" value="false" refParamName="" useRefParam="false"/>
				<bool name="forbidFilterSkill0" value="false" refParamName="" useRefParam="false"/>
				<bool name="forbidFilterSkill1" value="false" refParamName="" useRefParam="false"/>
				<bool name="forbidFilterSkill2" value="false" refParamName="" useRefParam="false"/>
				<bool name="forbidFilterSkill3" value="false" refParamName="" useRefParam="false"/>
				<bool name="forbidFilterSkill4" value="false" refParamName="" useRefParam="false"/>
				<bool name="forbidFilterSkill5" value="false" refParamName="" useRefParam="false"/>
				<bool name="forbidFilterSkill6" value="false" refParamName="" useRefParam="false"/>
				<bool name="forbidFilterSkill7" value="false" refParamName="" useRefParam="false"/>
				<bool name="forbidFilterSkill8" value="false" refParamName="" useRefParam="false"/>
				<bool name="forbidFilterSkill9" value="false" refParamName="" useRefParam="false"/>
				<bool name="forbidFilterSkill10" value="false" refParamName="" useRefParam="false"/>
				<bool name="forbidFilterSkill11" value="false" refParamName="" useRefParam="false"/>
				<bool name="forbidFilterSummonerSkill" value="false" refParamName="" useRefParam="false"/>
				<bool name="forbidFilterMapSkill" value="false" refParamName="" useRefParam="false"/>
				<bool name="forbidFilterEquipActiveSkill" value="false" refParamName="" useRefParam="false"/>
				<bool name="forbidFilterActiveSkill" value="false" refParamName="" useRefParam="false"/>
				<bool name="forbidSkillAbort" value="true" refParamName="" useRefParam="false"/>
				<bool name="abortFilterSkill0" value="false" refParamName="" useRefParam="false"/>
				<bool name="abortFilterSkill1" value="false" refParamName="" useRefParam="false"/>
				<bool name="abortFilterSkill2" value="false" refParamName="" useRefParam="false"/>
				<bool name="abortFilterSkill3" value="false" refParamName="" useRefParam="false"/>
				<bool name="abortFilterSkill4" value="false" refParamName="" useRefParam="false"/>
				<bool name="abortFilterSkill5" value="false" refParamName="" useRefParam="false"/>
				<bool name="abortFilterSkill7" value="false" refParamName="" useRefParam="false"/>
				<bool name="abortFilterSkill8" value="false" refParamName="" useRefParam="false"/>
				<bool name="abortFilterSkill9" value="false" refParamName="" useRefParam="false"/>
				<bool name="abortFilterSkill10" value="false" refParamName="" useRefParam="false"/>
				<bool name="abortFilterSkill11" value="false" refParamName="" useRefParam="false"/>
				<bool name="abortFilterMove" value="false" refParamName="" useRefParam="false"/>
				<bool name="abortFilterDamage" value="false" refParamName="" useRefParam="false"/>
				<bool name="forbidMoveRotate" value="false" refParamName="" useRefParam="false"/>
				<bool name="delaySkillAbort" value="true" refParamName="" useRefParam="false"/>
				<Enum name="protectAbortLevel" value="0" refParamName="" useRefParam="false">
					<uint name="不保护"/>
					<uint name="保护延迟打断"/>
					<uint name="保护强制打断"/>
				</Enum>
				<bool name="ImmuneNegative" value="false" refParamName="" useRefParam="false"/>
				<bool name="ImmuneControl" value="false" refParamName="" useRefParam="false"/>
				<bool name="forbidEnergyRecover" value="false" refParamName="" useRefParam="false"/>
				<bool name="MoveIgnoreObstructArea" value="false" refParamName="" useRefParam="false"/>
				<bool name="forbidCollisionDetection" value="false" refParamName="" useRefParam="false"/>
				<bool name="ImmuneSkillSelect" value="false" refParamName="" useRefParam="false"/>
				<bool name="bReplaceHPBarImmuneSelect" value="false" refParamName="" useRefParam="false"/>
				<bool name="forbidCallBoss" value="false" refParamName="" useRefParam="false"/>
				<bool name="forbidExtraBtnSlot1" value="false" refParamName="" useRefParam="false"/>
				<bool name="bForceClearSkillIndicator" value="false" refParamName="" useRefParam="false"/>
			</Event>
		</Track>
		<Track trackName="SkillInputCacheDuration0" eventType="SkillInputCacheDuration" guid="70f6e72d-653b-44a8-a8c9-50ec9a2402b9" enabled="true" refParamName="" useRefParam="false" r="0.000" g="0.967" b="1.000" execOnForceStopped="false" execOnActionCompleted="false" stopAfterLastEvent="true">
			<Event eventName="SkillInputCacheDuration" time="0.000" length="0.267" isDuration="true">
				<TemplateObject name="targetId" objectName="self" id="0" isTemp="false" refParamName="" useRefParam="false"/>
				<bool name="cacheSkill" value="true" refParamName="" useRefParam="false"/>
				<bool name="bReturnCacheWhenLeaving" value="false" refParamName="" useRefParam="false"/>
				<bool name="forceCacheSkill" value="false" refParamName="" useRefParam="false"/>
				<bool name="notForceCacheSkill0" value="false" refParamName="" useRefParam="false"/>
				<bool name="notForceCacheSkill1" value="false" refParamName="" useRefParam="false"/>
				<bool name="notForceCacheSkill2" value="false" refParamName="" useRefParam="false"/>
				<bool name="notForceCacheSkill3" value="false" refParamName="" useRefParam="false"/>
				<bool name="notForceCacheSkill4" value="false" refParamName="" useRefParam="false"/>
				<bool name="notForceCacheSkill5" value="false" refParamName="" useRefParam="false"/>
				<bool name="notForceCacheSkill6" value="false" refParamName="" useRefParam="false"/>
				<bool name="notForceCacheSkill7" value="false" refParamName="" useRefParam="false"/>
				<bool name="notForceCacheSkill8" value="false" refParamName="" useRefParam="false"/>
				<bool name="notForceCacheSkill9" value="false" refParamName="" useRefParam="false"/>
				<bool name="notForceCacheSkill10" value="false" refParamName="" useRefParam="false"/>
				<bool name="notForceCacheSkill11" value="false" refParamName="" useRefParam="false"/>
				<bool name="bCacheSkillReCalcLock" value="true" refParamName="" useRefParam="false"/>
				<bool name="cacheMove" value="false" refParamName="" useRefParam="false"/>
				<bool name="forceCacheMove" value="false" refParamName="" useRefParam="false"/>
				<bool name="checkMoveAbortCurSkill" value="false" refParamName="" useRefParam="false"/>
				<bool name="checkNoMove" value="false" refParamName="" useRefParam="false"/>
				<String name="OutputCacheMoveDirName" value="" refParamName="" useRefParam="false"/>
				<int name="delayFrame" value="0" refParamName="" useRefParam="false"/>
				<bool name="clearCacheMoveWhenEntering" value="false" refParamName="" useRefParam="false"/>
				<bool name="clearCacheMoveWhenLeaving" value="false" refParamName="" useRefParam="false"/>
			</Event>
		</Track>
		<Track trackName="SkillInputCacheDuration2" eventType="SkillInputCacheDuration" guid="096ef1d2-38fc-4cea-85a6-443268c55c27" enabled="true" refParamName="" useRefParam="false" r="1.000" g="0.650" b="0.000" execOnForceStopped="false" execOnActionCompleted="false" stopAfterLastEvent="true">
			<Event eventName="SkillInputCacheDuration" time="0.167" length="0.100" isDuration="true">
				<TemplateObject name="targetId" objectName="self" id="0" isTemp="false" refParamName="" useRefParam="false"/>
				<bool name="cacheSkill" value="false" refParamName="" useRefParam="false"/>
				<bool name="bReturnCacheWhenLeaving" value="false" refParamName="" useRefParam="false"/>
				<bool name="forceCacheSkill" value="false" refParamName="" useRefParam="false"/>
				<bool name="notForceCacheSkill0" value="false" refParamName="" useRefParam="false"/>
				<bool name="notForceCacheSkill1" value="false" refParamName="" useRefParam="false"/>
				<bool name="notForceCacheSkill2" value="false" refParamName="" useRefParam="false"/>
				<bool name="notForceCacheSkill3" value="false" refParamName="" useRefParam="false"/>
				<bool name="notForceCacheSkill4" value="false" refParamName="" useRefParam="false"/>
				<bool name="notForceCacheSkill5" value="false" refParamName="" useRefParam="false"/>
				<bool name="notForceCacheSkill6" value="false" refParamName="" useRefParam="false"/>
				<bool name="notForceCacheSkill7" value="false" refParamName="" useRefParam="false"/>
				<bool name="notForceCacheSkill8" value="false" refParamName="" useRefParam="false"/>
				<bool name="notForceCacheSkill9" value="false" refParamName="" useRefParam="false"/>
				<bool name="notForceCacheSkill10" value="false" refParamName="" useRefParam="false"/>
				<bool name="notForceCacheSkill11" value="false" refParamName="" useRefParam="false"/>
				<bool name="bCacheSkillReCalcLock" value="false" refParamName="" useRefParam="false"/>
				<bool name="cacheMove" value="true" refParamName="" useRefParam="false"/>
				<bool name="forceCacheMove" value="false" refParamName="" useRefParam="false"/>
				<bool name="checkMoveAbortCurSkill" value="false" refParamName="" useRefParam="false"/>
				<bool name="checkNoMove" value="false" refParamName="" useRefParam="false"/>
				<String name="OutputCacheMoveDirName" value="" refParamName="" useRefParam="false"/>
				<int name="delayFrame" value="0" refParamName="" useRefParam="false"/>
				<bool name="clearCacheMoveWhenEntering" value="false" refParamName="" useRefParam="false"/>
				<bool name="clearCacheMoveWhenLeaving" value="false" refParamName="" useRefParam="false"/>
			</Event>
		</Track>
		<Track trackName="SkillUseCacheTick0" eventType="SkillUseCacheTick" guid="40ba503d-3d6e-4baf-8fff-1ff9d89a4a4d" enabled="true" refParamName="" useRefParam="false" r="0.000" g="1.000" b="0.717" execOnForceStopped="false" execOnActionCompleted="false" stopAfterLastEvent="true">
			<Event eventName="SkillUseCacheTick" time="0.267" isDuration="false">
				<TemplateObject name="targetId" objectName="self" id="0" isTemp="false" refParamName="" useRefParam="false"/>
				<bool name="excuteMoveCmd" value="false" refParamName="" useRefParam="false"/>
				<bool name="immediaRotate" value="false" refParamName="" useRefParam="false"/>
			</Event>
		</Track>
		<Track trackName="SkillCDTriggerTick0" eventType="SkillCDTriggerTick" guid="1ce8b07d-105a-45c3-b70b-a9e0232653fb" enabled="true" refParamName="" useRefParam="false" r="0.217" g="0.000" b="1.000" execOnForceStopped="false" execOnActionCompleted="false" stopAfterLastEvent="true">
			<Event eventName="SkillCDTriggerTick" time="0.000" isDuration="false">
				<TemplateObject name="targetId" objectName="self" id="0" isTemp="false" refParamName="" useRefParam="false"/>
				<bool name="useSlotType" value="false" refParamName="" useRefParam="false"/>
				<Enum name="slotType" value="0" refParamName="" useRefParam="false">
					<uint name="普通"/>
					<uint name="技能1"/>
					<uint name="技能2"/>
					<uint name="技能3"/>
					<uint name="技能4"/>
				</Enum>
				<bool name="forbidTriggerRepeatedly" value="false" refParamName="" useRefParam="false"/>
				<int name="overrideCDValue" value="0" refParamName="" useRefParam="false"/>
				<int name="triggerRatio" value="0" refParamName="" useRefParam="false"/>
			</Event>
		</Track>
		<Track trackName="HitTriggerTick0" eventType="HitTriggerTick" guid="9996623b-28e8-49fe-9bbc-73a5c160d405" enabled="true" refParamName="" useRefParam="false" r="1.000" g="0.917" b="0.000" execOnForceStopped="false" execOnActionCompleted="false" stopAfterLastEvent="true">
			<Event eventName="HitTriggerTick" time="0.000" isDuration="false">
				<TemplateObject name="targetId" objectName="self" id="0" isTemp="false" refParamName="" useRefParam="false"/>
				<TemplateObject name="hitTargetId" objectName="None" id="-1" isTemp="false" refParamName="" useRefParam="false"/>
				<bool name="bInheritRefParams" value="false" refParamName="" useRefParam="false"/>
				<TemplateObject name="triggerId" objectName="self" id="0" isTemp="false" refParamName="" useRefParam="false"/>
				<bool name="bulletHit" value="false" refParamName="" useRefParam="false"/>
				<TemplateObject name="victimId" objectName="None" id="-1" isTemp="false" refParamName="" useRefParam="false"/>
				<bool name="lastHit" value="false" refParamName="" useRefParam="false"/>
				<bool name="bSkillCombineChoose" value="false" refParamName="" useRefParam="false"/>
				<int name="SelfSkillCombineID_1" value="0" refParamName="" useRefParam="false"/>
				<int name="SelfSkillCombineID_2" value="0" refParamName="" useRefParam="false"/>
				<int name="SelfSkillCombineID1Probability" value="0" refParamName="" useRefParam="false"/>
				<int name="SelfSkillCombineID2Probability" value="0" refParamName="" useRefParam="false"/>
				<int name="SelfSkillCombineID3Probability" value="0" refParamName="" useRefParam="false"/>
				<int name="SelfSkillCombineID_3" value="0" refParamName="" useRefParam="false"/>
				<int name="TargetSkillCombine_1" value="0" refParamName="" useRefParam="false"/>
				<int name="TargetSkillCombine_2" value="0" refParamName="" useRefParam="false"/>
				<int name="TargetSkillCombineID1Probability" value="0" refParamName="" useRefParam="false"/>
				<int name="TargetSkillCombineID2Probability" value="0" refParamName="" useRefParam="false"/>
				<int name="TargetSkillCombineID3Probability" value="0" refParamName="" useRefParam="false"/>
				<int name="TargetSkillCombine_3" value="0" refParamName="" useRefParam="false"/>
				<bool name="bCheckSight" value="false" refParamName="" useRefParam="false"/>
				<bool name="bCheckSkillLevel" value="false" refParamName="" useRefParam="false"/>
				<Enum name="refSkillSlot" value="1" refParamName="" useRefParam="false">
					<uint name="普攻"/>
					<uint name="技能1"/>
					<uint name="技能2"/>
					<uint name="技能3"/>
					<uint name="技能4"/>
					<uint name="天赋技能"/>
					<uint name="回城"/>
					<uint name="饰品栏技能"/>
					<uint name=""/>
				</Enum>
				<int name="refSkillLevel" value="0" refParamName="" useRefParam="false"/>
				<Enum name="compareOPType" value="3" refParamName="" useRefParam="false">
					<uint name="不比较"/>
					<uint name="小于"/>
					<uint name="小等于"/>
					<uint name="等于"/>
					<uint name="大于"/>
					<uint name="大等于"/>
					<uint name=""/>
				</Enum>
				<bool name="bExtraBuff" value="false" refParamName="" useRefParam="false"/>
				<bool name="bOverrideParam" value="false" refParamName="" useRefParam="false"/>
				<int name="buffOverrideParam1" value="0" refParamName="" useRefParam="false"/>
				<int name="buffOverrideParam2" value="0" refParamName="" useRefParam="false"/>
				<int name="buffOverrideParam3" value="0" refParamName="" useRefParam="false"/>
				<int name="buffOverrideParam4" value="0" refParamName="" useRefParam="false"/>
				<int name="buffOverrideParam5" value="0" refParamName="" useRefParam="false"/>
				<TemplateObject name="paramTargetId" objectName="None" id="-1" isTemp="false" refParamName="" useRefParam="false"/>
				<TemplateObject name="paramTargetId2" objectName="None" id="-1" isTemp="false" refParamName="" useRefParam="false"/>
				<bool name="bUseTargetToHitTargetAsEffectDir" value="false" refParamName="" useRefParam="false"/>
			</Event>
		</Track>
		<Track trackName="TriggerParticleTick0" eventType="TriggerParticleTick" guid="f8b56772-a4c8-44ab-a40a-fa24f95e2348" enabled="true" refParamName="" useRefParam="false" r="0.133" g="1.000" b="0.000" execOnForceStopped="false" execOnActionCompleted="false" stopAfterLastEvent="true">
			<Event eventName="TriggerParticleTick" time="0.000" isDuration="false">
				<TemplateObject name="targetId" objectName="None" id="-1" isTemp="false" refParamName="" useRefParam="false"/>
				<TemplateObject name="objectSpaceId" objectName="self" id="0" isTemp="false" refParamName="" useRefParam="false"/>
				<uint name="RefLiteBulletID" value="0" refParamName="" useRefParam="false"/>
				<bool name="bDonotAttackToMesh" value="false" refParamName="" useRefParam="false"/>
				<String name="parentResourceName" value="" refParamName="" useRefParam="false"/>
				<String name="resourceName" value="prefab_skill_effects/Hero_Skill_Effects/146_HongFu/14604/146_spell02_01" refParamName="" useRefParam="false"/>
				<String name="resourceName2" value="" refParamName="" useRefParam="false"/>
				<String name="resourceName3" value="" refParamName="" useRefParam="false"/>
				<float name="lifeTime" value="1.000" refParamName="" useRefParam="false"/>
				<bool name="dontShowIfNoBindPoint" value="false" refParamName="" useRefParam="false"/>
				<String name="bindPointName" value="" refParamName="" useRefParam="false"/>
				<Vector3 name="bindPosOffset" x="0.000" y="0.000" z="0.000" refParamName="" useRefParam="false"/>
				<bool name="bIsBindPosYRelateBeHitHeight" value="false" refParamName="" useRefParam="false"/>
				<EulerAngle name="bindRotOffset" x="0.000" y="90.000" z="0.000" refParamName="" useRefParam="false"/>
				<Vector3 name="scaling" x="1.000" y="1.000" z="1.000" refParamName="" useRefParam="false"/>
				<bool name="useScalingInt" value="false" refParamName="" useRefParam="false"/>
				<Vector3i name="scalingInt" x="10000" y="10000" z="10000" refParamName="" useRefParam="false"/>
				<bool name="bUseRealScaling" value="false" refParamName="" useRefParam="false"/>
				<bool name="bOnlyScaleRoot" value="false" refParamName="" useRefParam="false"/>
				<bool name="bEnableOptCull" value="true" refParamName="" useRefParam="false"/>
				<bool name="bUseHeroLocalForward" value="false" refParamName="" useRefParam="false"/>
				<TemplateObject name="lookTargetId" objectName="None" id="-1" isTemp="false" refParamName="" useRefParam="false"/>
				<bool name="bBulletPos" value="false" refParamName="" useRefParam="false"/>
				<bool name="applyActionSpeedToAnimation" value="false" refParamName="" useRefParam="false"/>
				<bool name="bBulletDir" value="false" refParamName="" useRefParam="false"/>
				<bool name="bBullerPosDir" value="false" refParamName="" useRefParam="false"/>
				<bool name="bRandomRotation" value="false" refParamName="" useRefParam="false"/>
				<bool name="b1stTickParentRot" value="false" refParamName="" useRefParam="false"/>
				<EulerAngle name="randRotBegin" x="0.000" y="0.000" z="0.000" refParamName="" useRefParam="false"/>
				<EulerAngle name="randRotEnd" x="0.000" y="0.000" z="0.000" refParamName="" useRefParam="false"/>
				<bool name="bUseTargetSkinEffect" value="false" refParamName="" useRefParam="false"/>
				<int name="particleScaleGrow" value="0" refParamName="" useRefParam="false"/>
				<bool name="applyActionSpeedToParticle" value="true" refParamName="" useRefParam="false"/>
				<int name="extend" value="10" refParamName="" useRefParam="false"/>
				<bool name="bOnlyFollowPos" value="false" refParamName="" useRefParam="false"/>
				<Enum name="ReplacementUsage" value="0" refParamName="" useRefParam="false">
					<uint name="无"/>
					<uint name="回城特效"/>
					<uint name="击杀特效"/>
					<uint name="泉水加速特效"/>
				</Enum>
				<Enum name="ReplacementSubUsage" value="0" refParamName="" useRefParam="false">
					<uint name="无"/>
					<uint name="回城落地特效"/>
				</Enum>
				<bool name="bNoDynamicLod" value="false" refParamName="" useRefParam="false"/>
				<bool name="bMeshResouce" value="false" refParamName="" useRefParam="false"/>
				<bool name="bAllowEmptyEffect" value="false" refParamName="" useRefParam="false"/>
				<bool name="bRotateFollowCamera" value="false" refParamName="" useRefParam="false"/>
				<bool name="bActionCtrlObjs" value="false" refParamName="" useRefParam="false"/>
				<bool name="bInvisibleSelf" value="false" refParamName="" useRefParam="false"/>
				<bool name="bInvisibleEnemy" value="false" refParamName="" useRefParam="false"/>
				<bool name="bInvisibleTeamNotSelf" value="false" refParamName="" useRefParam="false"/>
			</Event>
		</Track>
		<Track trackName="PlayAnimDuration0" eventType="PlayAnimDuration" guid="aea0a916-e3f8-4524-b464-307e531ce3ae" enabled="true" refParamName="" useRefParam="false" r="0.000" g="1.000" b="0.750" execOnForceStopped="false" execOnActionCompleted="false" stopAfterLastEvent="true">
			<Event eventName="PlayAnimDuration" time="0.000" length="0.267" isDuration="true">
				<TemplateObject name="targetId" objectName="self" id="0" isTemp="false" refParamName="" useRefParam="false"/>
				<String name="clipName" value="Spell2_1" refParamName="" useRefParam="false"/>
				<bool name="bDontReplaceSameAnim" value="false" refParamName="" useRefParam="false"/>
				<int name="layer" value="1" refParamName="" useRefParam="false"/>
				<int name="subLayer" value="0" refParamName="" useRefParam="false"/>
				<int name="animatorOverrideLayer" value="-1" refParamName="" useRefParam="false"/>
				<bool name="bLoop" value="false" refParamName="" useRefParam="false"/>
				<float name="crossFadeTime" value="0.100" refParamName="" useRefParam="false"/>
				<bool name="bUseFadeOutTime" value="true" refParamName="" useRefParam="false"/>
				<float name="fadeOutTime" value="0.100" refParamName="" useRefParam="false"/>
				<float name="startTime" value="0.000" refParamName="" useRefParam="false"/>
				<float name="endTime" value="99999.000" refParamName="" useRefParam="false"/>
				<bool name="applyActionSpeed" value="true" refParamName="" useRefParam="false"/>
				<bool name="alwaysAnimate" value="false" refParamName="" useRefParam="false"/>
				<bool name="bKeepOldSpeed" value="false" refParamName="" useRefParam="false"/>
				<bool name="bCanNotBeCulled" value="false" refParamName="" useRefParam="false"/>
				<String name="beginClipName" value="" refParamName="" useRefParam="false"/>
				<bool name="bPlayBeginClipName" value="false" refParamName="" useRefParam="false"/>
				<String name="endClipName" value="" refParamName="" useRefParam="false"/>
				<bool name="bPlayEndClipName" value="false" refParamName="" useRefParam="false"/>
				<bool name="bForcePlay" value="false" refParamName="" useRefParam="false"/>
				<float name="animSpeedRate" value="1.000" refParamName="" useRefParam="false"/>
			</Event>
		</Track>
		<Track trackName="SetActorVisibilityDuration1" eventType="SetActorVisibilityDuration" guid="5029fec8-f8c6-4b8c-99ea-f2d42d312409" enabled="false" refParamName="" useRefParam="false" r="0.000" g="1.000" b="0.433" execOnForceStopped="false" execOnActionCompleted="false" stopAfterLastEvent="true">
			<Event eventName="SetActorVisibilityDuration" time="0.111" length="0.089" isDuration="true">
				<TemplateObject name="targetId" objectName="self" id="0" isTemp="false" refParamName="" useRefParam="false"/>
				<bool name="visible" value="false" refParamName="" useRefParam="false"/>
				<String name="node" value="" refParamName="" useRefParam="false"/>
				<bool name="bAlwaysKeepVisible" value="false" refParamName="" useRefParam="false"/>
				<bool name="bKeepHUDVisible" value="false" refParamName="" useRefParam="false"/>
			</Event>
		</Track>
		<Track trackName="MoveActorDuration0" eventType="MoveActorDuration" guid="af1770d8-3e2f-44a7-aa38-52046bfd9663" enabled="true" refParamName="" useRefParam="false" r="0.333" g="1.000" b="0.000" execOnForceStopped="false" execOnActionCompleted="false" stopAfterLastEvent="true">
			<Event eventName="MoveActorDuration" time="0.000" length="0.100" isDuration="true">
				<Enum name="moveType" value="1" refParamName="" useRefParam="false">
					<uint name="指定目标"/>
					<uint name="指定位置"/>
					<uint name="指定朝向"/>
				</Enum>
				<TemplateObject name="actorId" objectName="self" id="0" isTemp="false" refParamName="" useRefParam="false"/>
				<bool name="bUseSkillDir" value="false" refParamName="" useRefParam="false"/>
				<Vector3i name="specifiedDirection" x="0" y="0" z="0" refParamName="" useRefParam="false"/>
				<bool name="bUseRevertDir" value="false" refParamName="" useRefParam="false"/>
				<TemplateObject name="destId" objectName="None" id="-1" isTemp="false" refParamName="" useRefParam="false"/>
				<bool name="bMoveToRealTimePosition" value="false" refParamName="" useRefParam="false"/>
				<bool name="bLimiteMoveDistance" value="false" refParamName="" useRefParam="false"/>
				<TemplateObject name="forceLookAtTarget" objectName="None" id="-1" isTemp="false" refParamName="" useRefParam="false"/>
				<int name="distanceOffset" value="0" refParamName="" useRefParam="false"/>
				<bool name="bFollow" value="false" refParamName="" useRefParam="false"/>
				<int name="moveDistance" value="10" refParamName="" useRefParam="false"/>
				<int name="minMoveDistance" value="10" refParamName="" useRefParam="false"/>
				<int name="moveSpeed" value="60000" refParamName="" useRefParam="false"/>
				<bool name="bAdjustSpeed" value="false" refParamName="" useRefParam="false"/>
				<int name="acceleration" value="0" refParamName="" useRefParam="false"/>
				<bool name="bSameMovetime" value="false" refParamName="" useRefParam="false"/>
				<Vector3i name="destPos" x="0" y="0" z="0" refParamName="_TargetPos" useRefParam="true"/>
				<bool name="bCurBulletDir" value="false" refParamName="" useRefParam="false"/>
				<bool name="enableRotate" value="true" refParamName="" useRefParam="false"/>
				<int name="rotationTime" value="0" refParamName="" useRefParam="false"/>
				<int name="RandomRange" value="0" refParamName="" useRefParam="false"/>
				<bool name="bIsTeleport2NearstValidPoint" value="false" refParamName="" useRefParam="false"/>
				<int name="checkStepDistance" value="250" refParamName="" useRefParam="false"/>
				<int name="checkIterCount" value="10" refParamName="" useRefParam="false"/>
				<bool name="teleport" value="true" refParamName="" useRefParam="false"/>
				<bool name="IgnoreCollision" value="true" refParamName="" useRefParam="false"/>
				<bool name="bFindBestValidTarget" value="false" refParamName="" useRefParam="false"/>
				<bool name="bForceIgnoreCollision" value="false" refParamName="" useRefParam="false"/>
				<bool name="bRecordPosition" value="false" refParamName="" useRefParam="false"/>
				<bool name="bUseRecordPosition" value="false" refParamName="" useRefParam="false"/>
				<bool name="bUseSpwanObjRecordPosition" value="false" refParamName="" useRefParam="false"/>
				<bool name="bForbidMoveFollowing" value="false" refParamName="" useRefParam="false"/>
				<bool name="bIgnoreAreaLimit" value="false" refParamName="" useRefParam="false"/>
				<bool name="bStayInCurrentPosWhenStop" value="false" refParamName="" useRefParam="false"/>
				<bool name="bImmediateRotate" value="false" refParamName="" useRefParam="false"/>
				<bool name="bUseWithPickFly" value="false" refParamName="" useRefParam="false"/>
				<String name="OutFinalPos" value="" refParamName="" useRefParam="false"/>
				<Enum name="checkType" value="0" refParamName="" useRefParam="false">
					<uint name="移动正常结束"/>
					<uint name="触碰阻挡"/>
					<uint name="结束（包含以上两种情况）"/>
				</Enum>
				<int name="collisionCheckDistanceOffset" value="0" refParamName="" useRefParam="false"/>
				<int name="collisionCheckWidth" value="0" refParamName="" useRefParam="false"/>
				<bool name="bInteruptOtherMove" value="true" refParamName="" useRefParam="false"/>
				<bool name="bProtectInteruptedByOtherMove" value="false" refParamName="" useRefParam="false"/>
				<bool name="bIsAreaLimitedToBeMoveDone" value="true" refParamName="" useRefParam="false"/>
				<bool name="bUseDefaultPathMesh" value="false" refParamName="" useRefParam="false"/>
				<int name="delayTime" value="0" refParamName="" useRefParam="false"/>
			</Event>
		</Track>
		<Track trackName="SpawnObjectDuration0" eventType="SpawnObjectDuration" guid="ba3a51f3-ae2f-4e32-a9c5-65b9abc41070" enabled="true" refParamName="" useRefParam="false" r="0.000" g="1.000" b="0.150" execOnForceStopped="false" execOnActionCompleted="false" stopAfterLastEvent="true">
			<Event eventName="SpawnObjectDuration" time="0.000" length="0.800" isDuration="true">
				<TemplateObject name="targetId" objectName="bullet" id="2" isTemp="true" refParamName="" useRefParam="false"/>
				<TemplateObject name="parentId" objectName="self" id="0" isTemp="false" refParamName="" useRefParam="false"/>
				<TemplateObject name="objectSpaceId" objectName="self" id="0" isTemp="false" refParamName="" useRefParam="false"/>
				<uint name="RefLiteBulletID" value="0" refParamName="" useRefParam="false"/>
				<bool name="bTargetPosition" value="false" refParamName="" useRefParam="false"/>
				<Vector3i name="targetPosition" x="0" y="0" z="0" refParamName="" useRefParam="false"/>
				<String name="prefabName" value="prefab_characters/commonempty" refParamName="" useRefParam="false"/>
				<bool name="bMoveCollision" value="false" refParamName="" useRefParam="false"/>
				<bool name="recreateExisting" value="true" refParamName="" useRefParam="false"/>
				<bool name="superTranslation" value="false" refParamName="" useRefParam="false"/>
				<bool name="modifyTranslation" value="true" refParamName="" useRefParam="false"/>
				<Vector3i name="translation" x="0" y="0" z="0" refParamName="" useRefParam="false"/>
				<bool name="bHeroEffect" value="false" refParamName="" useRefParam="false"/>
				<bool name="bUseIndicatorDir" value="false" refParamName="" useRefParam="false"/>
				<bool name="modifyDirection" value="true" refParamName="" useRefParam="false"/>
				<Enum name="modifyDirUsage" value="0" refParamName="" useRefParam="false">
					<uint name="当[参考对象]有值时不使用"/>
					<uint name="作为本物体朝向"/>
					<uint name="本物体朝向它"/>
					<uint name=""/>
				</Enum>
				<Vector3i name="direction" x="0" y="0" z="0" refParamName="" useRefParam="false"/>
				<bool name="bRotation" value="false" refParamName="" useRefParam="false"/>
				<int name="yRotation" value="0" refParamName="" useRefParam="false"/>
				<bool name="bUseRecordPos" value="false" refParamName="" useRefParam="false"/>
				<bool name="bUseRecordDir" value="false" refParamName="" useRefParam="false"/>
				<bool name="bChangeMaterialWithParent" value="false" refParamName="" useRefParam="false"/>
				<TemplateObject name="materialParentActorId" objectName="None" id="0" isTemp="false" refParamName="" useRefParam="false"/>
				<bool name="modifyScaling" value="false" refParamName="" useRefParam="false"/>
				<Vector3 name="scaling" x="1.000" y="1.000" z="1.000" refParamName="" useRefParam="false"/>
				<bool name="enableLayer" value="false" refParamName="" useRefParam="false"/>
				<int name="layer" value="0" refParamName="" useRefParam="false"/>
				<bool name="enableTag" value="false" refParamName="" useRefParam="false"/>
				<String name="tag" value="" refParamName="" useRefParam="false"/>
				<bool name="applyActionSpeedToAnimation" value="true" refParamName="" useRefParam="false"/>
				<bool name="applyActionSpeedToParticle" value="true" refParamName="" useRefParam="false"/>
				<bool name="bUseSkinAdvance" value="false" refParamName="" useRefParam="false"/>
				<bool name="bSameVisibleAsAttacker" value="false" refParamName="" useRefParam="false"/>
				<bool name="bVisibleByFow" value="true" refParamName="" useRefParam="false"/>
				<int name="sightRadius" value="0" refParamName="" useRefParam="false"/>
				<TemplateObject name="visionActorId" objectName="self" id="0" isTemp="false" refParamName="" useRefParam="false"/>
				<bool name="bRefreshVision" value="false" refParamName="" useRefParam="false"/>
				<bool name="bInvisibleBullet" value="false" refParamName="" useRefParam="false"/>
				<bool name="bForbidBulletInObstacle" value="false" refParamName="" useRefParam="false"/>
				<bool name="bForbidTargetOutOfNavmeshConvexHull" value="false" refParamName="" useRefParam="false"/>
				<bool name="bLayOnNavMesh" value="false" refParamName="" useRefParam="false"/>
				<bool name="bRealTimeSight" value="false" refParamName="" useRefParam="false"/>
				<bool name="bOpenSight" value="false" refParamName="" useRefParam="false"/>
				<bool name="bEnableAnimation" value="false" refParamName="" useRefParam="false"/>
				<bool name="bBlockObj" value="false" refParamName="" useRefParam="false"/>
				<bool name="bUseSkin" value="false" refParamName="" useRefParam="false"/>
				<bool name="bRecordObjPosition" value="false" refParamName="" useRefParam="false"/>
				<TemplateObject name="recordTargeID" objectName="None" id="-1" isTemp="false" refParamName="" useRefParam="false"/>
				<bool name="bOnlyFollowPos" value="false" refParamName="" useRefParam="false"/>
				<TrackObject name="trackId" id="-1" guid="00000000-0000-0000-0000-000000000000" refParamName="" useRefParam="false"/>
			</Event>
		</Track>
		<Track trackName="SetCollisionTick0" eventType="SetCollisionTick" guid="ce97762a-8608-4832-bcbd-6e3860ea7c25" enabled="true" refParamName="" useRefParam="false" r="0.000" g="0.433" b="1.000" execOnForceStopped="false" execOnActionCompleted="false" stopAfterLastEvent="true">
			<Event eventName="SetCollisionTick" time="0.000" isDuration="false">
				<TemplateObject name="targetId" objectName="bullet" id="2" isTemp="false" refParamName="" useRefParam="false"/>
				<Enum name="type" value="2" refParamName="" useRefParam="false">
					<uint name="BOX"/>
					<uint name="SPHERE"/>
					<uint name="CYLINDERSECTOR"/>
				</Enum>
				<bool name="bIsBlockMonsterType" value="false" refParamName="" useRefParam="false"/>
				<bool name="bIsBlockSoliderLine" value="false" refParamName="" useRefParam="false"/>
				<bool name="bIsBlockJungleMonster" value="false" refParamName="" useRefParam="false"/>
				<bool name="bIsBlockSoliderType" value="false" refParamName="" useRefParam="false"/>
				<bool name="bIsBlockPet" value="false" refParamName="" useRefParam="false"/>
				<Enum name="blockCampType" value="0" refParamName="" useRefParam="false">
					<uint name="阻挡敌对阵营"/>
					<uint name="阻挡自己阵营"/>
					<uint name="阻挡所有阵营"/>
				</Enum>
				<bool name="bVaildBlockForSelfTeamHero" value="false" refParamName="" useRefParam="false"/>
				<bool name="bVaildBlockForEnemyTeamHero" value="false" refParamName="" useRefParam="false"/>
				<Vector3i name="Pos" x="0" y="0" z="0" refParamName="" useRefParam="false"/>
				<Vector3i name="Size" x="0" y="0" z="0" refParamName="" useRefParam="false"/>
				<Array name="PosList" refParamName="" useRefParam="false" type="Vector3i"/>
				<int name="Radius" value="0" refParamName="" useRefParam="false"/>
				<int name="SectorRadius" value="3000" refParamName="" useRefParam="false"/>
				<int name="Height" value="10000" refParamName="" useRefParam="false"/>
				<int name="SectorExternalRadiusGrowthValue" value="0" refParamName="" useRefParam="false"/>
				<int name="SectorInnerRadius" value="0" refParamName="" useRefParam="false"/>
				<int name="SectorInnerRadiusGrowthValue" value="0" refParamName="" useRefParam="false"/>
				<int name="Degree" value="360" refParamName="" useRefParam="false"/>
				<int name="Rotation" value="0" refParamName="" useRefParam="false"/>
				<int name="RadiusGrowthValue" value="0" refParamName="" useRefParam="false"/>
				<int name="ExternalRadius" value="0" refParamName="" useRefParam="false"/>
				<int name="ExternalRadiusGrowthValue" value="0" refParamName="" useRefParam="false"/>
				<int name="InnerRadius" value="0" refParamName="" useRefParam="false"/>
				<int name="InnerRadiusGrowthValue" value="0" refParamName="" useRefParam="false"/>
				<bool name="bCheckCollisionY" value="false" refParamName="" useRefParam="false"/>
				<Vector3i name="CollisionScaler" x="0" y="0" z="0" refParamName="" useRefParam="false"/>
			</Event>
		</Track>
		<Track trackName="HitTriggerDuration0" eventType="HitTriggerDuration" guid="13de245c-8966-4a28-8f72-51f62a916545" enabled="true" refParamName="" useRefParam="false" r="1.000" g="0.000" b="0.567" execOnForceStopped="false" execOnActionCompleted="false" stopAfterLastEvent="true">
			<Condition id="11" guid="af1770d8-3e2f-44a7-aa38-52046bfd9663" status="true"/>
			<Event eventName="HitTriggerDuration" time="0.000" length="0.267" isDuration="true">
				<TemplateObject name="triggerId" objectName="bullet" id="2" isTemp="false" refParamName="" useRefParam="false"/>
				<TemplateObject name="attackerId" objectName="self" id="0" isTemp="false" refParamName="" useRefParam="false"/>
				<bool name="bInheritRefParams" value="false" refParamName="" useRefParam="false"/>
				<int name="triggerInterval" value="30" refParamName="" useRefParam="false"/>
				<int name="TriggerActorInterval" value="30" refParamName="" useRefParam="false"/>
				<bool name="bFilterEnemy" value="false" refParamName="" useRefParam="false"/>
				<bool name="bFilterFriend" value="true" refParamName="" useRefParam="false"/>
				<bool name="bFilterCamp" value="false" refParamName="" useRefParam="false"/>
				<int name="filterCamp" value="0" refParamName="" useRefParam="false"/>
				<bool name="bFilterHero" value="false" refParamName="" useRefParam="false"/>
				<bool name="bFileterMonter" value="false" refParamName="" useRefParam="false"/>
				<bool name="bFileterOrgan" value="true" refParamName="" useRefParam="false"/>
				<bool name="bFilterEye" value="true" refParamName="" useRefParam="false"/>
				<bool name="bFilterChest" value="true" refParamName="" useRefParam="false"/>
				<bool name="bFilterMyself" value="true" refParamName="" useRefParam="false"/>
				<bool name="bFilterDead" value="true" refParamName="" useRefParam="false"/>
				<bool name="bFilterHeroPet" value="false" refParamName="" useRefParam="false"/>
				<bool name="bFilterDeadControlHero" value="true" refParamName="" useRefParam="false"/>
				<bool name="bFilterCurrentTarget" value="false" refParamName="" useRefParam="false"/>
				<bool name="bFilterMoveDirection" value="false" refParamName="" useRefParam="false"/>
				<int name="Angle" value="-1" refParamName="" useRefParam="false"/>
				<bool name="bOnlyOneKillActor" value="false" refParamName="" useRefParam="false"/>
				<bool name="bOnlyBigMonster" value="false" refParamName="" useRefParam="false"/>
				<bool name="bOnlyMe" value="false" refParamName="" useRefParam="false"/>
				<bool name="bOnlyBullet" value="false" refParamName="" useRefParam="false"/>
				<TemplateObject name="bulletID" objectName="None" id="-1" isTemp="false" refParamName="" useRefParam="false"/>
				<bool name="bFilterCantAttack" value="false" refParamName="" useRefParam="false"/>
				<bool name="bFilterSpecialType1" value="true" refParamName="" useRefParam="false"/>
				<bool name="bFilterSpecialType2" value="true" refParamName="" useRefParam="false"/>
				<bool name="bOnlyBeControledActor" value="false" refParamName="" useRefParam="false"/>
				<bool name="bOnlyPet" value="false" refParamName="" useRefParam="false"/>
				<bool name="bOnlyAttackerPet" value="false" refParamName="" useRefParam="false"/>
				<bool name="bOnlyDeadOrgan" value="false" refParamName="" useRefParam="false"/>
				<bool name="bFilterCanntAttackOrgan" value="true" refParamName="" useRefParam="false"/>
				<int name="TriggerActorCount" value="32" refParamName="" useRefParam="false"/>
				<Enum name="SelectMode" value="0" refParamName="" useRefParam="false">
					<uint name="随机选择"/>
					<uint name="血量选择"/>
					<uint name="按眼的规则选择"/>
				</Enum>
				<bool name="bIsUnifiedListSelect" value="false" refParamName="" useRefParam="false"/>
				<int name="CollideMaxCount" value="1" refParamName="" useRefParam="false"/>
				<int name="MaxTriggerCount" value="-1" refParamName="" useRefParam="false"/>
				<int name="MaxSelfBuffCount" value="-1" refParamName="" useRefParam="false"/>
				<int name="MaxTargetBuffCount" value="-1" refParamName="" useRefParam="false"/>
				<bool name="bTotalHitCount" value="false" refParamName="" useRefParam="false"/>
				<bool name="bEdgeCheck" value="false" refParamName="" useRefParam="false"/>
				<bool name="bExtraBuff" value="false" refParamName="" useRefParam="false"/>
				<int name="SelfSkillCombineID_1" value="0" refParamName="" useRefParam="false"/>
				<int name="SelfSkillCombineID_2" value="0" refParamName="" useRefParam="false"/>
				<int name="SelfSkillCombineID_3" value="0" refParamName="" useRefParam="false"/>
				<int name="TargetSkillCombine_1" value="146200" refParamName="" useRefParam="false"/>
				<bool name="TargetSkillLeaveRemove_1" value="false" refParamName="" useRefParam="false"/>
				<int name="TargetSkillCombine_2" value="0" refParamName="" useRefParam="false"/>
				<bool name="TargetSkillLeaveRemove_2" value="false" refParamName="" useRefParam="false"/>
				<int name="TargetSkillCombine_3" value="146900" refParamName="" useRefParam="false"/>
				<bool name="TargetSkillLeaveRemove_3" value="false" refParamName="" useRefParam="false"/>
				<bool name="bTriggerBullet" value="true" refParamName="" useRefParam="false"/>
				<String name="BulletActionName" value="" refParamName="" useRefParam="false"/>
				<bool name="bAgeImmeExcute" value="false" refParamName="" useRefParam="false"/>
				<bool name="bUseTriggerObj" value="true" refParamName="" useRefParam="false"/>
				<bool name="bForceUseTriggerObj" value="false" refParamName="" useRefParam="false"/>
				<bool name="bCheckSight" value="false" refParamName="" useRefParam="false"/>
				<bool name="bTriggerMode" value="false" refParamName="" useRefParam="false"/>
				<bool name="bTriggerBounceBullet" value="false" refParamName="" useRefParam="false"/>
				<bool name="bCheckSkillLevel" value="false" refParamName="" useRefParam="false"/>
				<Enum name="refSkillSlot" value="1" refParamName="" useRefParam="false">
					<uint name="普攻"/>
					<uint name="技能1"/>
					<uint name="技能2"/>
					<uint name="技能3"/>
					<uint name="技能4"/>
					<uint name="天赋技能"/>
					<uint name="回城"/>
					<uint name="饰品栏技能"/>
					<uint name=""/>
				</Enum>
				<int name="refSkillLevel" value="0" refParamName="" useRefParam="false"/>
				<Enum name="compareOPType" value="3" refParamName="" useRefParam="false">
					<uint name="不比较"/>
					<uint name="小于"/>
					<uint name="小等于"/>
					<uint name="等于"/>
					<uint name="大于"/>
					<uint name="大等于"/>
					<uint name=""/>
				</Enum>
				<bool name="bFilterMajorMonster" value="false" refParamName="" useRefParam="false"/>
				<bool name="bFilterMinorMonster" value="false" refParamName="" useRefParam="false"/>
				<bool name="bFilterSoldier" value="false" refParamName="" useRefParam="false"/>
				<bool name="bFilterOtherMonster" value="false" refParamName="" useRefParam="false"/>
				<bool name="bAddEffectCount" value="true" refParamName="" useRefParam="false"/>
				<bool name="bOverrideParam" value="false" refParamName="" useRefParam="false"/>
				<int name="buffOverrideParam1" value="0" refParamName="" useRefParam="false"/>
				<int name="buffOverrideParam2" value="0" refParamName="" useRefParam="false"/>
				<int name="buffOverrideParam3" value="0" refParamName="" useRefParam="false"/>
				<int name="buffOverrideParam4" value="0" refParamName="" useRefParam="false"/>
				<int name="buffOverrideParam5" value="0" refParamName="" useRefParam="false"/>
			</Event>
		</Track>
		<Track trackName="PlayHeroSoundTick10" eventType="PlayHeroSoundTick" guid="8c38dce4-2c6f-42f3-a3b0-241d5d038c57" enabled="true" refParamName="" useRefParam="false" r="0.000" g="0.500" b="1.000" execOnForceStopped="false" execOnActionCompleted="false" stopAfterLastEvent="true">
			<Event eventName="PlayHeroSoundTick" time="0.000" isDuration="false">
				<TemplateObject name="targetId" objectName="self" id="0" isTemp="false" refParamName="" useRefParam="false"/>
				<TemplateObject name="sourceId" objectName="self" id="0" isTemp="false" refParamName="" useRefParam="false"/>
				<String name="eventName" value="Play_146_Zill_Skill_B_Skin4" refParamName="" useRefParam="false"/>
				<bool name="use1P3PSwitch" value="true" refParamName="" useRefParam="false"/>
				<bool name="useSkinSwitch" value="true" refParamName="" useRefParam="false"/>
				<Array name="extraSkinId" refParamName="" useRefParam="false" type="uint"/>
			</Event>
		</Track>
		<Track trackName="TriggerParticleTick0" eventType="TriggerParticleTick" guid="6cb559b2-48c4-4c13-a06b-10059733b839" enabled="true" refParamName="" useRefParam="false" r="0.000" g="1.000" b="0.233" execOnForceStopped="false" execOnActionCompleted="false" stopAfterLastEvent="true">
			<Condition id="11" guid="af1770d8-3e2f-44a7-aa38-52046bfd9663" status="true"/>
			<Event eventName="TriggerParticleTick" time="0.000" isDuration="false">
				<TemplateObject name="targetId" objectName="None" id="-1" isTemp="false" refParamName="" useRefParam="false"/>
				<TemplateObject name="objectSpaceId" objectName="self" id="0" isTemp="false" refParamName="" useRefParam="false"/>
				<uint name="RefLiteBulletID" value="0" refParamName="" useRefParam="false"/>
				<bool name="bDonotAttackToMesh" value="false" refParamName="" useRefParam="false"/>
				<String name="parentResourceName" value="" refParamName="" useRefParam="false"/>
				<String name="resourceName" value="prefab_skill_effects/Hero_Skill_Effects/146_HongFu/14604/146_spell02_02" refParamName="" useRefParam="false"/>
				<String name="resourceName2" value="" refParamName="" useRefParam="false"/>
				<String name="resourceName3" value="" refParamName="" useRefParam="false"/>
				<float name="lifeTime" value="1.000" refParamName="" useRefParam="false"/>
				<bool name="dontShowIfNoBindPoint" value="false" refParamName="" useRefParam="false"/>
				<String name="bindPointName" value="" refParamName="" useRefParam="false"/>
				<Vector3 name="bindPosOffset" x="0.000" y="0.000" z="0.000" refParamName="" useRefParam="false"/>
				<bool name="bIsBindPosYRelateBeHitHeight" value="false" refParamName="" useRefParam="false"/>
				<EulerAngle name="bindRotOffset" x="0.000" y="90.000" z="0.000" refParamName="" useRefParam="false"/>
				<Vector3 name="scaling" x="1.000" y="1.000" z="1.000" refParamName="" useRefParam="false"/>
				<bool name="useScalingInt" value="false" refParamName="" useRefParam="false"/>
				<Vector3i name="scalingInt" x="10000" y="10000" z="10000" refParamName="" useRefParam="false"/>
				<bool name="bUseRealScaling" value="false" refParamName="" useRefParam="false"/>
				<bool name="bOnlyScaleRoot" value="false" refParamName="" useRefParam="false"/>
				<bool name="bEnableOptCull" value="true" refParamName="" useRefParam="false"/>
				<bool name="bUseHeroLocalForward" value="false" refParamName="" useRefParam="false"/>
				<TemplateObject name="lookTargetId" objectName="None" id="-1" isTemp="false" refParamName="" useRefParam="false"/>
				<bool name="bBulletPos" value="false" refParamName="" useRefParam="false"/>
				<bool name="applyActionSpeedToAnimation" value="false" refParamName="" useRefParam="false"/>
				<bool name="bBulletDir" value="false" refParamName="" useRefParam="false"/>
				<bool name="bBullerPosDir" value="false" refParamName="" useRefParam="false"/>
				<bool name="bRandomRotation" value="false" refParamName="" useRefParam="false"/>
				<bool name="b1stTickParentRot" value="false" refParamName="" useRefParam="false"/>
				<EulerAngle name="randRotBegin" x="0.000" y="0.000" z="0.000" refParamName="" useRefParam="false"/>
				<EulerAngle name="randRotEnd" x="0.000" y="0.000" z="0.000" refParamName="" useRefParam="false"/>
				<bool name="bUseTargetSkinEffect" value="false" refParamName="" useRefParam="false"/>
				<int name="particleScaleGrow" value="0" refParamName="" useRefParam="false"/>
				<bool name="applyActionSpeedToParticle" value="true" refParamName="" useRefParam="false"/>
				<int name="extend" value="10" refParamName="" useRefParam="false"/>
				<bool name="bOnlyFollowPos" value="false" refParamName="" useRefParam="false"/>
				<Enum name="ReplacementUsage" value="0" refParamName="" useRefParam="false">
					<uint name="无"/>
					<uint name="回城特效"/>
					<uint name="击杀特效"/>
					<uint name="泉水加速特效"/>
				</Enum>
				<Enum name="ReplacementSubUsage" value="0" refParamName="" useRefParam="false">
					<uint name="无"/>
					<uint name="回城落地特效"/>
				</Enum>
				<bool name="bNoDynamicLod" value="false" refParamName="" useRefParam="false"/>
				<bool name="bMeshResouce" value="false" refParamName="" useRefParam="false"/>
				<bool name="bAllowEmptyEffect" value="false" refParamName="" useRefParam="false"/>
				<bool name="bRotateFollowCamera" value="false" refParamName="" useRefParam="false"/>
				<bool name="bActionCtrlObjs" value="false" refParamName="" useRefParam="false"/>
				<bool name="bInvisibleSelf" value="false" refParamName="" useRefParam="false"/>
				<bool name="bInvisibleEnemy" value="false" refParamName="" useRefParam="false"/>
				<bool name="bInvisibleTeamNotSelf" value="false" refParamName="" useRefParam="false"/>
			</Event>
		</Track>
		<Track trackName="PlayAnimDuration0" eventType="PlayAnimDuration" guid="4f419e57-bb1c-4b89-9d88-024725577df8" enabled="true" refParamName="" useRefParam="false" r="1.000" g="0.000" b="0.967" execOnForceStopped="false" execOnActionCompleted="false" stopAfterLastEvent="true">
			<Condition id="11" guid="af1770d8-3e2f-44a7-aa38-52046bfd9663" status="true"/>
			<Event eventName="PlayAnimDuration" time="0.000" length="1.000" isDuration="true">
				<TemplateObject name="targetId" objectName="self" id="0" isTemp="false" refParamName="" useRefParam="false"/>
				<String name="clipName" value="Spell2_2" refParamName="" useRefParam="false"/>
				<bool name="bDontReplaceSameAnim" value="false" refParamName="" useRefParam="false"/>
				<int name="layer" value="1" refParamName="" useRefParam="false"/>
				<int name="subLayer" value="0" refParamName="" useRefParam="false"/>
				<int name="animatorOverrideLayer" value="-1" refParamName="" useRefParam="false"/>
				<bool name="bLoop" value="false" refParamName="" useRefParam="false"/>
				<float name="crossFadeTime" value="0.100" refParamName="" useRefParam="false"/>
				<bool name="bUseFadeOutTime" value="false" refParamName="" useRefParam="false"/>
				<float name="fadeOutTime" value="0.000" refParamName="" useRefParam="false"/>
				<float name="startTime" value="0.000" refParamName="" useRefParam="false"/>
				<float name="endTime" value="99999.000" refParamName="" useRefParam="false"/>
				<bool name="applyActionSpeed" value="true" refParamName="" useRefParam="false"/>
				<bool name="alwaysAnimate" value="false" refParamName="" useRefParam="false"/>
				<bool name="bKeepOldSpeed" value="false" refParamName="" useRefParam="false"/>
				<bool name="bCanNotBeCulled" value="false" refParamName="" useRefParam="false"/>
				<String name="beginClipName" value="" refParamName="" useRefParam="false"/>
				<bool name="bPlayBeginClipName" value="false" refParamName="" useRefParam="false"/>
				<String name="endClipName" value="" refParamName="" useRefParam="false"/>
				<bool name="bPlayEndClipName" value="false" refParamName="" useRefParam="false"/>
				<bool name="bForcePlay" value="false" refParamName="" useRefParam="false"/>
				<float name="animSpeedRate" value="1.000" refParamName="" useRefParam="false"/>
			</Event>
		</Track>
		<Track trackName="PlayHeroSoundTick1" eventType="PlayHeroSoundTick" guid="e8be191a-acdc-4719-aed9-3956ee6518fe" enabled="true" refParamName="" useRefParam="false" r="0.233" g="1.000" b="0.000" execOnForceStopped="false" execOnActionCompleted="false" stopAfterLastEvent="true">
			<Event eventName="PlayHeroSoundTick" time="0.000" isDuration="false">
				<TemplateObject name="targetId" objectName="self" id="0" isTemp="false" refParamName="" useRefParam="false"/>
				<TemplateObject name="sourceId" objectName="self" id="0" isTemp="false" refParamName="" useRefParam="false"/>
				<String name="eventName" value="Play_146_Luna_VOX_Skill_B_Skin4" refParamName="" useRefParam="false"/>
				<bool name="use1P3PSwitch" value="true" refParamName="" useRefParam="false"/>
				<bool name="useSkinSwitch" value="true" refParamName="" useRefParam="false"/>
				<Array name="extraSkinId" refParamName="" useRefParam="false" type="uint"/>
			</Event>
		</Track>
		<Track trackName="SetCameraHeightDuration0" eventType="SetCameraHeightDuration" guid="a0884f9f-1498-46e0-aa2c-9b254abdf5e0" enabled="false" refParamName="" useRefParam="false" r="0.000" g="1.000" b="0.217" execOnForceStopped="false" execOnActionCompleted="false" stopAfterLastEvent="true">
			<Event eventName="SetCameraHeightDuration" time="0.261" length="0.167" isDuration="true">
				<int name="slerpTick" value="50" refParamName="" useRefParam="false"/>
				<bool name="cutBackOnExit" value="true" refParamName="" useRefParam="false"/>
				<float name="heightRate" value="1.030" refParamName="" useRefParam="false"/>
				<bool name="bOverride" value="false" refParamName="" useRefParam="false"/>
				<bool name="leftTimeSlerpBack" value="true" refParamName="" useRefParam="false"/>
				<bool name="exitKeepCurrentValue" value="false" refParamName="" useRefParam="false"/>
				<bool name="isSlerpBackWhenInterrupted" value="false" refParamName="" useRefParam="false"/>
				<int name="slerpBackTick" value="500" refParamName="" useRefParam="false"/>
				<bool name="heightRateCanLowerThanOne" value="false" refParamName="" useRefParam="false"/>
			</Event>
		</Track>
		<Track trackName="CameraEasingDuration0" eventType="CameraEasingDuration" guid="d1c78a4b-9fda-4f08-8107-60c2cf803730" enabled="false" refParamName="" useRefParam="false" r="0.000" g="0.483" b="1.000" execOnForceStopped="false" execOnActionCompleted="false" stopAfterLastEvent="true">
			<Event eventName="CameraEasingDuration" time="0.000" length="0.267" isDuration="true">
				<TemplateObject name="targetId" objectName="None" id="-1" isTemp="false" refParamName="" useRefParam="false"/>
				<float name="transitionRate" value="0.500" refParamName="" useRefParam="false"/>
				<int name="resetTime" value="267" refParamName="" useRefParam="false"/>
			</Event>
		</Track>
	</Action>
</Project>

