<?xml version="1.0" encoding="utf-8"?>
<Project>
	<TemplateObjectList>
		<TemplateObject objectName="self" id="0" isTemp="false"/>
		<TemplateObject objectName="target" id="1" isTemp="false"/>
	</TemplateObjectList>
	<RefParamList/>
	<Action tag="" length="3.100" loop="false">
		<Track trackName="SkillFuncDuration0" eventType="SkillFuncDuration" guid="a5dd9f3b-0e90-4386-8790-0a5abe004972" enabled="false" useRefParam="false" refParamName="" r="0.000" g="1.000" b="0.783" execOnForceStopped="false" execOnActionCompleted="false" stopAfterLastEvent="true">
			<Event eventName="SkillFuncDuration" time="0.000" length="3.000" isDuration="true">
				<Enum name="SkillFuncType" value="55" refParamName="" useRefParam="false">
					<uint name="物理伤害"/>
					<uint name="法术伤害"/>
					<uint name="真实伤害"/>
					<uint name="回复生命值"/>
					<uint name="增加攻击速度"/>
					<uint name="减少攻击速度"/>
					<uint name="增加移动速度"/>
					<uint name="减少移动速度"/>
					<uint name="提高攻击力"/>
					<uint name="降低攻击力"/>
					<uint name="吸血"/>
					<uint name="增加护甲"/>
					<uint name="减少护甲"/>
					<uint name="增加抗性"/>
					<uint name="减少抗性"/>
					<uint name="免疫效果"/>
					<uint name="减少技能CD"/>
					<uint name="增加法术强度"/>
					<uint name="减少法术强度"/>
					<uint name="增加暴击率"/>
					<uint name="减少暴击率"/>
					<uint name="增加最大生命"/>
					<uint name="减少最大生命"/>
					<uint name="增加物理穿透"/>
					<uint name="减少物理穿透"/>
					<uint name="增加法术穿透"/>
					<uint name="减少法术穿透"/>
					<uint name="护盾"/>
					<uint name="增加技能印记"/>
					<uint name="触发技能印记"/>
					<uint name="免疫伤害"/>
					<uint name="免疫控制"/>
					<uint name="迅速复活"/>
					<uint name="法球效果"/>
					<uint name="驱散效果"/>
					<uint name="物理吸血"/>
					<uint name="法术吸血"/>
					<uint name="伤害免疫率"/>
					<uint name="获取视野效果"/>
					<uint name="隐身效果"/>
					<uint name="伤害输出率效果"/>
					<uint name="韧性率效果"/>
					<uint name="冷却缩减效果"/>
					<uint name="抗暴率效果"/>
					<uint name="条件伤害输出率效果"/>
					<uint name="忽略RVO"/>
					<uint name="生命条件效果"/>
					<uint name="更换血条风格"/>
					<uint name="目标伤害加成效果"/>
					<uint name="击杀经验加成效果"/>
					<uint name="增加经验效果"/>
					<uint name="受控额外效果"/>
					<uint name="免疫暴击效果"/>
					<uint name="限制最大伤害效果"/>
					<uint name="免疫致命伤害效果"/>
					<uint name="改变技能"/>
					<uint name="禁用技能"/>
					<uint name="改变暴击伤害效果"/>
					<uint name="回复能量值"/>
					<uint name="改变护甲穿透率"/>
					<uint name="改变法术穿透率"/>
					<uint name="普攻带法术效果"/>
					<uint name="增加法术强度率"/>
					<uint name="法术强度增益效果"/>
					<uint name="回复增益效果"/>
					<uint name="脱离战斗提速效果"/>
					<uint name="护盾免疫控制"/>
					<uint name="护甲减伤率"/>
					<uint name="生命低时额外伤害"/>
					<uint name="致盲"/>
					<uint name="移除技能效果"/>
					<uint name="击杀金币加成效果"/>
					<uint name="技能额外伤害效果"/>
					<uint name="改变被动技能参数"/>
					<uint name="改变狂意值"/>
					<uint name="现形效果"/>
					<uint name="增加能量值"/>
					<uint name="增加怒气值"/>
					<uint name="改变法球槽位"/>
					<uint name="根据护甲值增加攻击力"/>
					<uint name="格挡伤害"/>
					<uint name="增大视野半径"/>
					<uint name="单个技能吸血"/>
					<uint name="反弹"/>
					<uint name="伤害触发技能效果"/>
					<uint name="减少复活时间"/>
					<uint name="减少法术伤害"/>
					<uint name="免疫角色技能"/>
					<uint name="槽位伤害加成效果"/>
					<uint name="延长技能效果"/>
					<uint name="属性转换"/>
					<uint name="类型伤害加成效果"/>
					<uint name="增加最大法力值"/>
					<uint name="减少最大法力值"/>
				</Enum>
			</Event>
		</Track>
		<Track trackName="ShowComboEffectDuration1" eventType="ShowComboEffectDuration" guid="bd73bbf4-d52a-44cd-bd22-5635b65ba20c" enabled="true" useRefParam="false" refParamName="" r="0.567" g="1.000" b="0.000" execOnForceStopped="false" execOnActionCompleted="false" stopAfterLastEvent="true">
			<Event eventName="ShowComboEffectDuration" time="0.000" length="3.000" isDuration="true">
				<Enum name="slotType" value="2" refParamName="" useRefParam="false">
					<uint name="普攻"/>
					<uint name="技能1"/>
					<uint name="技能2"/>
					<uint name="技能3"/>
					<uint name="技能4"/>
					<uint name="天赋技能"/>
					<uint name="回城"/>
					<uint name="饰品栏技能"/>
				</Enum>
			</Event>
		</Track>
		<Track trackName="ChangeSkillTriggerTick0" eventType="ChangeSkillTriggerTick" guid="145f2810-1987-4a82-906e-554a9b477a92" enabled="true" useRefParam="false" refParamName="" r="1.000" g="0.000" b="0.333" execOnForceStopped="false" execOnActionCompleted="false" stopAfterLastEvent="true">
			<Event eventName="ChangeSkillTriggerTick" time="0.000" isDuration="false">
				<TemplateObject name="targetId" objectName="self" id="0" isTemp="false" refParamName="" useRefParam="false"/>
				<bool name="bCurrentSkill" value="false" refParamName="" useRefParam="false"/>
				<Enum name="slotType" value="2" refParamName="" useRefParam="false">
					<uint name="普攻"/>
					<uint name="技能1"/>
					<uint name="技能2"/>
					<uint name="技能3"/>
					<uint name="技能4"/>
					<uint name="天赋技能"/>
					<uint name="回城"/>
					<uint name="饰品栏技能"/>
					<uint name=""/>
				</Enum>
				<int name="effectTime" value="5000" refParamName="" useRefParam="false"/>
				<int name="recoverSkillID" value="51021" refParamName="" useRefParam="false"/>
				<bool name="bCheckCondition" value="false" refParamName="" useRefParam="false"/>
				<bool name="bOvertimeCD" value="true" refParamName="" useRefParam="false"/>
				<bool name="bSendEvent" value="true" refParamName="" useRefParam="false"/>
				<bool name="bAbort" value="false" refParamName="" useRefParam="false"/>
				<bool name="bUseStop" value="true" refParamName="" useRefParam="false"/>
				<TemplateObject name="attackTargetId" objectName="None" id="-1" isTemp="false" refParamName="" useRefParam="false"/>
				<bool name="bUseSkillLevel" value="false" refParamName="" useRefParam="false"/>
				<int name="changeSkillID" value="51022" refParamName="" useRefParam="false"/>
				<int name="changeSkillID2" value="0" refParamName="" useRefParam="false"/>
				<int name="changeSkillID3" value="0" refParamName="" useRefParam="false"/>
				<int name="changeSkillID4" value="0" refParamName="" useRefParam="false"/>
				<int name="changeSkillID1Probability" value="100" refParamName="" useRefParam="false"/>
				<int name="changeSkillID2Probability" value="100" refParamName="" useRefParam="false"/>
				<int name="changeSkillID3Probability" value="100" refParamName="" useRefParam="false"/>
				<int name="changeSkillID4Probability" value="100" refParamName="" useRefParam="false"/>
				<Enum name="refSkillSlot" value="1" refParamName="" useRefParam="false">
					<uint name="普攻"/>
					<uint name="技能1"/>
					<uint name="技能2"/>
					<uint name="技能3"/>
					<uint name="技能4"/>
					<uint name="天赋技能"/>
					<uint name="回城"/>
					<uint name="饰品栏技能"/>
					<uint name=""/>
				</Enum>
				<int name="level0Id" value="0" refParamName="" useRefParam="false"/>
				<int name="level1Id" value="0" refParamName="" useRefParam="false"/>
				<int name="level2Id" value="0" refParamName="" useRefParam="false"/>
				<int name="level3Id" value="0" refParamName="" useRefParam="false"/>
				<int name="level4Id" value="0" refParamName="" useRefParam="false"/>
				<int name="level5Id" value="0" refParamName="" useRefParam="false"/>
				<int name="level6Id" value="0" refParamName="" useRefParam="false"/>
			</Event>
		</Track>
		<Track trackName="ChangeSkillTriggerTick0" eventType="ChangeSkillTriggerTick" guid="3d6b2fba-758a-423c-ab64-112fa42aea94" enabled="true" useRefParam="false" refParamName="" r="1.000" g="0.000" b="0.500" execOnForceStopped="false" execOnActionCompleted="false" stopAfterLastEvent="true">
			<Event eventName="ChangeSkillTriggerTick" time="3.000" isDuration="false">
				<TemplateObject name="targetId" objectName="self" id="0" isTemp="false" refParamName="" useRefParam="false"/>
				<bool name="bCurrentSkill" value="false" refParamName="" useRefParam="false"/>
				<Enum name="slotType" value="2" refParamName="" useRefParam="false">
					<uint name="普攻"/>
					<uint name="技能1"/>
					<uint name="技能2"/>
					<uint name="技能3"/>
					<uint name="技能4"/>
					<uint name="天赋技能"/>
					<uint name="回城"/>
					<uint name="饰品栏技能"/>
					<uint name=""/>
				</Enum>
				<int name="effectTime" value="-1" refParamName="" useRefParam="false"/>
				<int name="recoverSkillID" value="51021" refParamName="" useRefParam="false"/>
				<bool name="bCheckCondition" value="false" refParamName="" useRefParam="false"/>
				<bool name="bOvertimeCD" value="true" refParamName="" useRefParam="false"/>
				<bool name="bSendEvent" value="true" refParamName="" useRefParam="false"/>
				<bool name="bAbort" value="false" refParamName="" useRefParam="false"/>
				<bool name="bUseStop" value="true" refParamName="" useRefParam="false"/>
				<TemplateObject name="attackTargetId" objectName="None" id="-1" isTemp="false" refParamName="" useRefParam="false"/>
				<bool name="bUseSkillLevel" value="false" refParamName="" useRefParam="false"/>
				<int name="changeSkillID" value="51021" refParamName="" useRefParam="false"/>
				<int name="changeSkillID2" value="0" refParamName="" useRefParam="false"/>
				<int name="changeSkillID3" value="0" refParamName="" useRefParam="false"/>
				<int name="changeSkillID4" value="0" refParamName="" useRefParam="false"/>
				<int name="changeSkillID1Probability" value="100" refParamName="" useRefParam="false"/>
				<int name="changeSkillID2Probability" value="100" refParamName="" useRefParam="false"/>
				<int name="changeSkillID3Probability" value="100" refParamName="" useRefParam="false"/>
				<int name="changeSkillID4Probability" value="100" refParamName="" useRefParam="false"/>
				<Enum name="refSkillSlot" value="1" refParamName="" useRefParam="false">
					<uint name="普攻"/>
					<uint name="技能1"/>
					<uint name="技能2"/>
					<uint name="技能3"/>
					<uint name="技能4"/>
					<uint name="天赋技能"/>
					<uint name="回城"/>
					<uint name="饰品栏技能"/>
					<uint name=""/>
				</Enum>
				<int name="level0Id" value="0" refParamName="" useRefParam="false"/>
				<int name="level1Id" value="0" refParamName="" useRefParam="false"/>
				<int name="level2Id" value="0" refParamName="" useRefParam="false"/>
				<int name="level3Id" value="0" refParamName="" useRefParam="false"/>
				<int name="level4Id" value="0" refParamName="" useRefParam="false"/>
				<int name="level5Id" value="0" refParamName="" useRefParam="false"/>
				<int name="level6Id" value="0" refParamName="" useRefParam="false"/>
			</Event>
		</Track>
	</Action>
</Project>

