<?xml version="1.0" encoding="utf-8"?>
<Project>
	<TemplateObjectList>
		<TemplateObject objectName="self" id="0" isTemp="false"/>
		<TemplateObject objectName="target" id="1" isTemp="false"/>
		<TemplateObject objectName="526pet" id="2" isTemp="false"/>
		<TemplateObject objectName="bullet" id="3" isTemp="true"/>
		<TemplateObject objectName="bullet2" id="4" isTemp="true"/>
	</TemplateObjectList>
	<RefParamList>
		<Vector3i name="targetdir" x="0" y="0" z="0" refParamName="" useRefParam="false"/>
	</RefParamList>
	<Action tag="" length="0.100" loop="false">
		<Track trackName="SetObjBehaviourModeTick0" eventType="SetObjBehaviourModeTick" guid="ab019d5a-ffdc-44c8-80ed-c42c9cafff70" enabled="true" useRefParam="false" refParamName="" r="0.000" g="0.433" b="1.000" execOnForceStopped="false" execOnActionCompleted="false" stopAfterLastEvent="true">
			<Event eventName="SetObjBehaviourModeTick" time="0.000" isDuration="false">
				<TemplateObject name="targetId" objectName="target" id="1" isTemp="false" refParamName="" useRefParam="false"/>
				<Enum name="Mode" value="0" refParamName="" useRefParam="false">
					<uint name="待机状态"/>
					<uint name="死亡状态"/>
					<uint name="普通方向移动"/>
					<uint name="普通终点移动"/>
					<uint name="按下普通攻击键的模式"/>
					<uint name="A方式移动"/>
					<uint name="沿路径攻击"/>
					<uint name="锁定目标攻击"/>
					<uint name="使用技能0（普通攻击）"/>
					<uint name="使用技能1"/>
					<uint name="使用技能2"/>
					<uint name="使用技能3"/>
					<uint name="使用技能4"/>
					<uint name="使用技能5"/>
					<uint name="使用技能6"/>
					<uint name="使用技能7"/>
					<uint name="使用技能9"/>
					<uint name="使用技能10"/>
					<uint name="自动AI模式"/>
					<uint name="战斗结束"/>
					<uint name="失控状态"/>
					<uint name="出生状态"/>
					<uint name="复活状态"/>
				</Enum>
			</Event>
		</Track>
	</Action>
</Project>

