<?xml version="1.0" encoding="utf-8"?>
<Project>
	<TemplateObjectList>
		<TemplateObject objectName="self" id="0" isTemp="false"/>
		<TemplateObject objectName="target" id="1" isTemp="false"/>
		<TemplateObject objectName="number" id="2" isTemp="true"/>
	</TemplateObjectList>
	<RefParamList>
		<Vector3i name="targetdir" x="0" y="0" z="0" refParamName="" useRefParam="false"/>
	</RefParamList>
	<Action tag="" length="0.200" loop="false">
		<Track trackName="CheckSkillCombineConditionTick0" eventType="CheckSkillCombineConditionTick" guid="86088018-8104-4a47-bfaa-f2df0ab91f2e" enabled="true" useRefParam="false" refParamName="" r="0.283" g="1.000" b="0.000" execOnForceStopped="false" execOnActionCompleted="false" stopAfterLastEvent="true">
			<Event eventName="CheckSkillCombineConditionTick" time="0.000" isDuration="false">
				<TemplateObject name="targetId" objectName="target" id="1" isTemp="false" refParamName="" useRefParam="false"/>
				<bool name="bCurrentBuffId" value="false" refParamName="" useRefParam="false"/>
				<int name="skillCombineId" value="526120" refParamName="" useRefParam="false"/>
				<Enum name="checkOPType" value="3" refParamName="" useRefParam="false">
					<uint name="不比较"/>
					<uint name="小于"/>
					<uint name="小等于"/>
					<uint name="等于"/>
					<uint name="大于"/>
					<uint name="大等于"/>
				</Enum>
				<int name="skillCombineLevel" value="0" refParamName="" useRefParam="false"/>
				<TemplateObject name="skillCombineSrcId" objectName="None" id="-1" isTemp="false" refParamName="" useRefParam="false"/>
				<bool name="bCheckSkillMark" value="false" refParamName="" useRefParam="false"/>
			</Event>
		</Track>
		<Track trackName="SkillFuncInstant0" eventType="SkillFuncInstant" guid="9cb7c8fb-f2fe-4a6d-9249-b271484fb8d9" enabled="true" useRefParam="false" refParamName="" r="0.000" g="1.000" b="0.483" execOnForceStopped="false" execOnActionCompleted="false" stopAfterLastEvent="true">
			<Condition id="0" guid="86088018-8104-4a47-bfaa-f2df0ab91f2e" status="true"/>
			<Event eventName="SkillFuncInstant" time="0.000" isDuration="false">
				<Enum name="SkillFuncType" value="1" refParamName="" useRefParam="false">
					<uint name="物理伤害"/>
					<uint name="法术伤害"/>
					<uint name="真实伤害"/>
					<uint name="回复生命值"/>
					<uint name="增加攻击速度"/>
					<uint name="减少攻击速度"/>
					<uint name="增加移动速度"/>
					<uint name="减少移动速度"/>
					<uint name="提高攻击力"/>
					<uint name="降低攻击力"/>
					<uint name="吸血"/>
					<uint name="增加护甲"/>
					<uint name="减少护甲"/>
					<uint name="增加抗性"/>
					<uint name="减少抗性"/>
					<uint name="免疫效果"/>
					<uint name="减少技能CD"/>
					<uint name="增加法术强度"/>
					<uint name="减少法术强度"/>
					<uint name="增加暴击率"/>
					<uint name="减少暴击率"/>
					<uint name="增加最大生命"/>
					<uint name="减少最大生命"/>
					<uint name="增加物理穿透"/>
					<uint name="减少物理穿透"/>
					<uint name="增加法术穿透"/>
					<uint name="减少法术穿透"/>
					<uint name="护盾"/>
					<uint name="增加技能印记"/>
					<uint name="触发技能印记"/>
					<uint name="免疫伤害"/>
					<uint name="免疫控制"/>
					<uint name="迅速复活"/>
					<uint name="法球效果"/>
					<uint name="驱散效果"/>
					<uint name="物理吸血"/>
					<uint name="法术吸血"/>
					<uint name="伤害免疫率"/>
					<uint name="获取视野效果"/>
					<uint name="隐身效果"/>
					<uint name="伤害输出率效果"/>
					<uint name="韧性率效果"/>
					<uint name="冷却缩减效果"/>
					<uint name="抗暴率效果"/>
					<uint name="条件伤害输出率效果"/>
					<uint name="忽略RVO"/>
					<uint name="生命条件效果"/>
					<uint name="更换血条风格"/>
					<uint name="目标伤害加成效果"/>
					<uint name="击杀经验加成效果"/>
					<uint name="增加经验效果"/>
					<uint name="受控额外效果"/>
					<uint name="免疫暴击效果"/>
					<uint name="限制最大伤害效果"/>
					<uint name="免疫致命伤害效果"/>
					<uint name="改变技能"/>
					<uint name="禁用技能"/>
					<uint name="改变暴击伤害效果"/>
					<uint name="回复能量值"/>
					<uint name="改变护甲穿透率"/>
					<uint name="改变法术穿透率"/>
					<uint name="普攻带法术效果"/>
					<uint name="增加法术强度率"/>
					<uint name="法术强度增益效果"/>
					<uint name="回复增益效果"/>
					<uint name="脱离战斗提速效果"/>
					<uint name="护盾免疫控制"/>
					<uint name="护甲减伤率"/>
					<uint name="生命低时额外伤害"/>
					<uint name="致盲（禁止使用）"/>
					<uint name="移除技能效果"/>
					<uint name="击杀金币加成效果"/>
					<uint name="技能额外伤害效果"/>
					<uint name="改变被动技能参数"/>
					<uint name="改变狂意值"/>
					<uint name="现形效果"/>
					<uint name="增加能量值"/>
					<uint name="增加怒气值"/>
					<uint name="改变法球槽位"/>
					<uint name="根据护甲值增加攻击力"/>
					<uint name="格挡伤害"/>
					<uint name="增大视野半径"/>
					<uint name="单个技能吸血"/>
					<uint name="反弹"/>
					<uint name="伤害触发技能效果"/>
					<uint name="减少复活时间"/>
					<uint name="减少法术伤害"/>
					<uint name="免疫角色技能"/>
					<uint name="槽位伤害加成效果"/>
					<uint name="延长技能效果"/>
					<uint name="属性转换"/>
					<uint name="类型伤害加成效果"/>
					<uint name="增加最大法力值"/>
					<uint name="减少最大法力值"/>
					<uint name="改变训诫值"/>
					<uint name="改变锐气值"/>
					<uint name="共享免疫控制"/>
					<uint name="共享伤害"/>
					<uint name="反击普攻伤害"/>
					<uint name="伤害前调整受到伤害"/>
					<uint name="伤害前调整造成伤害"/>
					<uint name="背后攻击暴击"/>
					<uint name="暴击率转化暴击伤害"/>
					<uint name="槽位修改暴击效果"/>
					<uint name="增加金钱效果"/>
					<uint name="改变英雄生命时长"/>
					<uint name="离开攻击者一定范围后清除BUFF"/>
					<uint name="指定目标伤害加成"/>
					<uint name="除目标外免疫控制"/>
					<uint name="减速抵抗"/>
					<uint name="解除减速效果"/>
					<uint name="免疫死亡"/>
					<uint name="能量消耗削减"/>
					<uint name="增加足球能量"/>
					<uint name="特殊效果奉献"/>
					<uint name="增加自定义能量"/>
					<uint name="角色重生"/>
					<uint name="能量获取削减比例"/>
					<uint name="提高生命五回"/>
					<uint name="降低生命五回"/>
					<uint name="提高魔法五回"/>
					<uint name="降低魔法五回"/>
					<uint name="忽略防御效果"/>
					<uint name="属性互相增益效果"/>
					<uint name="主人属性转化给宠物"/>
					<uint name="恐惧效果"/>
					<uint name="限制单次伤害上下限效果"/>
					<uint name="免疫技能选中"/>
					<uint name="消耗法力值抵挡伤害"/>
					<uint name="溢出法力转化护盾"/>
					<uint name="增加自适应伤害"/>
					<uint name="链接伤害"/>
					<uint name="复活时间减少率"/>
					<uint name="额外护盾"/>
					<uint name="生命低时额外护盾"/>
					<uint name="额外治疗"/>
					<uint name="生命低时额外治疗"/>
					<uint name="装备属性万分比加成"/>
				</Enum>
			</Event>
		</Track>
		<Track trackName="CheckSkillCombineConditionTick0" eventType="CheckSkillCombineConditionTick" guid="817add0a-9615-4e53-8b03-9c514b232c93" enabled="true" useRefParam="false" refParamName="" r="1.000" g="0.600" b="0.000" execOnForceStopped="false" execOnActionCompleted="false" stopAfterLastEvent="true">
			<Event eventName="CheckSkillCombineConditionTick" time="0.000" isDuration="false">
				<TemplateObject name="targetId" objectName="target" id="1" isTemp="false" refParamName="" useRefParam="false"/>
				<bool name="bCurrentBuffId" value="false" refParamName="" useRefParam="false"/>
				<int name="skillCombineId" value="526120" refParamName="" useRefParam="false"/>
				<Enum name="checkOPType" value="4" refParamName="" useRefParam="false">
					<uint name="不比较"/>
					<uint name="小于"/>
					<uint name="小等于"/>
					<uint name="等于"/>
					<uint name="大于"/>
					<uint name="大等于"/>
				</Enum>
				<int name="skillCombineLevel" value="0" refParamName="" useRefParam="false"/>
				<TemplateObject name="skillCombineSrcId" objectName="None" id="-1" isTemp="false" refParamName="" useRefParam="false"/>
				<bool name="bCheckSkillMark" value="false" refParamName="" useRefParam="false"/>
			</Event>
		</Track>
		<Track trackName="HitTriggerTick0" eventType="HitTriggerTick" guid="d8f51364-d2c8-46d3-8061-abe61650bef7" enabled="true" useRefParam="false" refParamName="" r="0.100" g="0.000" b="1.000" execOnForceStopped="false" execOnActionCompleted="false" stopAfterLastEvent="true">
			<Condition id="2" guid="817add0a-9615-4e53-8b03-9c514b232c93" status="true"/>
			<Event eventName="HitTriggerTick" time="0.000" isDuration="false">
				<TemplateObject name="targetId" objectName="self" id="0" isTemp="false" refParamName="" useRefParam="false"/>
				<TemplateObject name="hitTargetId" objectName="target" id="1" isTemp="false" refParamName="" useRefParam="false"/>
				<bool name="bulletHit" value="false" refParamName="" useRefParam="false"/>
				<TemplateObject name="victimId" objectName="None" id="-1" isTemp="false" refParamName="" useRefParam="false"/>
				<bool name="lastHit" value="false" refParamName="" useRefParam="false"/>
				<bool name="bSkillCombineChoose" value="false" refParamName="" useRefParam="false"/>
				<int name="SelfSkillCombineID_1" value="0" refParamName="" useRefParam="false"/>
				<int name="SelfSkillCombineID_2" value="0" refParamName="" useRefParam="false"/>
				<int name="SelfSkillCombineID_3" value="0" refParamName="" useRefParam="false"/>
				<int name="SelfSkillCombineID1Probability" value="0" refParamName="" useRefParam="false"/>
				<int name="SelfSkillCombineID2Probability" value="0" refParamName="" useRefParam="false"/>
				<int name="SelfSkillCombineID3Probability" value="0" refParamName="" useRefParam="false"/>
				<int name="TargetSkillCombine_1" value="526121" refParamName="" useRefParam="false"/>
				<int name="TargetSkillCombine_2" value="0" refParamName="" useRefParam="false"/>
				<int name="TargetSkillCombine_3" value="0" refParamName="" useRefParam="false"/>
				<int name="TargetSkillCombineID1Probability" value="0" refParamName="" useRefParam="false"/>
				<int name="TargetSkillCombineID2Probability" value="0" refParamName="" useRefParam="false"/>
				<int name="TargetSkillCombineID3Probability" value="0" refParamName="" useRefParam="false"/>
				<bool name="bCheckSight" value="false" refParamName="" useRefParam="false"/>
				<bool name="bCheckSkillLevel" value="false" refParamName="" useRefParam="false"/>
				<Enum name="refSkillSlot" value="1" refParamName="" useRefParam="false">
					<uint name="普攻"/>
					<uint name="技能1"/>
					<uint name="技能2"/>
					<uint name="技能3"/>
					<uint name="技能4"/>
					<uint name="天赋技能"/>
					<uint name="回城"/>
					<uint name="饰品栏技能"/>
					<uint name=""/>
				</Enum>
				<int name="refSkillLevel" value="0" refParamName="" useRefParam="false"/>
				<Enum name="compareOPType" value="3" refParamName="" useRefParam="false">
					<uint name="不比较"/>
					<uint name="小于"/>
					<uint name="小等于"/>
					<uint name="等于"/>
					<uint name="大于"/>
					<uint name="大等于"/>
					<uint name=""/>
				</Enum>
				<TemplateObject name="triggerId" objectName="None" id="-1" isTemp="false" refParamName="" useRefParam="false"/>
				<bool name="bExtraBuff" value="false" refParamName="" useRefParam="false"/>
				<bool name="bOverrideParam" value="false" refParamName="" useRefParam="false"/>
				<int name="buffOverrideParam1" value="0" refParamName="" useRefParam="false"/>
				<int name="buffOverrideParam2" value="0" refParamName="" useRefParam="false"/>
				<int name="buffOverrideParam3" value="0" refParamName="" useRefParam="false"/>
				<int name="buffOverrideParam4" value="0" refParamName="" useRefParam="false"/>
				<int name="buffOverrideParam5" value="0" refParamName="" useRefParam="false"/>
				<TemplateObject name="paramTargetId" objectName="None" id="-1" isTemp="false" refParamName="" useRefParam="false"/>
				<TemplateObject name="paramTargetId2" objectName="None" id="-1" isTemp="false" refParamName="" useRefParam="false"/>
			</Event>
		</Track>
		<Track trackName="TriggerParticleTick0" eventType="TriggerParticleTick" guid="c353a6ac-180a-497c-abcb-e599185cea5a" enabled="true" useRefParam="false" refParamName="" r="0.233" g="1.000" b="0.000" execOnForceStopped="false" execOnActionCompleted="false" stopAfterLastEvent="true">
			<Event eventName="TriggerParticleTick" time="0.000" isDuration="false">
				<TemplateObject name="targetId" objectName="None" id="-1" isTemp="false" refParamName="" useRefParam="false"/>
				<TemplateObject name="objectSpaceId" objectName="target" id="1" isTemp="false" refParamName="" useRefParam="false"/>
				<bool name="bDonotAttackToMesh" value="false" refParamName="" useRefParam="false"/>
				<String name="parentResourceName" value="" refParamName="" useRefParam="false"/>
				<String name="resourceName" value="prefab_skill_effects/hero_skill_effects/526_Summoner/Summoner_spell01_hurt02" refParamName="" useRefParam="false"/>
				<String name="resourceName2" value="" refParamName="" useRefParam="false"/>
				<String name="resourceName3" value="" refParamName="" useRefParam="false"/>
				<float name="lifeTime" value="1.000" refParamName="" useRefParam="false"/>
				<String name="bindPointName" value="" refParamName="" useRefParam="false"/>
				<bool name="dontShowIfNoBindPoint" value="false" refParamName="" useRefParam="false"/>
				<Vector3 name="bindPosOffset" x="0.000" y="1.000" z="0.000" refParamName="" useRefParam="false"/>
				<EulerAngle name="bindRotOffset" x="0.000" y="0.000" z="0.000" refParamName="" useRefParam="false"/>
				<Vector3 name="scaling" x="1.000" y="1.000" z="1.000" refParamName="" useRefParam="false"/>
				<bool name="bUseRealScaling" value="false" refParamName="" useRefParam="false"/>
				<bool name="bEnableOptCull" value="true" refParamName="" useRefParam="false"/>
				<bool name="bBullerPosDir" value="false" refParamName="" useRefParam="false"/>
				<bool name="bUseHeroLocalForward" value="false" refParamName="" useRefParam="false"/>
				<TemplateObject name="lookTargetId" objectName="None" id="-1" isTemp="false" refParamName="" useRefParam="false"/>
				<bool name="applyActionSpeedToParticle" value="true" refParamName="" useRefParam="false"/>
				<bool name="applyActionSpeedToAnimation" value="false" refParamName="" useRefParam="false"/>
				<int name="extend" value="10" refParamName="" useRefParam="false"/>
				<bool name="bOnlyFollowPos" value="false" refParamName="" useRefParam="false"/>
				<bool name="bRotateFollowCamera" value="false" refParamName="" useRefParam="false"/>
				<bool name="bRandomRotation" value="false" refParamName="" useRefParam="false"/>
				<EulerAngle name="randRotBegin" x="0.000" y="0.000" z="0.000" refParamName="" useRefParam="false"/>
				<EulerAngle name="randRotEnd" x="0.000" y="0.000" z="0.000" refParamName="" useRefParam="false"/>
				<bool name="bUseTargetSkinEffect" value="false" refParamName="" useRefParam="false"/>
				<bool name="bBulletPos" value="false" refParamName="" useRefParam="false"/>
				<bool name="bBulletDir" value="false" refParamName="" useRefParam="false"/>
				<int name="particleScaleGrow" value="0" refParamName="" useRefParam="false"/>
				<Enum name="ReplacementUsage" value="0" refParamName="" useRefParam="false">
					<uint name="无"/>
					<uint name="回城特效"/>
					<uint name="击杀特效"/>
					<uint name="泉水加速特效"/>
				</Enum>
				<Enum name="ReplacementSubUsage" value="0" refParamName="" useRefParam="false">
					<uint name="无"/>
					<uint name="回城落地特效"/>
				</Enum>
				<bool name="bNoDynamicLod" value="false" refParamName="" useRefParam="false"/>
				<bool name="bMeshResouce" value="false" refParamName="" useRefParam="false"/>
				<bool name="bAllowEmptyEffect" value="false" refParamName="" useRefParam="false"/>
			</Event>
		</Track>
		<Track trackName="HitTriggerTick0" eventType="HitTriggerTick" guid="031b6411-28fa-4a93-908b-6017a83e2e3f" enabled="true" useRefParam="false" refParamName="" r="0.000" g="0.967" b="1.000" execOnForceStopped="false" execOnActionCompleted="false" stopAfterLastEvent="true">
			<Event eventName="HitTriggerTick" time="0.000" isDuration="false">
				<TemplateObject name="targetId" objectName="self" id="0" isTemp="false" refParamName="" useRefParam="false"/>
				<TemplateObject name="hitTargetId" objectName="target" id="1" isTemp="false" refParamName="" useRefParam="false"/>
				<bool name="bulletHit" value="false" refParamName="" useRefParam="false"/>
				<TemplateObject name="victimId" objectName="None" id="-1" isTemp="false" refParamName="" useRefParam="false"/>
				<bool name="lastHit" value="false" refParamName="" useRefParam="false"/>
				<bool name="bSkillCombineChoose" value="false" refParamName="" useRefParam="false"/>
				<int name="SelfSkillCombineID_1" value="0" refParamName="" useRefParam="false"/>
				<int name="SelfSkillCombineID_2" value="0" refParamName="" useRefParam="false"/>
				<int name="SelfSkillCombineID_3" value="0" refParamName="" useRefParam="false"/>
				<int name="SelfSkillCombineID1Probability" value="0" refParamName="" useRefParam="false"/>
				<int name="SelfSkillCombineID2Probability" value="0" refParamName="" useRefParam="false"/>
				<int name="SelfSkillCombineID3Probability" value="0" refParamName="" useRefParam="false"/>
				<int name="TargetSkillCombine_1" value="526120" refParamName="" useRefParam="false"/>
				<int name="TargetSkillCombine_2" value="0" refParamName="" useRefParam="false"/>
				<int name="TargetSkillCombine_3" value="0" refParamName="" useRefParam="false"/>
				<int name="TargetSkillCombineID1Probability" value="0" refParamName="" useRefParam="false"/>
				<int name="TargetSkillCombineID2Probability" value="0" refParamName="" useRefParam="false"/>
				<int name="TargetSkillCombineID3Probability" value="0" refParamName="" useRefParam="false"/>
				<bool name="bCheckSight" value="false" refParamName="" useRefParam="false"/>
				<bool name="bCheckSkillLevel" value="false" refParamName="" useRefParam="false"/>
				<Enum name="refSkillSlot" value="1" refParamName="" useRefParam="false">
					<uint name="普攻"/>
					<uint name="技能1"/>
					<uint name="技能2"/>
					<uint name="技能3"/>
					<uint name="技能4"/>
					<uint name="天赋技能"/>
					<uint name="回城"/>
					<uint name="饰品栏技能"/>
					<uint name=""/>
				</Enum>
				<int name="refSkillLevel" value="0" refParamName="" useRefParam="false"/>
				<Enum name="compareOPType" value="3" refParamName="" useRefParam="false">
					<uint name="不比较"/>
					<uint name="小于"/>
					<uint name="小等于"/>
					<uint name="等于"/>
					<uint name="大于"/>
					<uint name="大等于"/>
					<uint name=""/>
				</Enum>
				<TemplateObject name="triggerId" objectName="None" id="-1" isTemp="false" refParamName="" useRefParam="false"/>
				<bool name="bExtraBuff" value="false" refParamName="" useRefParam="false"/>
				<bool name="bOverrideParam" value="false" refParamName="" useRefParam="false"/>
				<int name="buffOverrideParam1" value="0" refParamName="" useRefParam="false"/>
				<int name="buffOverrideParam2" value="0" refParamName="" useRefParam="false"/>
				<int name="buffOverrideParam3" value="0" refParamName="" useRefParam="false"/>
				<int name="buffOverrideParam4" value="0" refParamName="" useRefParam="false"/>
				<int name="buffOverrideParam5" value="0" refParamName="" useRefParam="false"/>
				<TemplateObject name="paramTargetId" objectName="None" id="-1" isTemp="false" refParamName="" useRefParam="false"/>
				<TemplateObject name="paramTargetId2" objectName="None" id="-1" isTemp="false" refParamName="" useRefParam="false"/>
			</Event>
		</Track>
		<Track trackName="FilterTargetType0" eventType="FilterTargetType" guid="288ef7da-1533-4c4f-a666-10e524208c4c" enabled="false" useRefParam="false" refParamName="" r="0.000" g="1.000" b="0.900" execOnForceStopped="false" execOnActionCompleted="false" stopAfterLastEvent="true">
			<Event eventName="FilterTargetType" time="0.000" isDuration="false">
				<TemplateObject name="targetId" objectName="target" id="1" isTemp="false" refParamName="" useRefParam="false"/>
				<bool name="bFilterHero" value="false" refParamName="" useRefParam="false"/>
				<bool name="bFilterMonter" value="true" refParamName="" useRefParam="false"/>
				<bool name="bFilterBoss" value="true" refParamName="" useRefParam="false"/>
				<bool name="bFilterOrgan" value="true" refParamName="" useRefParam="false"/>
				<bool name="bFilterChest" value="true" refParamName="" useRefParam="false"/>
				<bool name="bFilterEye" value="true" refParamName="" useRefParam="false"/>
				<bool name="bFilterPet" value="true" refParamName="" useRefParam="false"/>
				<bool name="bFilterMajorMonster" value="true" refParamName="" useRefParam="false"/>
				<bool name="bFilterMinorMonster" value="true" refParamName="" useRefParam="false"/>
				<bool name="bFilterSoldier" value="true" refParamName="" useRefParam="false"/>
				<bool name="bFilterOtherMonster" value="true" refParamName="" useRefParam="false"/>
				<bool name="bFilterSameCamp" value="true" refParamName="" useRefParam="false"/>
				<bool name="bFilterDiffCamp" value="false" refParamName="" useRefParam="false"/>
				<bool name="bOnlySelf" value="false" refParamName="" useRefParam="false"/>
				<bool name="bOnlyHostHero" value="false" refParamName="" useRefParam="false"/>
				<bool name="bImmediateRevive" value="false" refParamName="" useRefParam="false"/>
				<Enum name="attackType" value="0" refParamName="" useRefParam="false">
					<uint name="所有英雄"/>
					<uint name="近战英雄"/>
					<uint name="远程英雄"/>
				</Enum>
				<bool name="bSelectJob" value="false" refParamName="" useRefParam="false"/>
				<Enum name="jobType" value="0" refParamName="" useRefParam="false">
					<uint name="N/A"/>
					<uint name="坦克"/>
					<uint name="战士"/>
					<uint name="刺客"/>
					<uint name="法师"/>
					<uint name="射手"/>
					<uint name="辅助"/>
					<uint name=""/>
				</Enum>
				<bool name="bFilterGrouped" value="false" refParamName="" useRefParam="false"/>
				<int name="groupActorType" value="0" refParamName="" useRefParam="false"/>
				<int name="groupRadius" value="10000" refParamName="" useRefParam="false"/>
			</Event>
		</Track>
		<Track trackName="CheckSkillCombineConditionTick0" eventType="CheckSkillCombineConditionTick" guid="9a9c30fd-5c35-4a67-af8b-f2d7d335f88d" enabled="false" useRefParam="false" refParamName="" r="1.000" g="0.000" b="0.667" execOnForceStopped="false" execOnActionCompleted="false" stopAfterLastEvent="true">
			<Condition id="6" guid="288ef7da-1533-4c4f-a666-10e524208c4c" status="true"/>
			<Event eventName="CheckSkillCombineConditionTick" time="0.000" isDuration="false">
				<TemplateObject name="targetId" objectName="self" id="0" isTemp="false" refParamName="" useRefParam="false"/>
				<bool name="bCurrentBuffId" value="false" refParamName="" useRefParam="false"/>
				<int name="skillCombineId" value="526101" refParamName="" useRefParam="false"/>
				<Enum name="checkOPType" value="3" refParamName="" useRefParam="false">
					<uint name="不比较"/>
					<uint name="小于"/>
					<uint name="小等于"/>
					<uint name="等于"/>
					<uint name="大于"/>
					<uint name="大等于"/>
				</Enum>
				<int name="skillCombineLevel" value="0" refParamName="" useRefParam="false"/>
				<TemplateObject name="skillCombineSrcId" objectName="None" id="-1" isTemp="false" refParamName="" useRefParam="false"/>
				<bool name="bCheckSkillMark" value="false" refParamName="" useRefParam="false"/>
			</Event>
		</Track>
		<Track trackName="CheckRandomRangeTick0" eventType="CheckRandomRangeTick" guid="b71cd198-a4dd-4191-b9ed-6d838f8d6cbb" enabled="false" useRefParam="false" refParamName="" r="0.767" g="0.000" b="1.000" execOnForceStopped="false" execOnActionCompleted="false" stopAfterLastEvent="true">
			<Condition id="7" guid="9a9c30fd-5c35-4a67-af8b-f2d7d335f88d" status="true"/>
			<Event eventName="CheckRandomRangeTick" time="0.000" isDuration="false">
				<int name="randomRangeBegin" value="0" refParamName="" useRefParam="false"/>
				<int name="randomRangeEnd" value="10" refParamName="" useRefParam="false"/>
				<int name="checkRangeBegin" value="0" refParamName="" useRefParam="false"/>
				<int name="checkRangeEnd" value="2" refParamName="" useRefParam="false"/>
				<bool name="bUsePreCreateRandonNum" value="false" refParamName="" useRefParam="false"/>
				<String name="preCreateRandonNumName" value="number" refParamName="" useRefParam="false"/>
			</Event>
		</Track>
		<Track trackName="SpawnBulletTick0" eventType="SpawnBulletTick" guid="56515688-6a46-45a5-8e73-7f74dd295f54" enabled="false" useRefParam="false" refParamName="" r="0.000" g="0.850" b="1.000" execOnForceStopped="false" execOnActionCompleted="false" stopAfterLastEvent="true">
			<Condition id="8" guid="b71cd198-a4dd-4191-b9ed-6d838f8d6cbb" status="true"/>
			<Event eventName="SpawnBulletTick" time="0.000" isDuration="false">
				<TemplateObject name="targetId" objectName="self" id="0" isTemp="false" refParamName="" useRefParam="false"/>
				<TemplateObject name="targetPosActorId" objectName="None" id="-1" isTemp="true" refParamName="" useRefParam="false"/>
				<TemplateObject name="referenceObjectId" objectName="target" id="1" isTemp="false" refParamName="" useRefParam="false"/>
				<String name="ActionName" value="prefab_characters/prefab_hero/526_Summoner/skill/s1b8" refParamName="" useRefParam="false"/>
				<String name="SpecialActionName" value="" refParamName="" useRefParam="false"/>
				<bool name="bDeadRemove" value="false" refParamName="" useRefParam="false"/>
				<bool name="bImmeExcute" value="true" refParamName="" useRefParam="false"/>
				<bool name="bAgeEternal" value="false" refParamName="" useRefParam="false"/>
				<int name="bulletTypeId" value="526444" refParamName="" useRefParam="false"/>
				<int name="bulletUpperLimit" value="1" refParamName="" useRefParam="false"/>
				<bool name="bSpawnBounceBullet" value="false" refParamName="" useRefParam="false"/>
				<Enum name="bulletSkillType" value="0" refParamName="" useRefParam="false">
					<uint name="默认类型_0"/>
					<uint name="允许特殊打断_1"/>
				</Enum>
				<bool name="bAbort" value="false" refParamName="" useRefParam="false"/>
			</Event>
		</Track>
		<Track trackName="HitTriggerTick0" eventType="HitTriggerTick" guid="7aa7ff5f-d3a1-4bc3-8e78-97cc5c310401" enabled="false" useRefParam="false" refParamName="" r="1.000" g="0.000" b="0.600" execOnForceStopped="false" execOnActionCompleted="false" stopAfterLastEvent="true">
			<Condition id="8" guid="b71cd198-a4dd-4191-b9ed-6d838f8d6cbb" status="true"/>
			<Event eventName="HitTriggerTick" time="0.000" isDuration="false">
				<TemplateObject name="targetId" objectName="self" id="0" isTemp="false" refParamName="" useRefParam="false"/>
				<TemplateObject name="hitTargetId" objectName="None" id="-1" isTemp="false" refParamName="" useRefParam="false"/>
				<bool name="bulletHit" value="false" refParamName="" useRefParam="false"/>
				<TemplateObject name="victimId" objectName="None" id="-1" isTemp="false" refParamName="" useRefParam="false"/>
				<bool name="lastHit" value="false" refParamName="" useRefParam="false"/>
				<bool name="bSkillCombineChoose" value="false" refParamName="" useRefParam="false"/>
				<int name="SelfSkillCombineID_1" value="526101" refParamName="" useRefParam="false"/>
				<int name="SelfSkillCombineID_2" value="0" refParamName="" useRefParam="false"/>
				<int name="SelfSkillCombineID_3" value="0" refParamName="" useRefParam="false"/>
				<int name="SelfSkillCombineID1Probability" value="0" refParamName="" useRefParam="false"/>
				<int name="SelfSkillCombineID2Probability" value="0" refParamName="" useRefParam="false"/>
				<int name="SelfSkillCombineID3Probability" value="0" refParamName="" useRefParam="false"/>
				<int name="TargetSkillCombine_1" value="0" refParamName="" useRefParam="false"/>
				<int name="TargetSkillCombine_2" value="0" refParamName="" useRefParam="false"/>
				<int name="TargetSkillCombine_3" value="0" refParamName="" useRefParam="false"/>
				<int name="TargetSkillCombineID1Probability" value="0" refParamName="" useRefParam="false"/>
				<int name="TargetSkillCombineID2Probability" value="0" refParamName="" useRefParam="false"/>
				<int name="TargetSkillCombineID3Probability" value="0" refParamName="" useRefParam="false"/>
				<bool name="bCheckSight" value="false" refParamName="" useRefParam="false"/>
				<bool name="bCheckSkillLevel" value="false" refParamName="" useRefParam="false"/>
				<Enum name="refSkillSlot" value="1" refParamName="" useRefParam="false">
					<uint name="普攻"/>
					<uint name="技能1"/>
					<uint name="技能2"/>
					<uint name="技能3"/>
					<uint name="技能4"/>
					<uint name="天赋技能"/>
					<uint name="回城"/>
					<uint name="饰品栏技能"/>
					<uint name=""/>
				</Enum>
				<int name="refSkillLevel" value="0" refParamName="" useRefParam="false"/>
				<Enum name="compareOPType" value="3" refParamName="" useRefParam="false">
					<uint name="不比较"/>
					<uint name="小于"/>
					<uint name="小等于"/>
					<uint name="等于"/>
					<uint name="大于"/>
					<uint name="大等于"/>
					<uint name=""/>
				</Enum>
				<TemplateObject name="triggerId" objectName="None" id="-1" isTemp="false" refParamName="" useRefParam="false"/>
				<bool name="bExtraBuff" value="false" refParamName="" useRefParam="false"/>
				<bool name="bOverrideParam" value="false" refParamName="" useRefParam="false"/>
				<int name="buffOverrideParam1" value="0" refParamName="" useRefParam="false"/>
				<int name="buffOverrideParam2" value="0" refParamName="" useRefParam="false"/>
				<int name="buffOverrideParam3" value="0" refParamName="" useRefParam="false"/>
				<int name="buffOverrideParam4" value="0" refParamName="" useRefParam="false"/>
				<int name="buffOverrideParam5" value="0" refParamName="" useRefParam="false"/>
				<TemplateObject name="paramTargetId" objectName="None" id="-1" isTemp="false" refParamName="" useRefParam="false"/>
				<TemplateObject name="paramTargetId2" objectName="None" id="-1" isTemp="false" refParamName="" useRefParam="false"/>
			</Event>
		</Track>
	</Action>
</Project>

